id,label
img_36ef94e7.jpg,Tomato___Tomato_Yellow_Leaf_Curl_Virus
img_59ebf94f.jpg,Grape___Leaf_blight_(Isariopsis_Leaf_Spot)
img_3dc1767d.jpg,Strawberry___Leaf_scorch
img_3a722764.jpg,Corn_(maize)___Northern_Leaf_Blight
img_09ab1aa5.jpg,"Pepper,_bell___healthy"
img_fc7c63dc.jpg,Tomato___Late_blight
img_edd7460a.jpg,Tomato___Septoria_leaf_spot
img_0c99e2d6.jpg,Tomato___Late_blight
img_bd7b4843.jpg,Soybean___healthy
img_2ba32ffe.jpg,Tomato___Bacterial_spot
img_6378ee60.jpg,Apple___Black_rot
img_cc9f5d97.jpg,Orange___Haunglongbing_(Citrus_greening)
img_c2a2454b.jpg,Tomato___healthy
img_514dbca9.jpg,Grape___Leaf_blight_(Isariopsis_Leaf_Spot)
img_7bf7a5f9.jpg,Grape___Leaf_blight_(Isariopsis_Leaf_Spot)
img_7eb07a61.jpg,Peach___Bacterial_spot
img_8ab213c1.jpg,Tomato___Tomato_Yellow_Leaf_Curl_Virus
img_474a7174.jpg,"Pepper,_bell___Bacterial_spot"
img_3614686f.jpg,Soybean___healthy
img_64098d6f.jpg,Strawberry___Leaf_scorch
img_cce5416f.jpg,Grape___Leaf_blight_(Isariopsis_Leaf_Spot)
img_ae4da8cf.jpg,Tomato___Late_blight
img_f729accb.jpg,Soybean___healthy
img_4575a5c7.jpg,Strawberry___Leaf_scorch
img_02ad6d39.jpg,Cherry_(including_sour)___Powdery_mildew
img_d67ee80e.jpg,Squash___Powdery_mildew
img_6b8f86b9.jpg,Blueberry___healthy
img_9cdf7d37.jpg,Grape___healthy
img_54402187.jpg,Tomato___Tomato_Yellow_Leaf_Curl_Virus
img_4c3b54cc.jpg,"Pepper,_bell___healthy"
img_bbefb788.jpg,Orange___Haunglongbing_(Citrus_greening)
img_1147199a.jpg,Tomato___Tomato_Yellow_Leaf_Curl_Virus
img_cbc686fd.jpg,Blueberry___healthy
img_b1988f86.jpg,"Pepper,_bell___healthy"
img_50cce2a6.jpg,Blueberry___healthy
img_e941c61d.jpg,Cherry_(including_sour)___healthy
img_729c17fe.jpg,"Pepper,_bell___Bacterial_spot"
img_0a22d780.jpg,Potato___healthy
img_1f62ba44.jpg,Orange___Haunglongbing_(Citrus_greening)
img_da97c6ac.jpg,Potato___Late_blight
img_7ea93726.jpg,Soybean___healthy
img_76a4acd4.jpg,Orange___Haunglongbing_(Citrus_greening)
img_96f1480d.jpg,Tomato___Spider_mites Two-spotted_spider_mite
img_b43651e6.jpg,Tomato___Early_blight
img_567c600e.jpg,Corn_(maize)___Common_rust_
img_77e63c4a.jpg,Cherry_(including_sour)___Powdery_mildew
img_dfca66a7.jpg,Apple___healthy
img_b69d4c1d.jpg,Tomato___Bacterial_spot
img_efb0adb8.jpg,Strawberry___Leaf_scorch
img_5226841f.jpg,Corn_(maize)___Common_rust_
img_3d1cf713.jpg,Strawberry___healthy
img_aec6789d.jpg,Blueberry___healthy
img_3f36f0d7.jpg,Tomato___Bacterial_spot
img_063520d1.jpg,Orange___Haunglongbing_(Citrus_greening)
img_80cefc8d.jpg,Apple___healthy
img_7bb96d18.jpg,Soybean___healthy
img_dbbe1876.jpg,Orange___Haunglongbing_(Citrus_greening)
img_62416efc.jpg,Tomato___healthy
img_88e2619b.jpg,Tomato___healthy
img_887939a6.jpg,Soybean___healthy
img_174fef57.jpg,Peach___healthy
img_6d6890fa.jpg,Apple___Cedar_apple_rust
img_7f1ec8c3.jpg,Corn_(maize)___healthy
img_f0877244.jpg,Potato___Late_blight
img_7583aa35.jpg,"Pepper,_bell___Bacterial_spot"
img_6487271e.jpg,Apple___healthy
img_ca9c51e3.jpg,Potato___Early_blight
img_63058dae.jpg,Orange___Haunglongbing_(Citrus_greening)
img_40468f46.jpg,Tomato___Septoria_leaf_spot
img_248f76db.jpg,Tomato___healthy
img_f80f71df.jpg,Tomato___Leaf_Mold
img_6e12b658.jpg,"Pepper,_bell___healthy"
img_37e3cd3b.jpg,Orange___Haunglongbing_(Citrus_greening)
img_09647314.jpg,Tomato___Septoria_leaf_spot
img_8fa452d1.jpg,Corn_(maize)___Northern_Leaf_Blight
img_b905c102.jpg,Tomato___Early_blight
img_43c779f6.jpg,Soybean___healthy
img_6158c5d3.jpg,Squash___Powdery_mildew
img_5db9ce40.jpg,"Pepper,_bell___Bacterial_spot"
img_e294b871.jpg,Orange___Haunglongbing_(Citrus_greening)
img_570aa443.jpg,Grape___Esca_(Black_Measles)
img_a70ceabf.jpg,"Pepper,_bell___healthy"
img_231f3036.jpg,Corn_(maize)___Common_rust_
img_393b2f19.jpg,"Pepper,_bell___Bacterial_spot"
img_330957b5.jpg,Tomato___Tomato_Yellow_Leaf_Curl_Virus
img_4b12202b.jpg,Tomato___Septoria_leaf_spot
img_cba8856f.jpg,Potato___Late_blight
img_ccb43f94.jpg,Tomato___Late_blight
img_c72df920.jpg,Peach___Bacterial_spot
img_5a4f836b.jpg,Tomato___Late_blight
img_6b53bec3.jpg,Apple___healthy
img_67f63c21.jpg,Cherry_(including_sour)___healthy
img_256ba1fd.jpg,Tomato___Tomato_Yellow_Leaf_Curl_Virus
img_45e46436.jpg,Orange___Haunglongbing_(Citrus_greening)
img_450dccfe.jpg,Soybean___healthy
img_cdce6214.jpg,Orange___Haunglongbing_(Citrus_greening)
img_05fba946.jpg,Soybean___healthy
img_26ecce78.jpg,Corn_(maize)___Northern_Leaf_Blight
img_869c24d8.jpg,Tomato___Late_blight
img_8262782d.jpg,Orange___Haunglongbing_(Citrus_greening)
img_9c2b3e33.jpg,Grape___Leaf_blight_(Isariopsis_Leaf_Spot)
img_80e5b5c8.jpg,Tomato___Late_blight
img_4a88076b.jpg,Tomato___Target_Spot
img_95d320f1.jpg,Tomato___Septoria_leaf_spot
img_2e7ef5ce.jpg,Apple___Apple_scab
img_d95678e0.jpg,Corn_(maize)___Common_rust_
img_a94b5a1c.jpg,Corn_(maize)___Common_rust_
img_e503bc99.jpg,Strawberry___Leaf_scorch
img_6ce324e0.jpg,Strawberry___healthy
img_f36e65d9.jpg,Corn_(maize)___Common_rust_
img_db2b96f4.jpg,Apple___healthy
img_7b2d17e0.jpg,Soybean___healthy
img_999cc650.jpg,Soybean___healthy
img_f6f1c954.jpg,Tomato___Septoria_leaf_spot
img_56df9292.jpg,Soybean___healthy
img_42bc62cd.jpg,Corn_(maize)___healthy
img_b13012ae.jpg,Corn_(maize)___Common_rust_
img_2e518fcf.jpg,Grape___Esca_(Black_Measles)
img_7e46ffb8.jpg,Soybean___healthy
img_46005104.jpg,"Pepper,_bell___healthy"
img_5b2a4b23.jpg,Grape___Black_rot
img_f0cfe3fb.jpg,Corn_(maize)___Northern_Leaf_Blight
img_935caf24.jpg,Tomato___Tomato_Yellow_Leaf_Curl_Virus
img_5dcd3d1a.jpg,Soybean___healthy
img_7995f019.jpg,Potato___healthy
img_83f97be4.jpg,Corn_(maize)___healthy
img_3bc86e95.jpg,Apple___healthy
img_5b829218.jpg,Potato___Early_blight
img_81406561.jpg,Tomato___Spider_mites Two-spotted_spider_mite
img_dd32ee5a.jpg,Corn_(maize)___healthy
img_abda4c98.jpg,Orange___Haunglongbing_(Citrus_greening)
img_932cc2ff.jpg,Orange___Haunglongbing_(Citrus_greening)
img_f7e61a32.jpg,Grape___Black_rot
img_27471e3b.jpg,Tomato___Early_blight
img_23045aee.jpg,Tomato___Tomato_Yellow_Leaf_Curl_Virus
img_48a2ab4e.jpg,Tomato___Early_blight
img_ee7a7a00.jpg,Potato___Early_blight
img_ccaf905e.jpg,Soybean___healthy
img_ab724193.jpg,Tomato___Tomato_Yellow_Leaf_Curl_Virus
img_2d3e3510.jpg,Apple___healthy
img_0aeb8ae2.jpg,Tomato___Septoria_leaf_spot
img_b4f584cd.jpg,Apple___healthy
img_e0846662.jpg,Squash___Powdery_mildew
img_f5a6dcd0.jpg,Squash___Powdery_mildew
img_37d4ea41.jpg,Tomato___Bacterial_spot
img_9c3c3baa.jpg,Corn_(maize)___healthy
img_4062631c.jpg,Tomato___Late_blight
img_4169eed4.jpg,Raspberry___healthy
img_3d3f6c0a.jpg,Tomato___Septoria_leaf_spot
img_53d4acfc.jpg,Squash___Powdery_mildew
img_cf9d8052.jpg,Tomato___Tomato_Yellow_Leaf_Curl_Virus
img_8d89035a.jpg,Potato___Late_blight
img_e16657a7.jpg,Blueberry___healthy
img_12b14bd9.jpg,Orange___Haunglongbing_(Citrus_greening)
img_a5fb02b0.jpg,Tomato___Late_blight
img_e20bd8cf.jpg,Strawberry___Leaf_scorch
img_9642af08.jpg,Tomato___healthy
img_164d6144.jpg,Grape___Leaf_blight_(Isariopsis_Leaf_Spot)
img_e7578f6f.jpg,Orange___Haunglongbing_(Citrus_greening)
img_4035c010.jpg,Tomato___Tomato_Yellow_Leaf_Curl_Virus
img_cd478b8e.jpg,Tomato___Target_Spot
img_b763d065.jpg,Peach___Bacterial_spot
img_1bee2aa2.jpg,Apple___healthy
img_8c8d94ea.jpg,"Pepper,_bell___Bacterial_spot"
img_02775d9e.jpg,Tomato___Spider_mites Two-spotted_spider_mite
img_13a26368.jpg,"Pepper,_bell___healthy"
img_1b8cc765.jpg,Corn_(maize)___Northern_Leaf_Blight
img_90c5d54a.jpg,Tomato___Leaf_Mold
img_5e65ed1a.jpg,Cherry_(including_sour)___Powdery_mildew
img_04a9a614.jpg,Raspberry___healthy
img_8a369c12.jpg,Squash___Powdery_mildew
img_10a62213.jpg,Tomato___Spider_mites Two-spotted_spider_mite
img_e651d112.jpg,Soybean___healthy
img_a3120f3c.jpg,Potato___Early_blight
img_0218eb2b.jpg,Corn_(maize)___Northern_Leaf_Blight
img_c8b19c8b.jpg,Peach___Bacterial_spot
img_58ca70a7.jpg,Corn_(maize)___Common_rust_
img_65c121a2.jpg,Cherry_(including_sour)___Powdery_mildew
img_cb0765a0.jpg,Peach___Bacterial_spot
img_e0cb98fa.jpg,Peach___healthy
img_6c78c249.jpg,Tomato___Tomato_Yellow_Leaf_Curl_Virus
img_2096100b.jpg,Tomato___Leaf_Mold
img_6ff69227.jpg,Tomato___Leaf_Mold
img_2c622be6.jpg,Apple___Apple_scab
img_fd7277f6.jpg,Tomato___Tomato_Yellow_Leaf_Curl_Virus
img_61a9a954.jpg,Tomato___healthy
img_91c0ec9e.jpg,Cherry_(including_sour)___healthy
img_b50d50d1.jpg,Blueberry___healthy
img_cb767a46.jpg,Corn_(maize)___Cercospora_leaf_spot Gray_leaf_spot
img_d9b5fe41.jpg,Peach___Bacterial_spot
img_d92ba134.jpg,Orange___Haunglongbing_(Citrus_greening)
img_75d460bc.jpg,Potato___Early_blight
img_ca6c8a24.jpg,Orange___Haunglongbing_(Citrus_greening)
img_69277105.jpg,Peach___Bacterial_spot
img_9748e90a.jpg,Tomato___Spider_mites Two-spotted_spider_mite
img_3822a743.jpg,Orange___Haunglongbing_(Citrus_greening)
img_43951adf.jpg,Tomato___Tomato_Yellow_Leaf_Curl_Virus
img_d3d1ad1d.jpg,Soybean___healthy
img_0a2b9e0f.jpg,Tomato___Bacterial_spot
img_a76c59af.jpg,Tomato___Septoria_leaf_spot
img_4c2a094d.jpg,Tomato___Leaf_Mold
img_505af871.jpg,"Pepper,_bell___healthy"
img_c49d2b38.jpg,Tomato___Leaf_Mold
img_83ec1896.jpg,Orange___Haunglongbing_(Citrus_greening)
img_de28adcb.jpg,Tomato___Tomato_Yellow_Leaf_Curl_Virus
img_50674484.jpg,Tomato___Tomato_Yellow_Leaf_Curl_Virus
img_421cc059.jpg,Grape___Black_rot
img_8a97ff13.jpg,Grape___Esca_(Black_Measles)
img_be579012.jpg,Blueberry___healthy
img_c55a93cc.jpg,"Pepper,_bell___healthy"
img_e61ae5b0.jpg,Grape___Esca_(Black_Measles)
img_e5339fbd.jpg,Tomato___Spider_mites Two-spotted_spider_mite
img_73acd393.jpg,Tomato___Leaf_Mold
img_9267b93a.jpg,"Pepper,_bell___healthy"
img_9b02032c.jpg,Apple___Cedar_apple_rust
img_5666b6b0.jpg,Orange___Haunglongbing_(Citrus_greening)
img_86f4aac4.jpg,Tomato___Late_blight
img_4f68113a.jpg,Tomato___Spider_mites Two-spotted_spider_mite
img_af5be7d4.jpg,"Pepper,_bell___Bacterial_spot"
img_1417c441.jpg,Tomato___Target_Spot
img_b3bab2aa.jpg,"Pepper,_bell___healthy"
img_bc1a0426.jpg,Tomato___Tomato_Yellow_Leaf_Curl_Virus
img_7fdbb0ff.jpg,Blueberry___healthy
img_d13a7fe9.jpg,Tomato___Spider_mites Two-spotted_spider_mite
img_7fc4c612.jpg,Cherry_(including_sour)___healthy
img_1e028140.jpg,Grape___Esca_(Black_Measles)
img_c9348418.jpg,Orange___Haunglongbing_(Citrus_greening)
img_c5c20acb.jpg,Grape___healthy
img_e7d3dfa6.jpg,Grape___Black_rot
img_184aea4e.jpg,"Pepper,_bell___healthy"
img_641b9341.jpg,Grape___Leaf_blight_(Isariopsis_Leaf_Spot)
img_30c3bcec.jpg,Tomato___Spider_mites Two-spotted_spider_mite
img_040893e1.jpg,Grape___Leaf_blight_(Isariopsis_Leaf_Spot)
img_cb6049ed.jpg,Grape___Esca_(Black_Measles)
img_faafdb67.jpg,Blueberry___healthy
img_465a144f.jpg,Corn_(maize)___Northern_Leaf_Blight
img_388ebe7e.jpg,Corn_(maize)___Common_rust_
img_daabdf80.jpg,Soybean___healthy
img_5c0725e6.jpg,Tomato___Target_Spot
img_664ab24e.jpg,Tomato___Tomato_Yellow_Leaf_Curl_Virus
img_1e5b469e.jpg,Tomato___Leaf_Mold
img_7da84a3b.jpg,Soybean___healthy
img_faca6455.jpg,Soybean___healthy
img_05ed2887.jpg,Tomato___Bacterial_spot
img_9d3289ca.jpg,Grape___Esca_(Black_Measles)
img_d533013e.jpg,Tomato___Spider_mites Two-spotted_spider_mite
img_b96997fd.jpg,Peach___Bacterial_spot
img_82b554b6.jpg,Tomato___healthy
img_9e574d81.jpg,Strawberry___Leaf_scorch
img_eff463fb.jpg,Tomato___Bacterial_spot
img_4ca0890f.jpg,Tomato___Spider_mites Two-spotted_spider_mite
img_beb9f85d.jpg,Tomato___Tomato_Yellow_Leaf_Curl_Virus
img_1a234e64.jpg,Blueberry___healthy
img_f662d406.jpg,Tomato___Early_blight
img_3c47924c.jpg,Squash___Powdery_mildew
img_09844ef7.jpg,Tomato___healthy
img_bb1f2f21.jpg,"Pepper,_bell___healthy"
img_9d63b2bc.jpg,"Pepper,_bell___Bacterial_spot"
img_1cad442e.jpg,Tomato___Late_blight
img_7abd45de.jpg,Cherry_(including_sour)___healthy
img_8d520288.jpg,Tomato___Tomato_Yellow_Leaf_Curl_Virus
img_5379bfa6.jpg,Cherry_(including_sour)___Powdery_mildew
img_a5d1b98b.jpg,Tomato___Tomato_Yellow_Leaf_Curl_Virus
img_c257a01e.jpg,"Pepper,_bell___Bacterial_spot"
img_1fcb9b07.jpg,"Pepper,_bell___Bacterial_spot"
img_acb043ae.jpg,Strawberry___healthy
img_15443c61.jpg,Tomato___Tomato_mosaic_virus
img_43a93166.jpg,Tomato___Septoria_leaf_spot
img_64ed0711.jpg,Orange___Haunglongbing_(Citrus_greening)
img_a6631ed8.jpg,Peach___Bacterial_spot
img_27c07bd2.jpg,Apple___Black_rot
img_d7b91fa6.jpg,Orange___Haunglongbing_(Citrus_greening)
img_c10b4650.jpg,Tomato___Leaf_Mold
img_c1fd4672.jpg,Apple___healthy
img_7a7ac3cf.jpg,Cherry_(including_sour)___healthy
img_8177dca3.jpg,Orange___Haunglongbing_(Citrus_greening)
img_842cd561.jpg,Potato___Early_blight
img_69ba2849.jpg,Soybean___healthy
img_8f6206d7.jpg,Tomato___Bacterial_spot
img_472c9130.jpg,Grape___Esca_(Black_Measles)
img_0883062a.jpg,Tomato___Bacterial_spot
img_b45ce884.jpg,Squash___Powdery_mildew
img_7388171f.jpg,Grape___Esca_(Black_Measles)
img_f9fdd1fc.jpg,Tomato___Bacterial_spot
img_5566dde5.jpg,Squash___Powdery_mildew
img_fd390fb6.jpg,Apple___Cedar_apple_rust
img_b7637be6.jpg,Tomato___healthy
img_d804e39f.jpg,Orange___Haunglongbing_(Citrus_greening)
img_b9770d79.jpg,Corn_(maize)___Common_rust_
img_9b3c9537.jpg,Orange___Haunglongbing_(Citrus_greening)
img_311e8b0f.jpg,Peach___healthy
img_134311db.jpg,Soybean___healthy
img_94ece428.jpg,Potato___Early_blight
img_b70ee365.jpg,Tomato___Tomato_Yellow_Leaf_Curl_Virus
img_4c847158.jpg,Orange___Haunglongbing_(Citrus_greening)
img_1d535f85.jpg,Apple___Apple_scab
img_52e30fac.jpg,Tomato___Tomato_Yellow_Leaf_Curl_Virus
img_79b1354f.jpg,"Pepper,_bell___healthy"
img_10b0ce8f.jpg,Raspberry___healthy
img_159e6a40.jpg,Peach___Bacterial_spot
img_be8f2d0c.jpg,Orange___Haunglongbing_(Citrus_greening)
img_91711332.jpg,Apple___healthy
img_3465cc1f.jpg,Grape___Leaf_blight_(Isariopsis_Leaf_Spot)
img_f098e7a8.jpg,"Pepper,_bell___healthy"
img_8973093d.jpg,Squash___Powdery_mildew
img_79ef6fab.jpg,Orange___Haunglongbing_(Citrus_greening)
img_715d0846.jpg,Grape___Esca_(Black_Measles)
img_69ea7fc2.jpg,Tomato___Septoria_leaf_spot
img_bb426d40.jpg,Soybean___healthy
img_dcae07d8.jpg,Grape___Leaf_blight_(Isariopsis_Leaf_Spot)
img_bb541288.jpg,Tomato___Bacterial_spot
img_9102b289.jpg,Soybean___healthy
img_98483d45.jpg,Tomato___Tomato_Yellow_Leaf_Curl_Virus
img_6da54bce.jpg,Tomato___healthy
img_f0129c52.jpg,Corn_(maize)___healthy
img_cb41c664.jpg,Corn_(maize)___healthy
img_2fe6e958.jpg,Tomato___Tomato_Yellow_Leaf_Curl_Virus
img_4d0a9493.jpg,Corn_(maize)___Common_rust_
img_07ffe3c5.jpg,Soybean___healthy
img_3e3a682e.jpg,Orange___Haunglongbing_(Citrus_greening)
img_0d500915.jpg,Soybean___healthy
img_ccf6c87a.jpg,Tomato___Tomato_Yellow_Leaf_Curl_Virus
img_d0246fd2.jpg,Potato___Late_blight
img_4792d172.jpg,Tomato___Tomato_Yellow_Leaf_Curl_Virus
img_c3cbe160.jpg,Tomato___Spider_mites Two-spotted_spider_mite
img_f554b478.jpg,Tomato___Tomato_Yellow_Leaf_Curl_Virus
img_c5a994df.jpg,Cherry_(including_sour)___healthy
img_595231aa.jpg,Tomato___Tomato_mosaic_virus
img_faf39a1b.jpg,Tomato___Tomato_Yellow_Leaf_Curl_Virus
img_6106a06e.jpg,Corn_(maize)___Common_rust_
img_276a8f8c.jpg,Peach___Bacterial_spot
img_11e79006.jpg,Orange___Haunglongbing_(Citrus_greening)
img_727c9466.jpg,Orange___Haunglongbing_(Citrus_greening)
img_e6fff405.jpg,Tomato___Tomato_Yellow_Leaf_Curl_Virus
img_9ac0cf4e.jpg,Tomato___Bacterial_spot
img_282c4bf4.jpg,Apple___healthy
img_ff345f01.jpg,Tomato___Tomato_Yellow_Leaf_Curl_Virus
img_bc320578.jpg,Tomato___Septoria_leaf_spot
img_f0e7ce77.jpg,Apple___healthy
img_84a82e5d.jpg,Apple___healthy
img_5e49d4ca.jpg,Orange___Haunglongbing_(Citrus_greening)
img_96049a0a.jpg,Tomato___Bacterial_spot
img_a4ace081.jpg,Peach___Bacterial_spot
img_da00d3dd.jpg,Tomato___healthy
img_5f05a4ed.jpg,Corn_(maize)___Common_rust_
img_ae4248a5.jpg,Grape___Leaf_blight_(Isariopsis_Leaf_Spot)
img_856d59d4.jpg,Cherry_(including_sour)___Powdery_mildew
img_76a80abd.jpg,Tomato___Bacterial_spot
img_209deb16.jpg,Blueberry___healthy
img_c49102ab.jpg,Orange___Haunglongbing_(Citrus_greening)
img_84870bca.jpg,Peach___Bacterial_spot
img_52c16d9f.jpg,Peach___Bacterial_spot
img_26f98cee.jpg,Cherry_(including_sour)___healthy
img_1c5e5ad5.jpg,Peach___healthy
img_76e9f8ea.jpg,Soybean___healthy
img_e118031d.jpg,Blueberry___healthy
img_a7377504.jpg,Tomato___Target_Spot
img_7ea1b5ef.jpg,Orange___Haunglongbing_(Citrus_greening)
img_9ac33d11.jpg,"Pepper,_bell___healthy"
img_3158c062.jpg,Strawberry___healthy
img_fb6458d6.jpg,Orange___Haunglongbing_(Citrus_greening)
img_b4a31db8.jpg,Soybean___healthy
img_17cfe38f.jpg,Squash___Powdery_mildew
img_4740b784.jpg,Tomato___Tomato_Yellow_Leaf_Curl_Virus
img_3727cc62.jpg,Squash___Powdery_mildew
img_ffd9945a.jpg,Orange___Haunglongbing_(Citrus_greening)
img_b89b8042.jpg,Raspberry___healthy
img_776b725c.jpg,Tomato___Tomato_Yellow_Leaf_Curl_Virus
img_aa485a51.jpg,Corn_(maize)___Common_rust_
img_0d7af4ee.jpg,Orange___Haunglongbing_(Citrus_greening)
img_5d12e27d.jpg,Soybean___healthy
img_123b1755.jpg,Tomato___Tomato_mosaic_virus
img_1f899dc3.jpg,"Pepper,_bell___healthy"
img_38692eff.jpg,Peach___healthy
img_f2519625.jpg,Orange___Haunglongbing_(Citrus_greening)
img_bab23a07.jpg,Grape___healthy
img_085609e9.jpg,Tomato___Bacterial_spot
img_07d7e20c.jpg,Orange___Haunglongbing_(Citrus_greening)
img_aa989940.jpg,Tomato___Bacterial_spot
img_e0435d09.jpg,Peach___Bacterial_spot
img_97f12dbf.jpg,Grape___Black_rot
img_01c53859.jpg,Tomato___Early_blight
img_6e0049d8.jpg,Tomato___Bacterial_spot
img_02dc9938.jpg,Tomato___Tomato_Yellow_Leaf_Curl_Virus
img_2f9bd1a3.jpg,Soybean___healthy
img_ce5b5728.jpg,Blueberry___healthy
img_f7304222.jpg,Tomato___Late_blight
img_de395627.jpg,Tomato___healthy
img_ba198c46.jpg,Tomato___Target_Spot
img_ec73263d.jpg,Tomato___Bacterial_spot
img_2d7ba9a4.jpg,Tomato___Septoria_leaf_spot
img_bb5364a2.jpg,Cherry_(including_sour)___Powdery_mildew
img_15f0d6b0.jpg,Soybean___healthy
img_89250553.jpg,Orange___Haunglongbing_(Citrus_greening)
img_6ac22204.jpg,Corn_(maize)___healthy
img_c7879212.jpg,Grape___Esca_(Black_Measles)
img_103c8db4.jpg,Tomato___Early_blight
img_fb867e26.jpg,Soybean___healthy
img_11a1337f.jpg,Tomato___Late_blight
img_8c54be90.jpg,Grape___healthy
img_1106179a.jpg,Soybean___healthy
img_0799cb27.jpg,Apple___Cedar_apple_rust
img_9282db9e.jpg,Tomato___Leaf_Mold
img_6405bacc.jpg,Orange___Haunglongbing_(Citrus_greening)
img_e52159db.jpg,Orange___Haunglongbing_(Citrus_greening)
img_3f1b2884.jpg,Orange___Haunglongbing_(Citrus_greening)
img_3c0bac49.jpg,Tomato___Bacterial_spot
img_93d944ee.jpg,Orange___Haunglongbing_(Citrus_greening)
img_e33551b2.jpg,Grape___Black_rot
img_7c7f1961.jpg,Corn_(maize)___healthy
img_8b726891.jpg,Tomato___Tomato_Yellow_Leaf_Curl_Virus
img_addae475.jpg,Tomato___Septoria_leaf_spot
img_284e5fb7.jpg,Tomato___Late_blight
img_9d23f269.jpg,Soybean___healthy
img_5260c6d2.jpg,Tomato___healthy
img_3222747f.jpg,Apple___Black_rot
img_b6ee96cc.jpg,Apple___healthy
img_2589802e.jpg,Soybean___healthy
img_864d3896.jpg,Tomato___Tomato_Yellow_Leaf_Curl_Virus
img_91cd09ba.jpg,Tomato___Target_Spot
img_064a3b57.jpg,Orange___Haunglongbing_(Citrus_greening)
img_1a311a29.jpg,Apple___healthy
img_3fad57fb.jpg,Tomato___Late_blight
img_b46387b9.jpg,Corn_(maize)___Northern_Leaf_Blight
img_a8a64fbf.jpg,Orange___Haunglongbing_(Citrus_greening)
img_aacf5920.jpg,Corn_(maize)___Northern_Leaf_Blight
img_43a43c7b.jpg,Orange___Haunglongbing_(Citrus_greening)
img_65f9782c.jpg,Tomato___Septoria_leaf_spot
img_08078fcc.jpg,Tomato___Early_blight
img_37aecde4.jpg,Tomato___Late_blight
img_360f42ae.jpg,Tomato___Leaf_Mold
img_ffdc70ab.jpg,Corn_(maize)___Common_rust_
img_fbca78b2.jpg,Tomato___Late_blight
img_5b553850.jpg,Tomato___Late_blight
img_0da564c7.jpg,Corn_(maize)___healthy
img_b24966ee.jpg,Orange___Haunglongbing_(Citrus_greening)
img_225bc6de.jpg,Tomato___Early_blight
img_dd7f1c9f.jpg,Cherry_(including_sour)___healthy
img_1a60387a.jpg,Corn_(maize)___Cercospora_leaf_spot Gray_leaf_spot
img_5786083a.jpg,Corn_(maize)___Northern_Leaf_Blight
img_7e1ee854.jpg,Apple___Black_rot
img_eba0ad1c.jpg,Apple___Black_rot
img_2e7b08b7.jpg,Orange___Haunglongbing_(Citrus_greening)
img_0cecc9c4.jpg,Soybean___healthy
img_8a0363c8.jpg,Peach___Bacterial_spot
img_8fdb5279.jpg,Tomato___Spider_mites Two-spotted_spider_mite
img_8693f3e4.jpg,Tomato___Tomato_Yellow_Leaf_Curl_Virus
img_c9a0e034.jpg,Soybean___healthy
img_ba9e5483.jpg,Soybean___healthy
img_a03705f7.jpg,Potato___Late_blight
img_0ec37171.jpg,Tomato___Early_blight
img_c7150a62.jpg,"Pepper,_bell___healthy"
img_a8a86960.jpg,Soybean___healthy
img_16fcfc92.jpg,Tomato___Septoria_leaf_spot
img_4569882d.jpg,Corn_(maize)___healthy
img_9a307dc2.jpg,Grape___Esca_(Black_Measles)
img_9ec75382.jpg,Tomato___Bacterial_spot
img_b5f5267d.jpg,"Pepper,_bell___healthy"
img_33de1a3c.jpg,Tomato___Leaf_Mold
img_510c2feb.jpg,Tomato___Bacterial_spot
img_3ec5245c.jpg,Orange___Haunglongbing_(Citrus_greening)
img_256852cc.jpg,Grape___Black_rot
img_147e2ceb.jpg,Tomato___Tomato_mosaic_virus
img_7b6bb192.jpg,Tomato___Late_blight
img_0deebc87.jpg,Tomato___Late_blight
img_d97c5e30.jpg,Soybean___healthy
img_c32d7aa2.jpg,Corn_(maize)___healthy
img_64c93e8d.jpg,Apple___Cedar_apple_rust
img_495f2599.jpg,Corn_(maize)___Northern_Leaf_Blight
img_01eb56be.jpg,Apple___Apple_scab
img_7ad9e683.jpg,Peach___Bacterial_spot
img_574a45ab.jpg,Corn_(maize)___healthy
img_61be5ebe.jpg,Soybean___healthy
img_3be14d8a.jpg,Soybean___healthy
img_0c58bd4a.jpg,Tomato___Tomato_mosaic_virus
img_7535b1ee.jpg,Cherry_(including_sour)___healthy
img_6c32a0ce.jpg,Cherry_(including_sour)___healthy
img_d32d6fd5.jpg,Tomato___Tomato_Yellow_Leaf_Curl_Virus
img_b7037483.jpg,Tomato___Tomato_Yellow_Leaf_Curl_Virus
img_be1a026e.jpg,Orange___Haunglongbing_(Citrus_greening)
img_e44e3d3f.jpg,Strawberry___healthy
img_4a7694f7.jpg,Peach___Bacterial_spot
img_6214fad2.jpg,Grape___Black_rot
img_4841eb3a.jpg,Tomato___Tomato_Yellow_Leaf_Curl_Virus
img_1f5d66fb.jpg,Cherry_(including_sour)___Powdery_mildew
img_abeb388a.jpg,Tomato___Late_blight
img_94587a7f.jpg,Tomato___Tomato_Yellow_Leaf_Curl_Virus
img_319f9c4e.jpg,Blueberry___healthy
img_34123c2e.jpg,Peach___Bacterial_spot
img_8998f280.jpg,Tomato___Tomato_mosaic_virus
img_f0e0e8e7.jpg,Corn_(maize)___Common_rust_
img_85bbca41.jpg,Tomato___Septoria_leaf_spot
img_bb6b984a.jpg,Apple___Cedar_apple_rust
img_cb44b404.jpg,Grape___Black_rot
img_ff768297.jpg,Squash___Powdery_mildew
img_4ffeb591.jpg,"Pepper,_bell___healthy"
img_aa8ce6c0.jpg,Orange___Haunglongbing_(Citrus_greening)
img_a908af15.jpg,Orange___Haunglongbing_(Citrus_greening)
img_dc73d1b8.jpg,Soybean___healthy
img_f837801e.jpg,Tomato___Tomato_mosaic_virus
img_35c56c83.jpg,Orange___Haunglongbing_(Citrus_greening)
img_2fb559ec.jpg,"Pepper,_bell___Bacterial_spot"
img_caa1cd45.jpg,Corn_(maize)___Common_rust_
img_ec3ee93d.jpg,Tomato___Tomato_Yellow_Leaf_Curl_Virus
img_7f08fa7f.jpg,Tomato___Target_Spot
img_f0142ee3.jpg,Peach___Bacterial_spot
img_7286106b.jpg,Soybean___healthy
img_a9b5e89b.jpg,Tomato___Target_Spot
img_ba601264.jpg,Cherry_(including_sour)___Powdery_mildew
img_e44415c8.jpg,Tomato___Tomato_Yellow_Leaf_Curl_Virus
img_a4ac78cb.jpg,Peach___Bacterial_spot
img_d487314f.jpg,Grape___Esca_(Black_Measles)
img_d60929db.jpg,Tomato___Tomato_Yellow_Leaf_Curl_Virus
img_d5fbf1a3.jpg,Grape___Black_rot
img_28e2669a.jpg,Peach___Bacterial_spot
img_76f59f6d.jpg,Orange___Haunglongbing_(Citrus_greening)
img_a7647b57.jpg,Grape___Leaf_blight_(Isariopsis_Leaf_Spot)
img_09a11464.jpg,"Pepper,_bell___healthy"
img_e7ed72eb.jpg,Apple___healthy
img_5452522e.jpg,Soybean___healthy
img_f1cfb945.jpg,Squash___Powdery_mildew
img_daea0df5.jpg,Corn_(maize)___Common_rust_
img_b349ca04.jpg,"Pepper,_bell___healthy"
img_dd64a3c9.jpg,"Pepper,_bell___Bacterial_spot"
img_a8945e88.jpg,Corn_(maize)___Common_rust_
img_eb2590fa.jpg,Tomato___Bacterial_spot
img_049c5e80.jpg,Apple___healthy
img_c0551a82.jpg,Tomato___Bacterial_spot
img_6713299e.jpg,Tomato___Leaf_Mold
img_7e5b2510.jpg,Grape___Leaf_blight_(Isariopsis_Leaf_Spot)
img_8817e1bf.jpg,Soybean___healthy
img_5820323b.jpg,Corn_(maize)___healthy
img_a49a3409.jpg,Grape___Leaf_blight_(Isariopsis_Leaf_Spot)
img_93f0a407.jpg,Orange___Haunglongbing_(Citrus_greening)
img_3f8911fb.jpg,Orange___Haunglongbing_(Citrus_greening)
img_7202dbcb.jpg,Tomato___Late_blight
img_0d898a15.jpg,Cherry_(including_sour)___Powdery_mildew
img_8ff5715a.jpg,Orange___Haunglongbing_(Citrus_greening)
img_99503e10.jpg,Corn_(maize)___Northern_Leaf_Blight
img_4a36dfad.jpg,Cherry_(including_sour)___healthy
img_d6da6e80.jpg,Tomato___Early_blight
img_cf130ae9.jpg,Squash___Powdery_mildew
img_ffa448cd.jpg,Squash___Powdery_mildew
img_07b152f3.jpg,Tomato___Late_blight
img_9d124806.jpg,Tomato___Tomato_Yellow_Leaf_Curl_Virus
img_0808411e.jpg,Tomato___Tomato_Yellow_Leaf_Curl_Virus
img_9e9f7379.jpg,Grape___Leaf_blight_(Isariopsis_Leaf_Spot)
img_fa550f50.jpg,Apple___healthy
img_f81549da.jpg,Squash___Powdery_mildew
img_b0a2d65b.jpg,Strawberry___Leaf_scorch
img_59662392.jpg,Corn_(maize)___Common_rust_
img_2577a895.jpg,Orange___Haunglongbing_(Citrus_greening)
img_d535d6d7.jpg,Orange___Haunglongbing_(Citrus_greening)
img_a8caa8d3.jpg,Squash___Powdery_mildew
img_675b217b.jpg,Corn_(maize)___Cercospora_leaf_spot Gray_leaf_spot
img_41377cb7.jpg,Tomato___Late_blight
img_cf66ea88.jpg,Corn_(maize)___Common_rust_
img_55ef92c3.jpg,Soybean___healthy
img_edd6b28b.jpg,Tomato___Late_blight
img_3eb70d3b.jpg,Peach___Bacterial_spot
img_0412de3c.jpg,Peach___Bacterial_spot
img_b8eb5b0b.jpg,Tomato___Late_blight
img_d65e5a79.jpg,Soybean___healthy
img_1f2c26cf.jpg,Tomato___Late_blight
img_8a5666ca.jpg,Tomato___Septoria_leaf_spot
img_b3878342.jpg,Grape___Esca_(Black_Measles)
img_c53df01d.jpg,Tomato___Early_blight
img_2f9e1bed.jpg,"Pepper,_bell___Bacterial_spot"
img_ea454732.jpg,Cherry_(including_sour)___Powdery_mildew
img_f0909243.jpg,Tomato___Leaf_Mold
img_3b055c93.jpg,Tomato___Tomato_Yellow_Leaf_Curl_Virus
img_5c672287.jpg,"Pepper,_bell___Bacterial_spot"
img_1aa728e2.jpg,Tomato___Spider_mites Two-spotted_spider_mite
img_6fb2b41d.jpg,Grape___Esca_(Black_Measles)
img_30791c10.jpg,Corn_(maize)___healthy
img_24fe8b6c.jpg,Tomato___healthy
img_9e9d53b3.jpg,Soybean___healthy
img_e5550f7b.jpg,Orange___Haunglongbing_(Citrus_greening)
img_e893a16b.jpg,Soybean___healthy
img_4e5f2ce9.jpg,Strawberry___Leaf_scorch
img_372bc037.jpg,Tomato___Leaf_Mold
img_9188f491.jpg,Tomato___Target_Spot
img_b4fbc950.jpg,Tomato___Early_blight
img_65399d05.jpg,Potato___Late_blight
img_701d0c5f.jpg,Tomato___healthy
img_9a8ee112.jpg,Potato___Early_blight
img_6ccc20d2.jpg,Tomato___Bacterial_spot
img_757d17eb.jpg,Potato___Early_blight
img_4819e927.jpg,Tomato___Tomato_Yellow_Leaf_Curl_Virus
img_3349bf5a.jpg,Corn_(maize)___Northern_Leaf_Blight
img_3a58693a.jpg,Tomato___Bacterial_spot
img_8fea6ffb.jpg,Grape___Esca_(Black_Measles)
img_2e4a53ce.jpg,Grape___Esca_(Black_Measles)
img_93b1d505.jpg,Apple___healthy
img_9611608c.jpg,Orange___Haunglongbing_(Citrus_greening)
img_f9961e94.jpg,Tomato___healthy
img_bdb91e8d.jpg,Peach___Bacterial_spot
img_b78992a3.jpg,Tomato___Early_blight
img_83281ee8.jpg,Tomato___Target_Spot
img_b7773855.jpg,Tomato___Spider_mites Two-spotted_spider_mite
img_c4fca6b0.jpg,Tomato___Tomato_Yellow_Leaf_Curl_Virus
img_3732ff51.jpg,Tomato___healthy
img_bb320d1f.jpg,Tomato___Late_blight
img_0f9bcf61.jpg,Tomato___Late_blight
img_feeba898.jpg,Orange___Haunglongbing_(Citrus_greening)
img_d559f573.jpg,Tomato___Tomato_Yellow_Leaf_Curl_Virus
img_372127ff.jpg,Squash___Powdery_mildew
img_fa35a826.jpg,Tomato___Septoria_leaf_spot
img_16aafbdf.jpg,Tomato___Septoria_leaf_spot
img_5d4a4ba9.jpg,Orange___Haunglongbing_(Citrus_greening)
img_55622553.jpg,Peach___Bacterial_spot
img_3291f215.jpg,Cherry_(including_sour)___healthy
img_4fcdbe4d.jpg,Tomato___Bacterial_spot
img_f64e4517.jpg,Apple___Cedar_apple_rust
img_ea27c843.jpg,Tomato___Tomato_Yellow_Leaf_Curl_Virus
img_1ee8f612.jpg,Orange___Haunglongbing_(Citrus_greening)
img_35dff8ba.jpg,Orange___Haunglongbing_(Citrus_greening)
img_4d739b99.jpg,Soybean___healthy
img_eb085dbc.jpg,Tomato___Tomato_Yellow_Leaf_Curl_Virus
img_50380e13.jpg,Tomato___Bacterial_spot
img_d42490bb.jpg,Tomato___Target_Spot
img_5c667a4a.jpg,Apple___healthy
img_0f3fe47f.jpg,Grape___Esca_(Black_Measles)
img_b08cc950.jpg,Blueberry___healthy
img_f935cae6.jpg,Tomato___Leaf_Mold
img_2e15c318.jpg,Raspberry___healthy
img_6679d21f.jpg,Tomato___Tomato_Yellow_Leaf_Curl_Virus
img_857c9926.jpg,Cherry_(including_sour)___healthy
img_cac167c0.jpg,Orange___Haunglongbing_(Citrus_greening)
img_be24c07d.jpg,Cherry_(including_sour)___Powdery_mildew
img_509f305c.jpg,Soybean___healthy
img_1e663b29.jpg,Orange___Haunglongbing_(Citrus_greening)
img_9e79e616.jpg,Potato___Late_blight
img_24eabaaf.jpg,Potato___Late_blight
img_6a5727a1.jpg,Tomato___Spider_mites Two-spotted_spider_mite
img_a75c6b29.jpg,Soybean___healthy
img_a6d92d1c.jpg,Grape___Esca_(Black_Measles)
img_4c9f9e92.jpg,Grape___Leaf_blight_(Isariopsis_Leaf_Spot)
img_1a876b2c.jpg,Tomato___Tomato_Yellow_Leaf_Curl_Virus
img_5a198f99.jpg,Blueberry___healthy
img_69d33fc2.jpg,Apple___Apple_scab
img_52154cc1.jpg,Orange___Haunglongbing_(Citrus_greening)
img_d2456da3.jpg,Tomato___Tomato_mosaic_virus
img_028d15be.jpg,Corn_(maize)___Common_rust_
img_8262bd16.jpg,Tomato___Late_blight
img_530a9a5a.jpg,Peach___healthy
img_d3be7b79.jpg,Peach___healthy
img_58c8e24e.jpg,Tomato___Late_blight
img_f9824747.jpg,Soybean___healthy
img_12112905.jpg,Raspberry___healthy
img_b9e4214b.jpg,Soybean___healthy
img_6fb07ab9.jpg,Apple___Apple_scab
img_619c03e8.jpg,Tomato___Tomato_Yellow_Leaf_Curl_Virus
img_2416c786.jpg,Tomato___Bacterial_spot
img_d8056f11.jpg,Soybean___healthy
img_2e0e1026.jpg,Tomato___Septoria_leaf_spot
img_9285feb8.jpg,Raspberry___healthy
img_97ffe0c8.jpg,Corn_(maize)___healthy
img_6762aa77.jpg,Tomato___Late_blight
img_edf742ac.jpg,Raspberry___healthy
img_94cb16e6.jpg,Orange___Haunglongbing_(Citrus_greening)
img_1a231592.jpg,Cherry_(including_sour)___healthy
img_dc8e0383.jpg,Potato___Late_blight
img_24b33b3e.jpg,"Pepper,_bell___healthy"
img_d77bc8e6.jpg,Apple___healthy
img_8299e037.jpg,Tomato___Tomato_Yellow_Leaf_Curl_Virus
img_acd778fc.jpg,Grape___Black_rot
img_30140434.jpg,Soybean___healthy
img_f9c346a7.jpg,Tomato___Spider_mites Two-spotted_spider_mite
img_3344e3cf.jpg,Apple___healthy
img_c769c134.jpg,Tomato___Tomato_Yellow_Leaf_Curl_Virus
img_5daf8f21.jpg,Squash___Powdery_mildew
img_cf9b3ff6.jpg,Apple___healthy
img_6d6adac1.jpg,Tomato___Tomato_Yellow_Leaf_Curl_Virus
img_4cd4e376.jpg,Tomato___Tomato_Yellow_Leaf_Curl_Virus
img_98f67b95.jpg,Tomato___Tomato_Yellow_Leaf_Curl_Virus
img_e50e997f.jpg,Soybean___healthy
img_0de43192.jpg,Soybean___healthy
img_7ea4b37e.jpg,Soybean___healthy
img_3246084c.jpg,Tomato___Target_Spot
img_72ea3642.jpg,Tomato___healthy
img_a05aa772.jpg,Tomato___Septoria_leaf_spot
img_6154223d.jpg,Blueberry___healthy
img_775d20c3.jpg,Grape___Black_rot
img_d66b4a60.jpg,Tomato___Spider_mites Two-spotted_spider_mite
img_e4f06f7d.jpg,Peach___Bacterial_spot
img_0848c131.jpg,Tomato___Bacterial_spot
img_4d88853a.jpg,Tomato___Tomato_Yellow_Leaf_Curl_Virus
img_2b244966.jpg,Potato___Early_blight
img_20c42c44.jpg,Tomato___Tomato_Yellow_Leaf_Curl_Virus
img_13e25492.jpg,Potato___Late_blight
img_81284ef3.jpg,Grape___healthy
img_ee9c7a8a.jpg,Squash___Powdery_mildew
img_f7c74a7d.jpg,Corn_(maize)___Northern_Leaf_Blight
img_daf0797e.jpg,Corn_(maize)___healthy
img_dd2e3d4e.jpg,Tomato___Tomato_Yellow_Leaf_Curl_Virus
img_4ff737a0.jpg,Tomato___Spider_mites Two-spotted_spider_mite
img_12c73afe.jpg,Tomato___Bacterial_spot
img_097d66c3.jpg,Apple___Apple_scab
img_697437d6.jpg,Grape___Black_rot
img_068a436f.jpg,Soybean___healthy
img_c2e28692.jpg,Cherry_(including_sour)___Powdery_mildew
img_bbcb2cc1.jpg,Corn_(maize)___Common_rust_
img_30fd01a0.jpg,Tomato___Tomato_Yellow_Leaf_Curl_Virus
img_3752333a.jpg,"Pepper,_bell___Bacterial_spot"
img_5cd22011.jpg,Corn_(maize)___healthy
img_c74babdc.jpg,Tomato___Tomato_Yellow_Leaf_Curl_Virus
img_be9b3d04.jpg,Peach___Bacterial_spot
img_b39db4cd.jpg,Blueberry___healthy
img_694ecd83.jpg,Tomato___Late_blight
img_8ae9af46.jpg,Corn_(maize)___Cercospora_leaf_spot Gray_leaf_spot
img_f8cf5007.jpg,Grape___Leaf_blight_(Isariopsis_Leaf_Spot)
img_28e9312b.jpg,Tomato___Early_blight
img_93288f2c.jpg,Blueberry___healthy
img_16ccab1a.jpg,Cherry_(including_sour)___healthy
img_d1fd6f35.jpg,Cherry_(including_sour)___Powdery_mildew
img_d3d85590.jpg,Tomato___Bacterial_spot
img_5f9165f7.jpg,Soybean___healthy
img_2f2a8713.jpg,Soybean___healthy
img_bf21e284.jpg,Squash___Powdery_mildew
img_862cca71.jpg,Apple___Apple_scab
img_afa0800f.jpg,Tomato___Late_blight
img_35d71e86.jpg,Raspberry___healthy
img_dd88dffa.jpg,Cherry_(including_sour)___healthy
img_ca7205d9.jpg,Orange___Haunglongbing_(Citrus_greening)
img_4e03946f.jpg,Tomato___Tomato_mosaic_virus
img_ab7aa1b1.jpg,Tomato___Spider_mites Two-spotted_spider_mite
img_932501e3.jpg,Peach___Bacterial_spot
img_be819c8a.jpg,Orange___Haunglongbing_(Citrus_greening)
img_64f2b8ca.jpg,Tomato___Septoria_leaf_spot
img_bd55b8dd.jpg,Tomato___Tomato_Yellow_Leaf_Curl_Virus
img_d2b80274.jpg,Tomato___Early_blight
img_3519e5e1.jpg,Soybean___healthy
img_ca4fc630.jpg,Peach___Bacterial_spot
img_ea82af43.jpg,Corn_(maize)___Common_rust_
img_662b36a4.jpg,Tomato___Leaf_Mold
img_e505542d.jpg,Peach___Bacterial_spot
img_9a8cf439.jpg,Orange___Haunglongbing_(Citrus_greening)
img_ce2e363a.jpg,Corn_(maize)___Northern_Leaf_Blight
img_fbe4d019.jpg,Soybean___healthy
img_91715257.jpg,Cherry_(including_sour)___healthy
img_0a7af62b.jpg,Tomato___Late_blight
img_9707c434.jpg,Tomato___Spider_mites Two-spotted_spider_mite
img_753ebcfa.jpg,Peach___Bacterial_spot
img_483ed474.jpg,Grape___Esca_(Black_Measles)
img_e241384b.jpg,Orange___Haunglongbing_(Citrus_greening)
img_9ace96fc.jpg,Soybean___healthy
img_fa23fa2a.jpg,Tomato___Late_blight
img_1270f0a7.jpg,Corn_(maize)___Northern_Leaf_Blight
img_64abbc16.jpg,Tomato___Tomato_mosaic_virus
img_d6eb922a.jpg,Squash___Powdery_mildew
img_92040c2c.jpg,Orange___Haunglongbing_(Citrus_greening)
img_bc4f3af9.jpg,Tomato___Late_blight
img_168c6e5a.jpg,Tomato___Target_Spot
img_fba040cc.jpg,Orange___Haunglongbing_(Citrus_greening)
img_f535f16e.jpg,Tomato___Spider_mites Two-spotted_spider_mite
img_0297fa49.jpg,Tomato___Tomato_Yellow_Leaf_Curl_Virus
img_637aa7ed.jpg,Tomato___Target_Spot
img_32216a5b.jpg,Orange___Haunglongbing_(Citrus_greening)
img_5e3084a3.jpg,Orange___Haunglongbing_(Citrus_greening)
img_66c5222d.jpg,Tomato___Target_Spot
img_abbc924c.jpg,Tomato___Leaf_Mold
img_0da5b838.jpg,Corn_(maize)___Cercospora_leaf_spot Gray_leaf_spot
img_c5bec574.jpg,Soybean___healthy
img_06c11cb4.jpg,Grape___Black_rot
img_1a638df0.jpg,Grape___Leaf_blight_(Isariopsis_Leaf_Spot)
img_ae1b1ba7.jpg,Orange___Haunglongbing_(Citrus_greening)
img_e5597163.jpg,Orange___Haunglongbing_(Citrus_greening)
img_47cedbdb.jpg,Tomato___Target_Spot
img_5854365a.jpg,Strawberry___Leaf_scorch
img_9598bdb6.jpg,"Pepper,_bell___healthy"
img_1f2fb092.jpg,Tomato___Bacterial_spot
img_978fbe61.jpg,Tomato___Target_Spot
img_dfd9e826.jpg,Tomato___Early_blight
img_c79c86bb.jpg,Potato___Early_blight
img_9aa50996.jpg,Corn_(maize)___Common_rust_
img_471b8973.jpg,Tomato___Late_blight
img_0969fe19.jpg,Soybean___healthy
img_48725f5f.jpg,Potato___Late_blight
img_0bcc226c.jpg,Tomato___Bacterial_spot
img_b3fce2ba.jpg,Tomato___Spider_mites Two-spotted_spider_mite
img_6983f214.jpg,Tomato___healthy
img_90663b25.jpg,Potato___Late_blight
img_64c95b6c.jpg,Orange___Haunglongbing_(Citrus_greening)
img_550313c4.jpg,Apple___Apple_scab
img_0ed4381e.jpg,Peach___Bacterial_spot
img_6c5a8be4.jpg,Corn_(maize)___Common_rust_
img_7cce202e.jpg,Orange___Haunglongbing_(Citrus_greening)
img_abc52c70.jpg,Blueberry___healthy
img_020df54f.jpg,Tomato___Late_blight
img_f25b4a91.jpg,Orange___Haunglongbing_(Citrus_greening)
img_3b41f24d.jpg,Tomato___Tomato_Yellow_Leaf_Curl_Virus
img_f4a4f3c8.jpg,Soybean___healthy
img_604cf122.jpg,Tomato___Spider_mites Two-spotted_spider_mite
img_a04fac1d.jpg,Grape___Esca_(Black_Measles)
img_8a7adacc.jpg,Soybean___healthy
img_e1238888.jpg,Tomato___Early_blight
img_66dab383.jpg,Tomato___Septoria_leaf_spot
img_4e0fde43.jpg,Peach___Bacterial_spot
img_97da6f87.jpg,Corn_(maize)___Common_rust_
img_cfcb335a.jpg,Orange___Haunglongbing_(Citrus_greening)
img_2335e185.jpg,Squash___Powdery_mildew
img_b063b2d9.jpg,Grape___Leaf_blight_(Isariopsis_Leaf_Spot)
img_315ef53b.jpg,Tomato___Leaf_Mold
img_3848b2d6.jpg,Soybean___healthy
img_b4318045.jpg,Peach___Bacterial_spot
img_d6dae40b.jpg,Tomato___Bacterial_spot
img_b0469f30.jpg,Orange___Haunglongbing_(Citrus_greening)
img_8807ae6e.jpg,Corn_(maize)___Northern_Leaf_Blight
img_e759c59a.jpg,Grape___Leaf_blight_(Isariopsis_Leaf_Spot)
img_d7324144.jpg,Blueberry___healthy
img_619ad225.jpg,Tomato___Tomato_Yellow_Leaf_Curl_Virus
img_42268798.jpg,Tomato___Bacterial_spot
img_b3d2dfcc.jpg,Tomato___Tomato_Yellow_Leaf_Curl_Virus
img_cd52607f.jpg,Tomato___Target_Spot
img_24a73315.jpg,Squash___Powdery_mildew
img_e724fa28.jpg,Corn_(maize)___Common_rust_
img_d5637886.jpg,Tomato___Bacterial_spot
img_e90356ba.jpg,Apple___Apple_scab
img_3ec80641.jpg,Tomato___Tomato_Yellow_Leaf_Curl_Virus
img_9a77cbe3.jpg,Soybean___healthy
img_c09aee12.jpg,Tomato___Early_blight
img_cba8f78d.jpg,Corn_(maize)___Common_rust_
img_a7cd76e7.jpg,Apple___healthy
img_e6fba45a.jpg,Blueberry___healthy
img_c961cbce.jpg,Tomato___healthy
img_a7caa154.jpg,Tomato___Target_Spot
img_2c7ab90d.jpg,Tomato___Bacterial_spot
img_ba3bdab4.jpg,Cherry_(including_sour)___Powdery_mildew
img_b3d05380.jpg,Tomato___Bacterial_spot
img_dcdf6250.jpg,Tomato___Spider_mites Two-spotted_spider_mite
img_cff3abf1.jpg,Soybean___healthy
img_a00b5792.jpg,Tomato___Late_blight
img_8e3c8ef5.jpg,Potato___Late_blight
img_2316653f.jpg,Tomato___Leaf_Mold
img_f15eaaa1.jpg,Peach___Bacterial_spot
img_9bba36b2.jpg,Orange___Haunglongbing_(Citrus_greening)
img_4a8d74b8.jpg,Squash___Powdery_mildew
img_faadcf93.jpg,Orange___Haunglongbing_(Citrus_greening)
img_975fe478.jpg,Tomato___Late_blight
img_abc55d07.jpg,Tomato___Late_blight
img_1428b2a1.jpg,Tomato___Spider_mites Two-spotted_spider_mite
img_4486d230.jpg,Soybean___healthy
img_54a47edc.jpg,Corn_(maize)___Northern_Leaf_Blight
img_65cf16cd.jpg,Cherry_(including_sour)___healthy
img_2ecb6ce4.jpg,Peach___Bacterial_spot
img_1c621d78.jpg,Tomato___Septoria_leaf_spot
img_5c508603.jpg,Tomato___Tomato_Yellow_Leaf_Curl_Virus
img_2c200323.jpg,Strawberry___Leaf_scorch
img_90bdc61f.jpg,Squash___Powdery_mildew
img_bf927223.jpg,Soybean___healthy
img_7c71a37b.jpg,"Pepper,_bell___Bacterial_spot"
img_cf1e3275.jpg,Apple___Black_rot
img_9556e587.jpg,Cherry_(including_sour)___Powdery_mildew
img_0817517d.jpg,Orange___Haunglongbing_(Citrus_greening)
img_a8175772.jpg,Grape___Esca_(Black_Measles)
img_00cf0a1f.jpg,Tomato___Bacterial_spot
img_f3c772c2.jpg,Corn_(maize)___healthy
img_71cc994b.jpg,Grape___Leaf_blight_(Isariopsis_Leaf_Spot)
img_21146915.jpg,Squash___Powdery_mildew
img_5284d72b.jpg,Tomato___Tomato_Yellow_Leaf_Curl_Virus
img_1c21aa32.jpg,Squash___Powdery_mildew
img_d6da0b19.jpg,Soybean___healthy
img_ebe6a2b4.jpg,Tomato___Septoria_leaf_spot
img_efea91c1.jpg,Soybean___healthy
img_2ab841b2.jpg,Corn_(maize)___healthy
img_97e7b78b.jpg,Tomato___Leaf_Mold
img_cd0f2dd6.jpg,Tomato___Target_Spot
img_5df0e1a3.jpg,Tomato___healthy
img_154b14bc.jpg,Orange___Haunglongbing_(Citrus_greening)
img_9a58c1d7.jpg,Tomato___Tomato_Yellow_Leaf_Curl_Virus
img_655640cf.jpg,Tomato___Target_Spot
img_bf7dcc17.jpg,Tomato___Septoria_leaf_spot
img_5ab55cf8.jpg,Squash___Powdery_mildew
img_1f3722da.jpg,Tomato___Bacterial_spot
img_7211dc6c.jpg,Orange___Haunglongbing_(Citrus_greening)
img_38240df8.jpg,Corn_(maize)___Common_rust_
img_54ec1d6e.jpg,Soybean___healthy
img_2689fd95.jpg,Tomato___Late_blight
img_89b4f13f.jpg,Soybean___healthy
img_16a05344.jpg,Corn_(maize)___Common_rust_
img_0788c4fe.jpg,Tomato___Late_blight
img_8b89f918.jpg,Grape___Esca_(Black_Measles)
img_04aa33d7.jpg,Corn_(maize)___Common_rust_
img_d4c8e949.jpg,Tomato___Bacterial_spot
img_b91d1f69.jpg,Potato___Early_blight
img_26c2dfc6.jpg,Tomato___Bacterial_spot
img_49ec4b89.jpg,Tomato___Spider_mites Two-spotted_spider_mite
img_43c0ef0b.jpg,Peach___Bacterial_spot
img_3d0a077b.jpg,Apple___healthy
img_96a40869.jpg,Cherry_(including_sour)___Powdery_mildew
img_926feb66.jpg,Soybean___healthy
img_8cff7c97.jpg,Tomato___Tomato_Yellow_Leaf_Curl_Virus
img_3cf873a0.jpg,Potato___Early_blight
img_1a0aad5c.jpg,"Pepper,_bell___Bacterial_spot"
img_ba0f725a.jpg,Squash___Powdery_mildew
img_0af24acd.jpg,Corn_(maize)___Common_rust_
img_19cbc9f0.jpg,"Pepper,_bell___Bacterial_spot"
img_1c091b11.jpg,Orange___Haunglongbing_(Citrus_greening)
img_ebb2cd45.jpg,Apple___healthy
img_1b5f35f6.jpg,Tomato___Tomato_Yellow_Leaf_Curl_Virus
img_8af6eede.jpg,Tomato___Early_blight
img_6173ac42.jpg,"Pepper,_bell___healthy"
img_457e9862.jpg,Tomato___Target_Spot
img_fb7b67de.jpg,Tomato___Spider_mites Two-spotted_spider_mite
img_20a817f3.jpg,Cherry_(including_sour)___healthy
img_9f951179.jpg,Tomato___Early_blight
img_acdcc2a2.jpg,Corn_(maize)___Common_rust_
img_fc736893.jpg,Tomato___healthy
img_353a710a.jpg,Soybean___healthy
img_43617f04.jpg,Apple___healthy
img_813bf1de.jpg,Tomato___Tomato_Yellow_Leaf_Curl_Virus
img_5020b596.jpg,Raspberry___healthy
img_d2e30d1b.jpg,Tomato___Leaf_Mold
img_55a06de0.jpg,Tomato___Tomato_Yellow_Leaf_Curl_Virus
img_b23b7aa2.jpg,Corn_(maize)___healthy
img_af9d8501.jpg,Apple___healthy
img_433ac5ca.jpg,Soybean___healthy
img_e6dfeeb6.jpg,Apple___healthy
img_7618b439.jpg,Potato___Late_blight
img_d3104b3f.jpg,Tomato___healthy
img_ba37ba24.jpg,"Pepper,_bell___healthy"
img_b3cca499.jpg,Peach___Bacterial_spot
img_3957c4f1.jpg,Tomato___Tomato_Yellow_Leaf_Curl_Virus
img_8a93b7c2.jpg,Tomato___Bacterial_spot
img_c94ab966.jpg,Strawberry___Leaf_scorch
img_373a9bd5.jpg,Soybean___healthy
img_0a32db39.jpg,Orange___Haunglongbing_(Citrus_greening)
img_8bb8eff3.jpg,Orange___Haunglongbing_(Citrus_greening)
img_d66cf7b2.jpg,Corn_(maize)___healthy
img_063d2056.jpg,Tomato___Late_blight
img_6537468b.jpg,Corn_(maize)___Common_rust_
img_5f2ff448.jpg,Raspberry___healthy
img_7c151032.jpg,Blueberry___healthy
img_5ee1469a.jpg,Cherry_(including_sour)___Powdery_mildew
img_68af9260.jpg,Grape___Leaf_blight_(Isariopsis_Leaf_Spot)
img_9b663cd3.jpg,Strawberry___Leaf_scorch
img_5f66ce4e.jpg,Potato___Early_blight
img_885f23b4.jpg,Orange___Haunglongbing_(Citrus_greening)
img_fb20d836.jpg,Apple___Cedar_apple_rust
img_e4819f3b.jpg,Tomato___Spider_mites Two-spotted_spider_mite
img_dc32299a.jpg,Corn_(maize)___healthy
img_28f93af0.jpg,Tomato___Target_Spot
img_10fd53e9.jpg,Tomato___Bacterial_spot
img_d5ddc081.jpg,Tomato___Bacterial_spot
img_71781934.jpg,Tomato___Tomato_Yellow_Leaf_Curl_Virus
img_275657e8.jpg,Tomato___healthy
img_26285359.jpg,Tomato___Septoria_leaf_spot
img_186ecdc7.jpg,Tomato___Tomato_Yellow_Leaf_Curl_Virus
img_0da43bff.jpg,Apple___Apple_scab
img_7060ac11.jpg,"Pepper,_bell___healthy"
img_392ceb24.jpg,Soybean___healthy
img_7aff7eae.jpg,Potato___Early_blight
img_c3b287a2.jpg,Tomato___Late_blight
img_dec77a39.jpg,Grape___Leaf_blight_(Isariopsis_Leaf_Spot)
img_f212187e.jpg,Tomato___Spider_mites Two-spotted_spider_mite
img_2c1d209d.jpg,Grape___Black_rot
img_5973b7db.jpg,Grape___Esca_(Black_Measles)
img_2c8732c8.jpg,Cherry_(including_sour)___Powdery_mildew
img_ea647ae0.jpg,Tomato___Early_blight
img_c41091f6.jpg,Tomato___Tomato_Yellow_Leaf_Curl_Virus
img_eb820d57.jpg,Orange___Haunglongbing_(Citrus_greening)
img_811e55e4.jpg,Corn_(maize)___Cercospora_leaf_spot Gray_leaf_spot
img_335f24d4.jpg,Soybean___healthy
img_0be5807a.jpg,Apple___healthy
img_5d5d4022.jpg,Soybean___healthy
img_ed7c5a6d.jpg,Orange___Haunglongbing_(Citrus_greening)
img_91f3ba49.jpg,Tomato___Spider_mites Two-spotted_spider_mite
img_5520ed6f.jpg,Squash___Powdery_mildew
img_458d1260.jpg,Soybean___healthy
img_d2b6bdf6.jpg,"Pepper,_bell___Bacterial_spot"
img_ab9369a7.jpg,"Pepper,_bell___Bacterial_spot"
img_8f55ee8a.jpg,"Pepper,_bell___healthy"
img_cdda67ec.jpg,Corn_(maize)___Cercospora_leaf_spot Gray_leaf_spot
img_9575d425.jpg,Soybean___healthy
img_73dde683.jpg,"Pepper,_bell___healthy"
img_4995524f.jpg,Corn_(maize)___healthy
img_03a1f9b3.jpg,Tomato___Bacterial_spot
img_2e9b524b.jpg,Orange___Haunglongbing_(Citrus_greening)
img_d37dafaa.jpg,Tomato___Tomato_Yellow_Leaf_Curl_Virus
img_e5afe08d.jpg,Orange___Haunglongbing_(Citrus_greening)
img_6088d0a2.jpg,Tomato___healthy
img_3449c39d.jpg,Soybean___healthy
img_69aa2d8c.jpg,Grape___healthy
img_576c0010.jpg,"Pepper,_bell___Bacterial_spot"
img_832d55a0.jpg,Blueberry___healthy
img_de607621.jpg,Tomato___Septoria_leaf_spot
img_f01fbbc9.jpg,Grape___Leaf_blight_(Isariopsis_Leaf_Spot)
img_16ab5b50.jpg,Soybean___healthy
img_a3ff870f.jpg,Tomato___Septoria_leaf_spot
img_ef05440c.jpg,Grape___Esca_(Black_Measles)
img_5d42b0e8.jpg,Tomato___Late_blight
img_135346af.jpg,Tomato___Tomato_Yellow_Leaf_Curl_Virus
img_0b8da1b8.jpg,Tomato___Target_Spot
img_705e6c6c.jpg,Potato___Early_blight
img_ff4d39af.jpg,Soybean___healthy
img_3f46dd64.jpg,Blueberry___healthy
img_9690ac6c.jpg,Apple___Apple_scab
img_d7f9576c.jpg,Blueberry___healthy
img_c40942e8.jpg,Orange___Haunglongbing_(Citrus_greening)
img_c51f150b.jpg,Squash___Powdery_mildew
img_01ae3a7d.jpg,Peach___Bacterial_spot
img_a6ced86e.jpg,Peach___Bacterial_spot
img_b2917abe.jpg,Orange___Haunglongbing_(Citrus_greening)
img_88e568ff.jpg,Soybean___healthy
img_61208141.jpg,Potato___Late_blight
img_d48a0b26.jpg,Squash___Powdery_mildew
img_2b2299c9.jpg,Strawberry___Leaf_scorch
img_84a74e03.jpg,Peach___Bacterial_spot
img_cb120060.jpg,Orange___Haunglongbing_(Citrus_greening)
img_dfeac278.jpg,Grape___Esca_(Black_Measles)
img_eeec1da7.jpg,"Pepper,_bell___healthy"
img_426fb4e8.jpg,Orange___Haunglongbing_(Citrus_greening)
img_cf6a7394.jpg,Tomato___Early_blight
img_6dd5aa7e.jpg,Soybean___healthy
img_2ef8d94d.jpg,Cherry_(including_sour)___Powdery_mildew
img_d1e13288.jpg,Raspberry___healthy
img_9f21f1c7.jpg,Soybean___healthy
img_c4564637.jpg,Peach___Bacterial_spot
img_b0b3abb9.jpg,Tomato___Leaf_Mold
img_daef833e.jpg,Corn_(maize)___Northern_Leaf_Blight
img_cb8948be.jpg,Tomato___Tomato_Yellow_Leaf_Curl_Virus
img_44fde951.jpg,Orange___Haunglongbing_(Citrus_greening)
img_05b1f400.jpg,Tomato___Septoria_leaf_spot
img_8bcc428d.jpg,Potato___Early_blight
img_c2dcff9a.jpg,Tomato___Bacterial_spot
img_136c24ae.jpg,Squash___Powdery_mildew
img_0223e45c.jpg,Squash___Powdery_mildew
img_34e71793.jpg,Corn_(maize)___Common_rust_
img_c445fdf7.jpg,Cherry_(including_sour)___healthy
img_3417e3d1.jpg,Corn_(maize)___healthy
img_3e805f99.jpg,Grape___Esca_(Black_Measles)
img_b0ef264f.jpg,Soybean___healthy
img_126660c1.jpg,Soybean___healthy
img_7759b0df.jpg,Corn_(maize)___Common_rust_
img_93c14ba3.jpg,Corn_(maize)___Common_rust_
img_8c349b5c.jpg,"Pepper,_bell___healthy"
img_dabcd746.jpg,Corn_(maize)___healthy
img_4cfbdf17.jpg,Tomato___Tomato_mosaic_virus
img_fac552c1.jpg,Tomato___Spider_mites Two-spotted_spider_mite
img_c8f5114f.jpg,Squash___Powdery_mildew
img_8754427a.jpg,Tomato___Tomato_Yellow_Leaf_Curl_Virus
img_3e4f7a6e.jpg,Tomato___Spider_mites Two-spotted_spider_mite
img_c97f564d.jpg,Blueberry___healthy
img_fd4e631d.jpg,Potato___healthy
img_9e7cfb01.jpg,Soybean___healthy
img_839bcc85.jpg,Tomato___healthy
img_b9b0e688.jpg,Orange___Haunglongbing_(Citrus_greening)
img_442e13cf.jpg,Tomato___Late_blight
img_290b4a75.jpg,Potato___Late_blight
img_a3c65e72.jpg,Orange___Haunglongbing_(Citrus_greening)
img_440299d8.jpg,Orange___Haunglongbing_(Citrus_greening)
img_f5abfe20.jpg,"Pepper,_bell___Bacterial_spot"
img_e64895fd.jpg,Strawberry___Leaf_scorch
img_eae78e24.jpg,Squash___Powdery_mildew
img_b8959e94.jpg,Cherry_(including_sour)___healthy
img_9ddac9bf.jpg,Apple___Apple_scab
img_3d4da5cc.jpg,Raspberry___healthy
img_6e1e6ef2.jpg,Corn_(maize)___healthy
img_68e7f452.jpg,Potato___Early_blight
img_af4a80e3.jpg,Strawberry___Leaf_scorch
img_758bd4ee.jpg,Tomato___Late_blight
img_9d79d96d.jpg,Tomato___Tomato_Yellow_Leaf_Curl_Virus
img_17f97a71.jpg,Cherry_(including_sour)___Powdery_mildew
img_c1430b80.jpg,Orange___Haunglongbing_(Citrus_greening)
img_5da2eec8.jpg,Orange___Haunglongbing_(Citrus_greening)
img_aadb7c38.jpg,Orange___Haunglongbing_(Citrus_greening)
img_308a5938.jpg,Grape___Esca_(Black_Measles)
img_b04365f4.jpg,Blueberry___healthy
img_eb657b66.jpg,Tomato___Tomato_Yellow_Leaf_Curl_Virus
img_a2da43af.jpg,Soybean___healthy
img_bd6fdbd0.jpg,Corn_(maize)___Common_rust_
img_13f84b5c.jpg,Grape___Leaf_blight_(Isariopsis_Leaf_Spot)
img_21b1d427.jpg,"Pepper,_bell___Bacterial_spot"
img_f0689e36.jpg,Tomato___Tomato_Yellow_Leaf_Curl_Virus
img_34937827.jpg,Tomato___Bacterial_spot
img_1cd51a65.jpg,Peach___Bacterial_spot
img_c1c3f7c5.jpg,Orange___Haunglongbing_(Citrus_greening)
img_2652ae06.jpg,Apple___healthy
img_90b632f8.jpg,Tomato___Bacterial_spot
img_d2a9d09e.jpg,Grape___Leaf_blight_(Isariopsis_Leaf_Spot)
img_0cd3d031.jpg,Tomato___Tomato_Yellow_Leaf_Curl_Virus
img_9ba08b64.jpg,Tomato___Bacterial_spot
img_dd66ba15.jpg,Tomato___Bacterial_spot
img_7fb76390.jpg,Cherry_(including_sour)___Powdery_mildew
img_354181a8.jpg,Grape___Black_rot
img_bb467726.jpg,Tomato___Leaf_Mold
img_1619f555.jpg,Orange___Haunglongbing_(Citrus_greening)
img_6414f061.jpg,Potato___Late_blight
img_9a49f254.jpg,Tomato___Late_blight
img_2c62d76d.jpg,Raspberry___healthy
img_0856e95b.jpg,Apple___healthy
img_bd312e82.jpg,Tomato___Late_blight
img_060dd282.jpg,Corn_(maize)___healthy
img_f76bc228.jpg,Squash___Powdery_mildew
img_078c58a3.jpg,Orange___Haunglongbing_(Citrus_greening)
img_4196b5ee.jpg,Soybean___healthy
img_3634d944.jpg,Corn_(maize)___Cercospora_leaf_spot Gray_leaf_spot
img_c55a1bcc.jpg,Corn_(maize)___Northern_Leaf_Blight
img_e4c99c0b.jpg,Potato___Early_blight
img_ebb2235c.jpg,Tomato___Tomato_Yellow_Leaf_Curl_Virus
img_67780398.jpg,Tomato___Tomato_Yellow_Leaf_Curl_Virus
img_c6220e1e.jpg,Apple___healthy
img_e6cb6921.jpg,Tomato___Tomato_Yellow_Leaf_Curl_Virus
img_54233ad1.jpg,Squash___Powdery_mildew
img_53592f42.jpg,Orange___Haunglongbing_(Citrus_greening)
img_c3af8a99.jpg,Tomato___Late_blight
img_e3d53692.jpg,Peach___Bacterial_spot
img_17c1f145.jpg,Tomato___Target_Spot
img_8a634fe8.jpg,Potato___Early_blight
img_5c44f0af.jpg,Tomato___Target_Spot
img_e940843b.jpg,Tomato___Target_Spot
img_8f15b14e.jpg,Apple___Black_rot
img_67095dfb.jpg,Tomato___Bacterial_spot
img_922d86a6.jpg,Peach___Bacterial_spot
img_695fc246.jpg,Raspberry___healthy
img_2a507656.jpg,Soybean___healthy
img_3b1f00de.jpg,Tomato___Leaf_Mold
img_32505775.jpg,Orange___Haunglongbing_(Citrus_greening)
img_0166981b.jpg,Orange___Haunglongbing_(Citrus_greening)
img_2c8a2180.jpg,"Pepper,_bell___Bacterial_spot"
img_6192c048.jpg,Tomato___Tomato_Yellow_Leaf_Curl_Virus
img_0186fa2d.jpg,Tomato___Bacterial_spot
img_852b4b2e.jpg,Grape___Leaf_blight_(Isariopsis_Leaf_Spot)
img_f42d0f56.jpg,"Pepper,_bell___healthy"
img_eeda0fe5.jpg,Tomato___Late_blight
img_1e7afe6d.jpg,Orange___Haunglongbing_(Citrus_greening)
img_99c5af7c.jpg,Corn_(maize)___healthy
img_65766149.jpg,Tomato___Tomato_Yellow_Leaf_Curl_Virus
img_e707a35a.jpg,Tomato___Late_blight
img_f1007f65.jpg,Soybean___healthy
img_064f0cd7.jpg,Tomato___Septoria_leaf_spot
img_b1c7c828.jpg,Orange___Haunglongbing_(Citrus_greening)
img_28a99bf8.jpg,Grape___Leaf_blight_(Isariopsis_Leaf_Spot)
img_ea39d5a1.jpg,Corn_(maize)___Northern_Leaf_Blight
img_50c1c7c5.jpg,Corn_(maize)___healthy
img_cad4133d.jpg,Orange___Haunglongbing_(Citrus_greening)
img_eec0b7be.jpg,Cherry_(including_sour)___Powdery_mildew
img_4f3908ac.jpg,Tomato___Tomato_Yellow_Leaf_Curl_Virus
img_b86f0522.jpg,Potato___Early_blight
img_89165f3c.jpg,Blueberry___healthy
img_799d76a1.jpg,Tomato___Early_blight
img_923f5e6d.jpg,Tomato___healthy
img_9aea1fe5.jpg,Soybean___healthy
img_5d9ffb84.jpg,Tomato___Spider_mites Two-spotted_spider_mite
img_d6c3fdcb.jpg,Squash___Powdery_mildew
img_f6b19f27.jpg,Grape___Esca_(Black_Measles)
img_28f1cce3.jpg,Tomato___Bacterial_spot
img_69aa2e59.jpg,Corn_(maize)___Cercospora_leaf_spot Gray_leaf_spot
img_8561ef47.jpg,Orange___Haunglongbing_(Citrus_greening)
img_028262a1.jpg,Soybean___healthy
img_2420653c.jpg,Orange___Haunglongbing_(Citrus_greening)
img_e4b9554e.jpg,Squash___Powdery_mildew
img_a64b364d.jpg,"Pepper,_bell___healthy"
img_9fb11b0e.jpg,Potato___Early_blight
img_51e88aa5.jpg,Apple___Black_rot
img_539ff870.jpg,Tomato___Early_blight
img_dc528730.jpg,Grape___Esca_(Black_Measles)
img_3e1c8fbe.jpg,Corn_(maize)___Cercospora_leaf_spot Gray_leaf_spot
img_b50a9952.jpg,Peach___Bacterial_spot
img_e94edc88.jpg,Potato___Late_blight
img_3ff7f32a.jpg,"Pepper,_bell___Bacterial_spot"
img_1403420b.jpg,Tomato___Tomato_Yellow_Leaf_Curl_Virus
img_5d769066.jpg,Tomato___Late_blight
img_d1f7e47c.jpg,Peach___Bacterial_spot
img_8ef021cb.jpg,Squash___Powdery_mildew
img_abcf1cec.jpg,Tomato___Early_blight
img_a04e7d82.jpg,Corn_(maize)___healthy
img_1a560447.jpg,Tomato___Spider_mites Two-spotted_spider_mite
img_37202665.jpg,Cherry_(including_sour)___healthy
img_184f244d.jpg,Tomato___Bacterial_spot
img_2c14ec32.jpg,Tomato___Tomato_Yellow_Leaf_Curl_Virus
img_587a1ae3.jpg,Squash___Powdery_mildew
img_8c969a37.jpg,Orange___Haunglongbing_(Citrus_greening)
img_b3f0f8b0.jpg,Cherry_(including_sour)___healthy
img_a478ddaa.jpg,Apple___Cedar_apple_rust
img_3a0e91fb.jpg,Tomato___Tomato_Yellow_Leaf_Curl_Virus
img_49d52bf7.jpg,"Pepper,_bell___healthy"
img_a48530fa.jpg,Orange___Haunglongbing_(Citrus_greening)
img_21a27e1d.jpg,Soybean___healthy
img_e448d73c.jpg,Peach___Bacterial_spot
img_ed3971db.jpg,Squash___Powdery_mildew
img_95077e21.jpg,Squash___Powdery_mildew
img_fd24916c.jpg,Potato___Late_blight
img_7d01fd2c.jpg,Cherry_(including_sour)___Powdery_mildew
img_ed62c213.jpg,Blueberry___healthy
img_30668012.jpg,Tomato___Early_blight
img_8d60de8e.jpg,Soybean___healthy
img_404e0578.jpg,Tomato___Tomato_Yellow_Leaf_Curl_Virus
img_6e850f1b.jpg,Tomato___Leaf_Mold
img_1de5951d.jpg,Tomato___Early_blight
img_de03f95e.jpg,Tomato___Tomato_Yellow_Leaf_Curl_Virus
img_69318fe5.jpg,Soybean___healthy
img_ccd7ee8a.jpg,Grape___Black_rot
img_dbc83a3d.jpg,Orange___Haunglongbing_(Citrus_greening)
img_1bab852c.jpg,Tomato___Bacterial_spot
img_6af1b87e.jpg,Apple___Black_rot
img_d6792ea6.jpg,Orange___Haunglongbing_(Citrus_greening)
img_cc8be088.jpg,Tomato___Tomato_mosaic_virus
img_8fc9a63c.jpg,"Pepper,_bell___healthy"
img_0728d87e.jpg,"Pepper,_bell___healthy"
img_0ced7167.jpg,Tomato___Spider_mites Two-spotted_spider_mite
img_d1f476d3.jpg,Tomato___Spider_mites Two-spotted_spider_mite
img_400a60d4.jpg,Orange___Haunglongbing_(Citrus_greening)
img_aefc5c45.jpg,Blueberry___healthy
img_98fbbfa6.jpg,Apple___Apple_scab
img_89e1dad3.jpg,Potato___Late_blight
img_492ed12b.jpg,Soybean___healthy
img_6d5b7d2e.jpg,Tomato___Leaf_Mold
img_c3302884.jpg,Soybean___healthy
img_68e3fc7d.jpg,Blueberry___healthy
img_631aef17.jpg,Tomato___Bacterial_spot
img_d26e2b10.jpg,Grape___Esca_(Black_Measles)
img_16d2204d.jpg,Grape___Leaf_blight_(Isariopsis_Leaf_Spot)
img_3898767f.jpg,Tomato___Bacterial_spot
img_3e3e6db4.jpg,Tomato___Tomato_Yellow_Leaf_Curl_Virus
img_034a548a.jpg,Corn_(maize)___Common_rust_
img_185e9b1c.jpg,Corn_(maize)___healthy
img_43266cb8.jpg,Peach___healthy
img_b6750363.jpg,Tomato___Late_blight
img_ed1ffd1a.jpg,Squash___Powdery_mildew
img_5763ac76.jpg,Squash___Powdery_mildew
img_8e92cd66.jpg,Squash___Powdery_mildew
img_4cf214f0.jpg,Squash___Powdery_mildew
img_02a3ff6f.jpg,Tomato___Tomato_Yellow_Leaf_Curl_Virus
img_3ec2446a.jpg,Soybean___healthy
img_9dd6e889.jpg,Orange___Haunglongbing_(Citrus_greening)
img_6886b621.jpg,Tomato___Target_Spot
img_8b97f919.jpg,Peach___Bacterial_spot
img_9c4245a7.jpg,Peach___healthy
img_50277a47.jpg,Tomato___Leaf_Mold
img_e732350d.jpg,Grape___Leaf_blight_(Isariopsis_Leaf_Spot)
img_33fbe7dd.jpg,Tomato___healthy
img_a6561c34.jpg,Soybean___healthy
img_a7415ef2.jpg,Tomato___Late_blight
img_17410ff5.jpg,Potato___Early_blight
img_9c91a7cb.jpg,"Pepper,_bell___Bacterial_spot"
img_6232a74f.jpg,Tomato___Late_blight
img_43ad5c79.jpg,Orange___Haunglongbing_(Citrus_greening)
img_0bf5bf0a.jpg,Soybean___healthy
img_3e475bb8.jpg,Tomato___Tomato_mosaic_virus
img_8cd7c642.jpg,Strawberry___Leaf_scorch
img_026025c9.jpg,Grape___Black_rot
img_4f60ebec.jpg,Strawberry___Leaf_scorch
img_a06eed29.jpg,Tomato___Target_Spot
img_045bbf16.jpg,Tomato___Leaf_Mold
img_9e6aa5d8.jpg,Peach___Bacterial_spot
img_a9e5689c.jpg,"Pepper,_bell___healthy"
img_3d316ae9.jpg,Soybean___healthy
img_5002660e.jpg,Tomato___Tomato_Yellow_Leaf_Curl_Virus
img_6fef4f90.jpg,Orange___Haunglongbing_(Citrus_greening)
img_0663a1d6.jpg,Squash___Powdery_mildew
img_f8d8d578.jpg,Raspberry___healthy
img_728466cc.jpg,Apple___Black_rot
img_b50a2f1d.jpg,Orange___Haunglongbing_(Citrus_greening)
img_ddb0bf40.jpg,Tomato___Tomato_Yellow_Leaf_Curl_Virus
img_bf163fb7.jpg,Potato___Late_blight
img_9dc27ce3.jpg,Tomato___Septoria_leaf_spot
img_b87cf01d.jpg,Corn_(maize)___healthy
img_c12a76c7.jpg,Tomato___Early_blight
img_224779f6.jpg,Tomato___Tomato_Yellow_Leaf_Curl_Virus
img_6f094a6f.jpg,Tomato___Bacterial_spot
img_ac0cacb5.jpg,Grape___healthy
img_cdbbb987.jpg,Tomato___Bacterial_spot
img_0e531a4b.jpg,Tomato___Tomato_Yellow_Leaf_Curl_Virus
img_10fdbf20.jpg,Cherry_(including_sour)___healthy
img_0b25c9df.jpg,Tomato___Late_blight
img_46c6e1fc.jpg,Tomato___Tomato_Yellow_Leaf_Curl_Virus
img_c00a1a78.jpg,Tomato___Tomato_Yellow_Leaf_Curl_Virus
img_6be71993.jpg,Peach___Bacterial_spot
img_36b1ba71.jpg,Orange___Haunglongbing_(Citrus_greening)
img_72c1655f.jpg,Corn_(maize)___healthy
img_6794b46b.jpg,Tomato___Tomato_Yellow_Leaf_Curl_Virus
img_72ce5472.jpg,Soybean___healthy
img_0ae85fa1.jpg,Tomato___Septoria_leaf_spot
img_c3bed715.jpg,Cherry_(including_sour)___Powdery_mildew
img_f39da463.jpg,Tomato___Tomato_Yellow_Leaf_Curl_Virus
img_7854e37a.jpg,Soybean___healthy
img_dcb6f0d1.jpg,Tomato___Target_Spot
img_a2e87ad0.jpg,Peach___Bacterial_spot
img_6727aaab.jpg,Blueberry___healthy
img_48a91e76.jpg,Tomato___Spider_mites Two-spotted_spider_mite
img_95ed34a1.jpg,Tomato___Late_blight
img_2290e858.jpg,Tomato___healthy
img_7636c112.jpg,Tomato___Leaf_Mold
img_cb526f94.jpg,Orange___Haunglongbing_(Citrus_greening)
img_542332e8.jpg,Orange___Haunglongbing_(Citrus_greening)
img_98e86c9e.jpg,Tomato___Tomato_Yellow_Leaf_Curl_Virus
img_02f9a7b3.jpg,Tomato___Tomato_Yellow_Leaf_Curl_Virus
img_00fb7c89.jpg,Corn_(maize)___Common_rust_
img_3826835b.jpg,Soybean___healthy
img_e420a870.jpg,Tomato___Leaf_Mold
img_413d9caf.jpg,"Pepper,_bell___Bacterial_spot"
img_7e2321df.jpg,Soybean___healthy
img_9b5d2185.jpg,"Pepper,_bell___healthy"
img_56cdcd70.jpg,Orange___Haunglongbing_(Citrus_greening)
img_733a97d0.jpg,Soybean___healthy
img_e458450e.jpg,Soybean___healthy
img_46284500.jpg,"Pepper,_bell___healthy"
img_d3aa87d7.jpg,Tomato___Late_blight
img_77e01c37.jpg,Tomato___Late_blight
img_f3e26be8.jpg,Tomato___healthy
img_3968f09f.jpg,Soybean___healthy
img_7507bfe3.jpg,"Pepper,_bell___healthy"
img_305db010.jpg,Peach___Bacterial_spot
img_a22e7530.jpg,Blueberry___healthy
img_10d54520.jpg,Tomato___Tomato_Yellow_Leaf_Curl_Virus
img_3366d108.jpg,"Pepper,_bell___healthy"
img_6f6ea317.jpg,Cherry_(including_sour)___healthy
img_e8459a87.jpg,Apple___healthy
img_712f7988.jpg,Cherry_(including_sour)___Powdery_mildew
img_b0d46973.jpg,Tomato___Bacterial_spot
img_c8ace719.jpg,Tomato___Tomato_mosaic_virus
img_55d758f3.jpg,Corn_(maize)___Northern_Leaf_Blight
img_66344acd.jpg,Tomato___Bacterial_spot
img_1556858d.jpg,Grape___Black_rot
img_fc0b9337.jpg,Orange___Haunglongbing_(Citrus_greening)
img_cfa20f5b.jpg,Strawberry___Leaf_scorch
img_2abc511d.jpg,Orange___Haunglongbing_(Citrus_greening)
img_ddbcc1c5.jpg,Orange___Haunglongbing_(Citrus_greening)
img_f3cfff08.jpg,Soybean___healthy
img_e1662ea5.jpg,"Pepper,_bell___healthy"
img_23c2ce32.jpg,Orange___Haunglongbing_(Citrus_greening)
img_ba3ae0cf.jpg,Tomato___Target_Spot
img_bdbc7924.jpg,Peach___Bacterial_spot
img_64a7903f.jpg,Grape___Esca_(Black_Measles)
img_f0748117.jpg,Corn_(maize)___Common_rust_
img_ce2c55d8.jpg,Squash___Powdery_mildew
img_3baf7dea.jpg,Grape___Black_rot
img_f1157fa0.jpg,Tomato___Leaf_Mold
img_dd2dff0e.jpg,Potato___Early_blight
img_884f8765.jpg,Grape___Black_rot
img_86e82c98.jpg,Tomato___Late_blight
img_8cf71d64.jpg,Orange___Haunglongbing_(Citrus_greening)
img_a1390bb0.jpg,Peach___Bacterial_spot
img_6c71a050.jpg,Tomato___Early_blight
img_6c05b354.jpg,Apple___healthy
img_07488e84.jpg,Apple___Apple_scab
img_e0bf862a.jpg,Soybean___healthy
img_9b70a598.jpg,Tomato___Spider_mites Two-spotted_spider_mite
img_b0b72f76.jpg,Orange___Haunglongbing_(Citrus_greening)
img_db5a3f36.jpg,Blueberry___healthy
img_ff30bf59.jpg,Grape___Black_rot
img_cdad43d5.jpg,"Pepper,_bell___healthy"
img_38ed213e.jpg,Grape___Esca_(Black_Measles)
img_5c2850b2.jpg,Tomato___Tomato_Yellow_Leaf_Curl_Virus
img_cd4dad81.jpg,Tomato___Target_Spot
img_748cb680.jpg,Apple___healthy
img_06429cdb.jpg,Tomato___Tomato_Yellow_Leaf_Curl_Virus
img_837b0867.jpg,Tomato___Tomato_Yellow_Leaf_Curl_Virus
img_38a62eea.jpg,Tomato___Tomato_Yellow_Leaf_Curl_Virus
img_fa0bb369.jpg,Corn_(maize)___Common_rust_
img_1014d975.jpg,Raspberry___healthy
img_dc4ae932.jpg,Orange___Haunglongbing_(Citrus_greening)
img_2ce211d3.jpg,Potato___Late_blight
img_396e0207.jpg,Potato___Early_blight
img_ac6a074b.jpg,Blueberry___healthy
img_d9b68567.jpg,Tomato___Tomato_Yellow_Leaf_Curl_Virus
img_35a30446.jpg,Potato___Early_blight
img_22664534.jpg,Apple___Apple_scab
img_6ab413da.jpg,Strawberry___Leaf_scorch
img_f485d54d.jpg,Tomato___Septoria_leaf_spot
img_be96f334.jpg,Tomato___Septoria_leaf_spot
img_5fc4046c.jpg,Tomato___Tomato_Yellow_Leaf_Curl_Virus
img_b17d00df.jpg,Tomato___Tomato_Yellow_Leaf_Curl_Virus
img_bea95fa8.jpg,Orange___Haunglongbing_(Citrus_greening)
img_7e21eb93.jpg,Grape___Black_rot
img_38ced00e.jpg,Tomato___Tomato_Yellow_Leaf_Curl_Virus
img_9f7cc8fd.jpg,Tomato___Tomato_Yellow_Leaf_Curl_Virus
img_75e4e79e.jpg,Tomato___Leaf_Mold
img_b4f26ad1.jpg,Corn_(maize)___healthy
img_585a6636.jpg,Cherry_(including_sour)___healthy
img_64da8857.jpg,Tomato___Bacterial_spot
img_790e553b.jpg,Apple___Black_rot
img_3b528dca.jpg,Peach___Bacterial_spot
img_989a67bb.jpg,Strawberry___Leaf_scorch
img_fc6bcf40.jpg,Tomato___Leaf_Mold
img_ed28893a.jpg,Orange___Haunglongbing_(Citrus_greening)
img_55859c0d.jpg,Apple___Apple_scab
img_e6125a48.jpg,Grape___healthy
img_7d87f228.jpg,Tomato___healthy
img_651b5f9f.jpg,Grape___Esca_(Black_Measles)
img_e61ad118.jpg,Cherry_(including_sour)___Powdery_mildew
img_aa20f51d.jpg,Tomato___Tomato_Yellow_Leaf_Curl_Virus
img_ca3e1b74.jpg,Soybean___healthy
img_3a356ad8.jpg,Tomato___Tomato_Yellow_Leaf_Curl_Virus
img_875279ae.jpg,Soybean___healthy
img_19785b52.jpg,Tomato___Bacterial_spot
img_54c50327.jpg,Grape___Esca_(Black_Measles)
img_d0619cd8.jpg,Apple___healthy
img_629d5d1c.jpg,Tomato___healthy
img_2118b17e.jpg,"Pepper,_bell___Bacterial_spot"
img_68d8c323.jpg,Potato___Early_blight
img_f5436fc2.jpg,Tomato___Bacterial_spot
img_7061b345.jpg,Corn_(maize)___Northern_Leaf_Blight
img_b0ca5ff9.jpg,Soybean___healthy
img_b565835b.jpg,Squash___Powdery_mildew
img_a74d7102.jpg,Corn_(maize)___Cercospora_leaf_spot Gray_leaf_spot
img_1bcc6ca1.jpg,"Pepper,_bell___Bacterial_spot"
img_084d412d.jpg,Tomato___healthy
img_c878ef19.jpg,Tomato___Target_Spot
img_4c91eb81.jpg,Orange___Haunglongbing_(Citrus_greening)
img_a2475205.jpg,Tomato___Early_blight
img_f0bbeed4.jpg,Soybean___healthy
img_5f4e2087.jpg,"Pepper,_bell___healthy"
img_acc0b744.jpg,Squash___Powdery_mildew
img_69caf0d5.jpg,Potato___Late_blight
img_71359088.jpg,Cherry_(including_sour)___Powdery_mildew
img_09c17ad8.jpg,Tomato___Septoria_leaf_spot
img_ea47bd77.jpg,Blueberry___healthy
img_18f0b0b3.jpg,Tomato___healthy
img_23cc4b68.jpg,Corn_(maize)___Cercospora_leaf_spot Gray_leaf_spot
img_b77700e9.jpg,Apple___Black_rot
img_088e3422.jpg,Tomato___Late_blight
img_0c41d396.jpg,Tomato___Spider_mites Two-spotted_spider_mite
img_86e69e06.jpg,Potato___Late_blight
img_7daee52d.jpg,Tomato___Bacterial_spot
img_fa6cee99.jpg,Soybean___healthy
img_1c2c8102.jpg,Orange___Haunglongbing_(Citrus_greening)
img_ead07ab2.jpg,Corn_(maize)___healthy
img_07a342a9.jpg,Tomato___Septoria_leaf_spot
img_690be1b6.jpg,"Pepper,_bell___healthy"
img_a3e660b5.jpg,Peach___Bacterial_spot
img_82fe7e8b.jpg,Apple___Black_rot
img_9e61ee52.jpg,Tomato___Tomato_Yellow_Leaf_Curl_Virus
img_bb3bb72c.jpg,Potato___Early_blight
img_3ae76ad1.jpg,"Pepper,_bell___Bacterial_spot"
img_b2d61816.jpg,Tomato___Bacterial_spot
img_b640f08e.jpg,Orange___Haunglongbing_(Citrus_greening)
img_8d443291.jpg,Soybean___healthy
img_6840e31d.jpg,Tomato___Tomato_Yellow_Leaf_Curl_Virus
img_63997828.jpg,Tomato___Septoria_leaf_spot
img_927dd982.jpg,Orange___Haunglongbing_(Citrus_greening)
img_68aef0a4.jpg,Tomato___Bacterial_spot
img_7aa81b71.jpg,Corn_(maize)___healthy
img_b4d40e8f.jpg,Apple___healthy
img_de5b63ef.jpg,Tomato___Tomato_Yellow_Leaf_Curl_Virus
img_0cab963d.jpg,Tomato___healthy
img_1eca8b93.jpg,Tomato___healthy
img_e9b69576.jpg,Grape___Black_rot
img_4c849d6b.jpg,Grape___Esca_(Black_Measles)
img_a48e0065.jpg,Soybean___healthy
img_94f69e2d.jpg,Tomato___Septoria_leaf_spot
img_50bbc179.jpg,Apple___healthy
img_1758a771.jpg,Tomato___Septoria_leaf_spot
img_9e83ce68.jpg,Squash___Powdery_mildew
img_97d7567d.jpg,Tomato___Septoria_leaf_spot
img_f2c80ca8.jpg,Tomato___Septoria_leaf_spot
img_76de7c20.jpg,Orange___Haunglongbing_(Citrus_greening)
img_cedd4bf9.jpg,Soybean___healthy
img_198261c7.jpg,Soybean___healthy
img_731237bc.jpg,Blueberry___healthy
img_39404cf9.jpg,Tomato___Target_Spot
img_fefb11de.jpg,Soybean___healthy
img_97c02625.jpg,Soybean___healthy
img_6915fa58.jpg,Orange___Haunglongbing_(Citrus_greening)
img_7e9f4e84.jpg,Orange___Haunglongbing_(Citrus_greening)
img_4ffb3511.jpg,Potato___Early_blight
img_cb5673db.jpg,Tomato___Tomato_Yellow_Leaf_Curl_Virus
img_b380cfb4.jpg,"Pepper,_bell___healthy"
img_2751e868.jpg,Corn_(maize)___Cercospora_leaf_spot Gray_leaf_spot
img_8ee3d5e2.jpg,Tomato___Tomato_Yellow_Leaf_Curl_Virus
img_91567fef.jpg,Tomato___Tomato_Yellow_Leaf_Curl_Virus
img_3ece2909.jpg,Corn_(maize)___healthy
img_7d37a666.jpg,Apple___healthy
img_ab733dd6.jpg,Grape___Esca_(Black_Measles)
img_22ab6287.jpg,Cherry_(including_sour)___Powdery_mildew
img_3c01bfdc.jpg,Corn_(maize)___Northern_Leaf_Blight
img_69b252e8.jpg,Apple___healthy
img_2f8d43b8.jpg,Tomato___Spider_mites Two-spotted_spider_mite
img_6d71072e.jpg,Apple___Apple_scab
img_e4465d04.jpg,Tomato___Tomato_Yellow_Leaf_Curl_Virus
img_04c393de.jpg,Tomato___Tomato_Yellow_Leaf_Curl_Virus
img_35018491.jpg,Corn_(maize)___Common_rust_
img_ad39dde0.jpg,Soybean___healthy
img_722d6f0a.jpg,Potato___Early_blight
img_34151e57.jpg,Grape___Black_rot
img_63dbe7dd.jpg,Squash___Powdery_mildew
img_5ba76276.jpg,Peach___Bacterial_spot
img_7173b6d1.jpg,Squash___Powdery_mildew
img_9439c7f0.jpg,Strawberry___healthy
img_e087cb44.jpg,Tomato___Late_blight
img_dc3f6fda.jpg,Tomato___Septoria_leaf_spot
img_5fd208fa.jpg,Tomato___Early_blight
img_0c69092b.jpg,Blueberry___healthy
img_8c3a0542.jpg,"Pepper,_bell___healthy"
img_9442dfe8.jpg,Tomato___Early_blight
img_e62d3f48.jpg,Tomato___Early_blight
img_23b2ee27.jpg,Apple___healthy
img_41b0efed.jpg,Tomato___Tomato_Yellow_Leaf_Curl_Virus
img_9cbe6ceb.jpg,Soybean___healthy
img_adb275e2.jpg,Strawberry___Leaf_scorch
img_a2e3dc8f.jpg,Strawberry___Leaf_scorch
img_fef0943e.jpg,Tomato___Spider_mites Two-spotted_spider_mite
img_a62841d9.jpg,Potato___Early_blight
img_597b04f1.jpg,Peach___Bacterial_spot
img_58321fea.jpg,Peach___healthy
img_74e7e3ea.jpg,Tomato___Tomato_Yellow_Leaf_Curl_Virus
img_5b3b6a71.jpg,Cherry_(including_sour)___healthy
img_7c2a9880.jpg,"Pepper,_bell___healthy"
img_30c0a7f3.jpg,Tomato___Target_Spot
img_b40604f6.jpg,Grape___Esca_(Black_Measles)
img_3ee89e93.jpg,Orange___Haunglongbing_(Citrus_greening)
img_0ca80e8e.jpg,Apple___Cedar_apple_rust
img_5bcea5ba.jpg,Grape___Leaf_blight_(Isariopsis_Leaf_Spot)
img_ba6ee2e5.jpg,Tomato___Late_blight
img_f456a6ed.jpg,Orange___Haunglongbing_(Citrus_greening)
img_b7e00d87.jpg,Blueberry___healthy
img_a6f51679.jpg,Grape___healthy
img_51c0fa76.jpg,Strawberry___Leaf_scorch
img_b42cf22a.jpg,"Pepper,_bell___Bacterial_spot"
img_8b3ab64e.jpg,"Pepper,_bell___Bacterial_spot"
img_0bc11624.jpg,Tomato___Early_blight
img_83e7069d.jpg,Strawberry___healthy
img_853a5020.jpg,Tomato___Tomato_Yellow_Leaf_Curl_Virus
img_4c9dcc1e.jpg,Corn_(maize)___Common_rust_
img_8571ee31.jpg,Tomato___Early_blight
img_135c2063.jpg,Tomato___Early_blight
img_9ec59cc6.jpg,Orange___Haunglongbing_(Citrus_greening)
img_8a1ee1e9.jpg,Blueberry___healthy
img_96285afa.jpg,Grape___Black_rot
img_27c92368.jpg,Soybean___healthy
img_1c38e6ea.jpg,Peach___Bacterial_spot
img_b33106c5.jpg,Apple___Black_rot
img_5ba7c935.jpg,Orange___Haunglongbing_(Citrus_greening)
img_3b7afc44.jpg,Corn_(maize)___Northern_Leaf_Blight
img_18346e59.jpg,Cherry_(including_sour)___Powdery_mildew
img_e1e2161d.jpg,Raspberry___healthy
img_babff98f.jpg,Tomato___Septoria_leaf_spot
img_c2ca437d.jpg,Soybean___healthy
img_0e1ed54f.jpg,Strawberry___Leaf_scorch
img_eba90a86.jpg,Apple___Cedar_apple_rust
img_f3813be8.jpg,Tomato___Late_blight
img_d36c8ec4.jpg,Corn_(maize)___Common_rust_
img_f8f42da3.jpg,Grape___Black_rot
img_175c278d.jpg,Peach___Bacterial_spot
img_e481641a.jpg,Tomato___Leaf_Mold
img_39dc4316.jpg,Tomato___Septoria_leaf_spot
img_d3ba61e1.jpg,Blueberry___healthy
img_0f7fcb82.jpg,Tomato___Spider_mites Two-spotted_spider_mite
img_ae8981f3.jpg,Blueberry___healthy
img_4f43d957.jpg,Strawberry___Leaf_scorch
img_aa358123.jpg,Peach___Bacterial_spot
img_d3b55206.jpg,Corn_(maize)___healthy
img_c292e41f.jpg,Tomato___healthy
img_9ee7446b.jpg,Tomato___Tomato_Yellow_Leaf_Curl_Virus
img_3ffc02d4.jpg,Orange___Haunglongbing_(Citrus_greening)
img_85fd150a.jpg,Cherry_(including_sour)___Powdery_mildew
img_64545470.jpg,Corn_(maize)___Common_rust_
img_0d11e33b.jpg,Orange___Haunglongbing_(Citrus_greening)
img_8812dc0f.jpg,Strawberry___Leaf_scorch
img_fa462292.jpg,Tomato___healthy
img_ccd4a2cc.jpg,Corn_(maize)___Northern_Leaf_Blight
img_e7169059.jpg,Tomato___Septoria_leaf_spot
img_53876e4a.jpg,Corn_(maize)___Cercospora_leaf_spot Gray_leaf_spot
img_723dd47d.jpg,Tomato___Bacterial_spot
img_6c5a0ba1.jpg,Apple___healthy
img_0b27beb6.jpg,Blueberry___healthy
img_6f44c5c6.jpg,Tomato___healthy
img_42a83a54.jpg,Squash___Powdery_mildew
img_704d9dc0.jpg,Soybean___healthy
img_f71dac8f.jpg,"Pepper,_bell___healthy"
img_721b119b.jpg,Soybean___healthy
img_134e43d9.jpg,Squash___Powdery_mildew
img_fdb40e4c.jpg,Apple___healthy
img_c9b3bf95.jpg,Orange___Haunglongbing_(Citrus_greening)
img_e00c96de.jpg,Tomato___Tomato_Yellow_Leaf_Curl_Virus
img_0cfcd2f3.jpg,Tomato___Leaf_Mold
img_cd45a351.jpg,Tomato___Late_blight
img_1befa768.jpg,Soybean___healthy
img_1117a975.jpg,Tomato___Bacterial_spot
img_fc2d92f2.jpg,Soybean___healthy
img_6995c946.jpg,Corn_(maize)___Common_rust_
img_4b7aead0.jpg,Tomato___Tomato_Yellow_Leaf_Curl_Virus
img_79c7015a.jpg,Cherry_(including_sour)___healthy
img_97a38f95.jpg,Tomato___Tomato_Yellow_Leaf_Curl_Virus
img_8b4cfc8e.jpg,Grape___Leaf_blight_(Isariopsis_Leaf_Spot)
img_ec1b358d.jpg,Strawberry___Leaf_scorch
img_0519e167.jpg,"Pepper,_bell___healthy"
img_27272392.jpg,Cherry_(including_sour)___healthy
img_d667300d.jpg,Strawberry___Leaf_scorch
img_f7b490b4.jpg,Soybean___healthy
img_4118ec7b.jpg,Strawberry___healthy
img_0027747b.jpg,Tomato___Target_Spot
img_14d3ab0a.jpg,Tomato___Late_blight
img_2a722d57.jpg,Corn_(maize)___Common_rust_
img_91f3eef2.jpg,Tomato___Tomato_Yellow_Leaf_Curl_Virus
img_10fda772.jpg,Orange___Haunglongbing_(Citrus_greening)
img_6c4fa4cb.jpg,Tomato___Target_Spot
img_24eee706.jpg,Apple___healthy
img_3a7c4ffc.jpg,Tomato___healthy
img_ed7dd2f4.jpg,Tomato___Septoria_leaf_spot
img_8a7c9288.jpg,Tomato___Tomato_Yellow_Leaf_Curl_Virus
img_937aabf0.jpg,Peach___Bacterial_spot
img_66f86229.jpg,Orange___Haunglongbing_(Citrus_greening)
img_16d7aa21.jpg,Potato___Early_blight
img_5b0d3991.jpg,Corn_(maize)___healthy
img_0ae24b93.jpg,Apple___Apple_scab
img_05090264.jpg,Peach___Bacterial_spot
img_11d8c548.jpg,Apple___healthy
img_d6319e80.jpg,Squash___Powdery_mildew
img_1e6c4f5c.jpg,Tomato___Late_blight
img_63b54efe.jpg,Tomato___Tomato_Yellow_Leaf_Curl_Virus
img_cb33f0f9.jpg,Peach___Bacterial_spot
img_0761f6bd.jpg,Corn_(maize)___Common_rust_
img_ab445c06.jpg,Tomato___Tomato_Yellow_Leaf_Curl_Virus
img_d77e9ad3.jpg,Tomato___Late_blight
img_91f2cd5c.jpg,Corn_(maize)___healthy
img_ddd1e4eb.jpg,Corn_(maize)___Common_rust_
img_129e799f.jpg,Blueberry___healthy
img_12186738.jpg,Tomato___Tomato_Yellow_Leaf_Curl_Virus
img_7efaddc9.jpg,"Pepper,_bell___healthy"
img_bb32e6c3.jpg,Tomato___Late_blight
img_dd66bcc7.jpg,Apple___healthy
img_592c2601.jpg,Tomato___Bacterial_spot
img_05a04ce1.jpg,Tomato___Target_Spot
img_5bf345b5.jpg,Apple___healthy
img_2eba0596.jpg,Orange___Haunglongbing_(Citrus_greening)
img_f04141bb.jpg,Soybean___healthy
img_2e213bd5.jpg,Tomato___Bacterial_spot
img_9a6b25a1.jpg,Tomato___Bacterial_spot
img_fe6e4647.jpg,Grape___Black_rot
img_4c28bb7f.jpg,Apple___healthy
img_b889fcc3.jpg,Strawberry___Leaf_scorch
img_390aa276.jpg,Tomato___Tomato_mosaic_virus
img_f0204762.jpg,Tomato___Septoria_leaf_spot
img_de4494ca.jpg,Soybean___healthy
img_f82381e0.jpg,Blueberry___healthy
img_5f4c9fcc.jpg,Tomato___healthy
img_e63ccf0d.jpg,Tomato___Spider_mites Two-spotted_spider_mite
img_50c7e945.jpg,Soybean___healthy
img_411dcf16.jpg,Potato___Late_blight
img_dab0ed5e.jpg,Grape___Esca_(Black_Measles)
img_3e332e81.jpg,Tomato___Bacterial_spot
img_b9d35594.jpg,Tomato___healthy
img_e5c224ad.jpg,Orange___Haunglongbing_(Citrus_greening)
img_0ab9aa83.jpg,Tomato___healthy
img_1fd2d47e.jpg,Grape___healthy
img_5db34b25.jpg,Corn_(maize)___Common_rust_
img_4405980e.jpg,Squash___Powdery_mildew
img_e6434747.jpg,Tomato___Target_Spot
img_5a00beb7.jpg,Corn_(maize)___Common_rust_
img_143cf07a.jpg,Cherry_(including_sour)___healthy
img_4c1d8fae.jpg,"Pepper,_bell___Bacterial_spot"
img_f8e63467.jpg,Tomato___Septoria_leaf_spot
img_58365f86.jpg,Tomato___Target_Spot
img_f2969b30.jpg,Orange___Haunglongbing_(Citrus_greening)
img_8d942de2.jpg,Orange___Haunglongbing_(Citrus_greening)
img_872744c1.jpg,Tomato___Septoria_leaf_spot
img_e4f357a3.jpg,Apple___healthy
img_5d8c22ce.jpg,Soybean___healthy
img_5afbc0f3.jpg,Apple___Apple_scab
img_29bc57e9.jpg,Tomato___Bacterial_spot
img_9a67b357.jpg,Peach___Bacterial_spot
img_7623c36f.jpg,Soybean___healthy
img_3a4828d2.jpg,Strawberry___Leaf_scorch
img_fd24cf0d.jpg,Grape___Leaf_blight_(Isariopsis_Leaf_Spot)
img_5c5ab26a.jpg,"Pepper,_bell___Bacterial_spot"
img_a4167378.jpg,Corn_(maize)___healthy
img_1a943395.jpg,Apple___healthy
img_b0059318.jpg,Soybean___healthy
img_d7c7795d.jpg,Peach___Bacterial_spot
img_a099f959.jpg,Orange___Haunglongbing_(Citrus_greening)
img_b21b17d9.jpg,Strawberry___Leaf_scorch
img_2aa0d2a2.jpg,Soybean___healthy
img_35b219f3.jpg,Tomato___Tomato_Yellow_Leaf_Curl_Virus
img_9525621b.jpg,Blueberry___healthy
img_ccc43cb8.jpg,Tomato___Spider_mites Two-spotted_spider_mite
img_c362daeb.jpg,"Pepper,_bell___healthy"
img_7ab06aca.jpg,Apple___Cedar_apple_rust
img_5d72c26e.jpg,Tomato___Tomato_Yellow_Leaf_Curl_Virus
img_0bb6bba6.jpg,Grape___Esca_(Black_Measles)
img_07e16031.jpg,Potato___Late_blight
img_666f98d7.jpg,Corn_(maize)___healthy
img_716901d1.jpg,Tomato___Septoria_leaf_spot
img_23902405.jpg,Squash___Powdery_mildew
img_6dcb88d1.jpg,Tomato___Septoria_leaf_spot
img_0714a7e5.jpg,Corn_(maize)___healthy
img_e0f4edee.jpg,Tomato___healthy
img_b1f3e231.jpg,Grape___Esca_(Black_Measles)
img_854ac98b.jpg,Squash___Powdery_mildew
img_b3da7bf9.jpg,Grape___healthy
img_dec191a7.jpg,Apple___Black_rot
img_cf53842f.jpg,Peach___healthy
img_507d761e.jpg,Grape___Esca_(Black_Measles)
img_3fe2d493.jpg,Squash___Powdery_mildew
img_4613dbd1.jpg,Cherry_(including_sour)___Powdery_mildew
img_472c0158.jpg,Grape___Black_rot
img_ba7fd8b3.jpg,Apple___healthy
img_5cef7f16.jpg,Tomato___Septoria_leaf_spot
img_425df944.jpg,Tomato___Tomato_Yellow_Leaf_Curl_Virus
img_492c95cb.jpg,Tomato___Tomato_Yellow_Leaf_Curl_Virus
img_094cd712.jpg,Blueberry___healthy
img_55f9cf1a.jpg,Peach___healthy
img_f651bb55.jpg,Squash___Powdery_mildew
img_be463f7d.jpg,Blueberry___healthy
img_9dd773d1.jpg,Tomato___Tomato_Yellow_Leaf_Curl_Virus
img_abd32548.jpg,Soybean___healthy
img_a50c8a9e.jpg,Apple___Black_rot
img_572704cf.jpg,Raspberry___healthy
img_d162532e.jpg,Orange___Haunglongbing_(Citrus_greening)
img_cd789158.jpg,Tomato___Tomato_Yellow_Leaf_Curl_Virus
img_9df36ebb.jpg,Tomato___Tomato_Yellow_Leaf_Curl_Virus
img_4601d02c.jpg,Tomato___Early_blight
img_e346d264.jpg,Tomato___Tomato_Yellow_Leaf_Curl_Virus
img_aa4c478d.jpg,Tomato___Tomato_Yellow_Leaf_Curl_Virus
img_92fe4f7c.jpg,Tomato___Bacterial_spot
img_22c30453.jpg,Tomato___Tomato_Yellow_Leaf_Curl_Virus
img_0af60c53.jpg,Grape___Black_rot
img_13fb6f2f.jpg,Peach___Bacterial_spot
img_5ade8863.jpg,Soybean___healthy
img_c94bc1e0.jpg,Apple___healthy
img_a9a74a62.jpg,Tomato___Tomato_Yellow_Leaf_Curl_Virus
img_13232aeb.jpg,Tomato___Tomato_Yellow_Leaf_Curl_Virus
img_844871f4.jpg,Tomato___Tomato_Yellow_Leaf_Curl_Virus
img_35481754.jpg,Peach___Bacterial_spot
img_126b2cf8.jpg,Tomato___Bacterial_spot
img_784674fc.jpg,Apple___healthy
img_2ef71639.jpg,Tomato___Septoria_leaf_spot
img_af96238f.jpg,Tomato___Tomato_Yellow_Leaf_Curl_Virus
img_59f125cf.jpg,Corn_(maize)___Common_rust_
img_34c8d75a.jpg,Grape___Esca_(Black_Measles)
img_3c6263e3.jpg,Apple___Black_rot
img_d4000495.jpg,Potato___Late_blight
img_d3d7726b.jpg,Soybean___healthy
img_ad23b852.jpg,Tomato___Leaf_Mold
img_68d801ee.jpg,Soybean___healthy
img_fcac0ec6.jpg,Orange___Haunglongbing_(Citrus_greening)
img_fc505584.jpg,Peach___Bacterial_spot
img_77463b3f.jpg,Potato___Early_blight
img_4be51474.jpg,Potato___healthy
img_bb311145.jpg,Grape___Esca_(Black_Measles)
img_7061880a.jpg,Tomato___Spider_mites Two-spotted_spider_mite
img_627c9be3.jpg,Apple___healthy
img_f1646e4e.jpg,Soybean___healthy
img_186ebd54.jpg,Apple___Apple_scab
img_7c60182d.jpg,Corn_(maize)___healthy
img_03e32eba.jpg,Orange___Haunglongbing_(Citrus_greening)
img_02018ed7.jpg,Apple___healthy
img_4e864dc3.jpg,Corn_(maize)___Northern_Leaf_Blight
img_ccc7986e.jpg,Corn_(maize)___Common_rust_
img_a2d33548.jpg,Tomato___Spider_mites Two-spotted_spider_mite
img_a5c5dcca.jpg,Soybean___healthy
img_85967ee2.jpg,Apple___Black_rot
img_87c8ddb0.jpg,Tomato___healthy
img_836f4955.jpg,Soybean___healthy
img_ac0d81e9.jpg,Tomato___Bacterial_spot
img_22c081a1.jpg,Peach___Bacterial_spot
img_1416a4eb.jpg,Blueberry___healthy
img_a376022b.jpg,Orange___Haunglongbing_(Citrus_greening)
img_38074c68.jpg,Tomato___Tomato_Yellow_Leaf_Curl_Virus
img_a5ae7db5.jpg,Tomato___Tomato_Yellow_Leaf_Curl_Virus
img_a22d633c.jpg,Squash___Powdery_mildew
img_bae0378f.jpg,Grape___Leaf_blight_(Isariopsis_Leaf_Spot)
img_2c00f397.jpg,Soybean___healthy
img_93782fc0.jpg,Strawberry___Leaf_scorch
img_9a5d5291.jpg,Tomato___Spider_mites Two-spotted_spider_mite
img_0f320044.jpg,Apple___healthy
img_cdc40145.jpg,Tomato___Tomato_Yellow_Leaf_Curl_Virus
img_133b01b7.jpg,Tomato___Early_blight
img_22c887e8.jpg,Tomato___Late_blight
img_c15db63d.jpg,Tomato___Tomato_Yellow_Leaf_Curl_Virus
img_1108575b.jpg,Tomato___healthy
img_57d932f5.jpg,Cherry_(including_sour)___healthy
img_604124ff.jpg,Tomato___Tomato_Yellow_Leaf_Curl_Virus
img_ece68972.jpg,Tomato___Target_Spot
img_3866ef01.jpg,Grape___Esca_(Black_Measles)
img_ce2b7909.jpg,Tomato___Spider_mites Two-spotted_spider_mite
img_12d31472.jpg,Potato___Early_blight
img_25d4a9f6.jpg,Tomato___Septoria_leaf_spot
img_8a84c8c0.jpg,Blueberry___healthy
img_fa741c99.jpg,Soybean___healthy
img_b7b80771.jpg,Corn_(maize)___Northern_Leaf_Blight
img_1a40749d.jpg,Peach___Bacterial_spot
img_3add3d1e.jpg,Cherry_(including_sour)___Powdery_mildew
img_bb9996a0.jpg,Tomato___Spider_mites Two-spotted_spider_mite
img_07999dc4.jpg,Apple___healthy
img_5373eb6d.jpg,Soybean___healthy
img_8dacf0bc.jpg,Strawberry___healthy
img_ee5978aa.jpg,Corn_(maize)___healthy
img_271f4fe3.jpg,Tomato___healthy
img_e970b8a8.jpg,Corn_(maize)___healthy
img_e2a5bf90.jpg,"Pepper,_bell___Bacterial_spot"
img_f7f2503f.jpg,Orange___Haunglongbing_(Citrus_greening)
img_2b5e93ad.jpg,Orange___Haunglongbing_(Citrus_greening)
img_40335a36.jpg,Corn_(maize)___Common_rust_
img_5a7fbbbf.jpg,Apple___healthy
img_b2b4890e.jpg,Grape___healthy
img_93640508.jpg,Cherry_(including_sour)___Powdery_mildew
img_9ae78bd4.jpg,Soybean___healthy
img_e11634fb.jpg,Potato___Late_blight
img_46394f70.jpg,Tomato___healthy
img_b977d94d.jpg,Peach___Bacterial_spot
img_26267b87.jpg,Tomato___Tomato_mosaic_virus
img_e0156cd7.jpg,Tomato___Tomato_Yellow_Leaf_Curl_Virus
img_4f83aff4.jpg,Grape___Black_rot
img_b63a0ea0.jpg,Tomato___Bacterial_spot
img_e6423c35.jpg,Tomato___Bacterial_spot
img_a6cb78d3.jpg,Grape___Black_rot
img_f901f887.jpg,Grape___Esca_(Black_Measles)
img_12659654.jpg,Tomato___Bacterial_spot
img_9b294564.jpg,Orange___Haunglongbing_(Citrus_greening)
img_4403cf4f.jpg,Soybean___healthy
img_3bcb7d3b.jpg,Apple___Black_rot
img_f3d7eb71.jpg,Cherry_(including_sour)___Powdery_mildew
img_5469051a.jpg,Soybean___healthy
img_a46c8ad2.jpg,"Pepper,_bell___Bacterial_spot"
img_3f979f54.jpg,Tomato___Septoria_leaf_spot
img_a684846a.jpg,Corn_(maize)___healthy
img_631facf0.jpg,Soybean___healthy
img_631de158.jpg,Apple___healthy
img_75064996.jpg,Strawberry___Leaf_scorch
img_68291a13.jpg,Orange___Haunglongbing_(Citrus_greening)
img_1cda1f1f.jpg,Soybean___healthy
img_40871721.jpg,Grape___Leaf_blight_(Isariopsis_Leaf_Spot)
img_14ba5294.jpg,Strawberry___Leaf_scorch
img_f6bfdd88.jpg,Corn_(maize)___Northern_Leaf_Blight
img_8dad52f9.jpg,Peach___Bacterial_spot
img_1ebdf345.jpg,Tomato___Bacterial_spot
img_df041368.jpg,Grape___Esca_(Black_Measles)
img_87a6bb5e.jpg,Corn_(maize)___healthy
img_9cc532ab.jpg,Grape___Black_rot
img_175554bd.jpg,Soybean___healthy
img_57a30032.jpg,Tomato___Early_blight
img_732dc103.jpg,Tomato___Tomato_Yellow_Leaf_Curl_Virus
img_e8471291.jpg,Tomato___Bacterial_spot
img_e6819946.jpg,Orange___Haunglongbing_(Citrus_greening)
img_437cd600.jpg,Tomato___Spider_mites Two-spotted_spider_mite
img_e312d675.jpg,Tomato___Spider_mites Two-spotted_spider_mite
img_a30b662e.jpg,Strawberry___healthy
img_2c8e9087.jpg,Strawberry___Leaf_scorch
img_692552e2.jpg,Tomato___Tomato_Yellow_Leaf_Curl_Virus
img_6642c586.jpg,Blueberry___healthy
img_33a282f5.jpg,"Pepper,_bell___Bacterial_spot"
img_665b93ac.jpg,Blueberry___healthy
img_8e574f26.jpg,Apple___Apple_scab
img_5833e02c.jpg,Tomato___Septoria_leaf_spot
img_c9b721ce.jpg,Apple___Black_rot
img_a50d545e.jpg,Orange___Haunglongbing_(Citrus_greening)
img_a6590446.jpg,Apple___healthy
img_259b1354.jpg,Orange___Haunglongbing_(Citrus_greening)
img_66a98f4c.jpg,Tomato___Early_blight
img_6d3055f2.jpg,Orange___Haunglongbing_(Citrus_greening)
img_2729d487.jpg,Soybean___healthy
img_d40509aa.jpg,Potato___Late_blight
img_6744557b.jpg,Apple___healthy
img_7f69adf1.jpg,Soybean___healthy
img_8d1d9f33.jpg,Cherry_(including_sour)___Powdery_mildew
img_b23fb304.jpg,Tomato___healthy
img_165ff142.jpg,Tomato___Tomato_Yellow_Leaf_Curl_Virus
img_cbab012b.jpg,Corn_(maize)___Cercospora_leaf_spot Gray_leaf_spot
img_54dd167d.jpg,Apple___Apple_scab
img_3b61f740.jpg,Peach___Bacterial_spot
img_255b3e83.jpg,Tomato___Septoria_leaf_spot
img_5cf9e104.jpg,Tomato___Tomato_Yellow_Leaf_Curl_Virus
img_2e9a19bb.jpg,Soybean___healthy
img_304b2b25.jpg,Tomato___Tomato_Yellow_Leaf_Curl_Virus
img_0b5a0908.jpg,Soybean___healthy
img_5cc6f83d.jpg,Tomato___Early_blight
img_38252f47.jpg,Tomato___healthy
img_2d35d99a.jpg,Apple___healthy
img_a2f18947.jpg,Tomato___healthy
img_1be128ce.jpg,Corn_(maize)___Common_rust_
img_cc316a49.jpg,Cherry_(including_sour)___Powdery_mildew
img_a800d2c0.jpg,Soybean___healthy
img_eb5e20b9.jpg,Potato___Early_blight
img_f3433452.jpg,Apple___Apple_scab
img_cdd30353.jpg,Tomato___Spider_mites Two-spotted_spider_mite
img_97398144.jpg,"Pepper,_bell___healthy"
img_68d48534.jpg,Cherry_(including_sour)___Powdery_mildew
img_fb13a035.jpg,Cherry_(including_sour)___healthy
img_d50dd1c2.jpg,Tomato___healthy
img_7fafc1c9.jpg,Cherry_(including_sour)___healthy
img_0af68364.jpg,Strawberry___Leaf_scorch
img_644cf4ec.jpg,Soybean___healthy
img_40f37846.jpg,Corn_(maize)___Northern_Leaf_Blight
img_b715fbc8.jpg,Blueberry___healthy
img_8b03a858.jpg,Blueberry___healthy
img_b57e1e22.jpg,Soybean___healthy
img_89154283.jpg,Peach___Bacterial_spot
img_e655fe0f.jpg,Apple___Cedar_apple_rust
img_f8c0e17c.jpg,Tomato___Target_Spot
img_d091bf7d.jpg,Tomato___Bacterial_spot
img_d94d6229.jpg,Tomato___Bacterial_spot
img_6a8c7b96.jpg,Squash___Powdery_mildew
img_8d082360.jpg,Tomato___Tomato_Yellow_Leaf_Curl_Virus
img_9b2e7954.jpg,Tomato___Leaf_Mold
img_9aea6984.jpg,Tomato___Late_blight
img_707092f4.jpg,Tomato___Tomato_Yellow_Leaf_Curl_Virus
img_3786ce3b.jpg,Tomato___Bacterial_spot
img_1123cb6e.jpg,Peach___Bacterial_spot
img_43c2d050.jpg,Orange___Haunglongbing_(Citrus_greening)
img_30ee5ebb.jpg,Apple___Cedar_apple_rust
img_de2c771a.jpg,Orange___Haunglongbing_(Citrus_greening)
img_25e080cc.jpg,Grape___Black_rot
img_9a649c92.jpg,Potato___Late_blight
img_d43dd178.jpg,Tomato___Early_blight
img_04361f75.jpg,Soybean___healthy
img_560cc71c.jpg,Tomato___Spider_mites Two-spotted_spider_mite
img_12aff669.jpg,Tomato___Tomato_Yellow_Leaf_Curl_Virus
img_00d62230.jpg,Apple___healthy
img_27cd82a0.jpg,Strawberry___Leaf_scorch
img_0bd3f90e.jpg,Soybean___healthy
img_536cd214.jpg,Corn_(maize)___Northern_Leaf_Blight
img_4fdcd83f.jpg,Strawberry___healthy
img_4aaa68be.jpg,Tomato___Septoria_leaf_spot
img_0714f161.jpg,Strawberry___healthy
img_77629148.jpg,Tomato___Early_blight
img_33d98ab1.jpg,Soybean___healthy
img_f3ce6f3c.jpg,Soybean___healthy
img_75fd5ef8.jpg,Raspberry___healthy
img_5a83bf21.jpg,Corn_(maize)___Common_rust_
img_0477ebd7.jpg,"Pepper,_bell___healthy"
img_8e530f27.jpg,Squash___Powdery_mildew
img_199a421d.jpg,Blueberry___healthy
img_27fff03e.jpg,Squash___Powdery_mildew
img_e22fe109.jpg,Raspberry___healthy
img_eb0b60a1.jpg,Corn_(maize)___Northern_Leaf_Blight
img_e670cbfc.jpg,"Pepper,_bell___healthy"
img_c8004875.jpg,"Pepper,_bell___healthy"
img_ac5090fc.jpg,Blueberry___healthy
img_0280987b.jpg,Tomato___Bacterial_spot
img_9f5d1b86.jpg,Potato___Late_blight
img_30504a6a.jpg,Soybean___healthy
img_44a468c1.jpg,Soybean___healthy
img_f501ee58.jpg,Soybean___healthy
img_98673341.jpg,Tomato___Late_blight
img_11df3413.jpg,Potato___Early_blight
img_64e35352.jpg,Tomato___Leaf_Mold
img_9a78cad7.jpg,Squash___Powdery_mildew
img_58e699c7.jpg,Tomato___Bacterial_spot
img_e842ec4f.jpg,Tomato___Tomato_Yellow_Leaf_Curl_Virus
img_c99113f0.jpg,Tomato___Late_blight
img_21586864.jpg,Tomato___Leaf_Mold
img_b4c7750b.jpg,Tomato___Late_blight
img_4f8221c9.jpg,Corn_(maize)___healthy
img_3d30b318.jpg,Orange___Haunglongbing_(Citrus_greening)
img_6a51c7bf.jpg,Tomato___Target_Spot
img_74a3d057.jpg,Apple___Black_rot
img_17931cf3.jpg,Apple___Black_rot
img_bc5e7493.jpg,Potato___Early_blight
img_c3f12e59.jpg,Orange___Haunglongbing_(Citrus_greening)
img_69bdece4.jpg,Soybean___healthy
img_a729e4ba.jpg,Tomato___Spider_mites Two-spotted_spider_mite
img_c0a41c33.jpg,Soybean___healthy
img_afa86597.jpg,Tomato___healthy
img_2e55442b.jpg,Orange___Haunglongbing_(Citrus_greening)
img_1088e8a5.jpg,Tomato___Early_blight
img_1d85ef38.jpg,Grape___Leaf_blight_(Isariopsis_Leaf_Spot)
img_babf093b.jpg,Apple___Black_rot
img_989e018b.jpg,Tomato___Bacterial_spot
img_c064d1b3.jpg,"Pepper,_bell___healthy"
img_236d57c9.jpg,Blueberry___healthy
img_4ea7c588.jpg,Orange___Haunglongbing_(Citrus_greening)
img_0858b479.jpg,Tomato___Bacterial_spot
img_eb1e77ac.jpg,Soybean___healthy
img_e7a94152.jpg,Grape___Leaf_blight_(Isariopsis_Leaf_Spot)
img_7739381e.jpg,Tomato___Spider_mites Two-spotted_spider_mite
img_528c4e6e.jpg,Corn_(maize)___healthy
img_1e1185d9.jpg,Strawberry___Leaf_scorch
img_8f2942e2.jpg,Grape___Black_rot
img_a8bfded2.jpg,Tomato___Tomato_Yellow_Leaf_Curl_Virus
img_2670eaf9.jpg,Grape___healthy
img_68400239.jpg,Blueberry___healthy
img_5b6b9d96.jpg,Orange___Haunglongbing_(Citrus_greening)
img_9b7c55a9.jpg,Corn_(maize)___Cercospora_leaf_spot Gray_leaf_spot
img_c1685bb4.jpg,Soybean___healthy
img_50adaeff.jpg,Tomato___Bacterial_spot
img_f1ca9d72.jpg,Tomato___Tomato_Yellow_Leaf_Curl_Virus
img_f3e14e12.jpg,Grape___Leaf_blight_(Isariopsis_Leaf_Spot)
img_76c5bc51.jpg,Tomato___Bacterial_spot
img_fb9bcdd4.jpg,Tomato___healthy
img_0f535668.jpg,Cherry_(including_sour)___healthy
img_3f749cb7.jpg,Apple___Black_rot
img_1d28afbd.jpg,Soybean___healthy
img_efa32d95.jpg,Tomato___Tomato_Yellow_Leaf_Curl_Virus
img_56b85941.jpg,Potato___Early_blight
img_d9216aa6.jpg,Corn_(maize)___healthy
img_1007588b.jpg,Peach___healthy
img_ef489bfc.jpg,Tomato___healthy
img_fdd2f751.jpg,Tomato___Tomato_mosaic_virus
img_489bd3ee.jpg,Orange___Haunglongbing_(Citrus_greening)
img_d8815549.jpg,Grape___Black_rot
img_9d6e42c3.jpg,Apple___Cedar_apple_rust
img_b293ce98.jpg,Corn_(maize)___Common_rust_
img_65383f0b.jpg,Tomato___Bacterial_spot
img_d32e8a41.jpg,Soybean___healthy
img_4955cf41.jpg,Squash___Powdery_mildew
img_3d724717.jpg,Soybean___healthy
img_50b42c89.jpg,Orange___Haunglongbing_(Citrus_greening)
img_e38dc422.jpg,Orange___Haunglongbing_(Citrus_greening)
img_c9d7eee0.jpg,Tomato___Tomato_Yellow_Leaf_Curl_Virus
img_ae3aff76.jpg,Orange___Haunglongbing_(Citrus_greening)
img_99814bba.jpg,Soybean___healthy
img_ed3067eb.jpg,Tomato___Bacterial_spot
img_084878f7.jpg,Orange___Haunglongbing_(Citrus_greening)
img_46081816.jpg,Apple___healthy
img_0f6b25b0.jpg,Soybean___healthy
img_000b39d0.jpg,Blueberry___healthy
img_c461db9f.jpg,Potato___Early_blight
img_b209ce27.jpg,Peach___healthy
img_190fb82d.jpg,Blueberry___healthy
img_b326a37b.jpg,Tomato___Early_blight
img_12ade19a.jpg,Blueberry___healthy
img_4a7f34b3.jpg,Tomato___Late_blight
img_1f138787.jpg,Soybean___healthy
img_817382c9.jpg,Tomato___Tomato_mosaic_virus
img_fbea9f1d.jpg,Tomato___Late_blight
img_a12a58c9.jpg,Tomato___Spider_mites Two-spotted_spider_mite
img_89d1bb6d.jpg,Tomato___Bacterial_spot
img_ee4581c9.jpg,Soybean___healthy
img_f4073f37.jpg,Strawberry___healthy
img_55d44c33.jpg,Peach___Bacterial_spot
img_87fbf0b7.jpg,"Pepper,_bell___Bacterial_spot"
img_b1e35a4e.jpg,Tomato___Late_blight
img_8656fa58.jpg,Tomato___Bacterial_spot
img_170343bb.jpg,Orange___Haunglongbing_(Citrus_greening)
img_c5701940.jpg,"Pepper,_bell___healthy"
img_ea25c9a9.jpg,Squash___Powdery_mildew
img_59f54db1.jpg,Tomato___Late_blight
img_f0e57874.jpg,Grape___Black_rot
img_d6e57ef9.jpg,Orange___Haunglongbing_(Citrus_greening)
img_68debdbc.jpg,Tomato___Septoria_leaf_spot
img_5f9e0e7b.jpg,Potato___healthy
img_48d66348.jpg,Tomato___Spider_mites Two-spotted_spider_mite
img_44edb16a.jpg,Potato___Late_blight
img_51b5a5ae.jpg,Tomato___healthy
img_2b9cf730.jpg,Soybean___healthy
img_a190d609.jpg,Grape___Black_rot
img_ef2ed0e3.jpg,Tomato___Late_blight
img_dff5c997.jpg,Soybean___healthy
img_d9917758.jpg,Soybean___healthy
img_4cede056.jpg,"Pepper,_bell___healthy"
img_50abdd2f.jpg,Tomato___Late_blight
img_eed05f26.jpg,Corn_(maize)___Cercospora_leaf_spot Gray_leaf_spot
img_1b96d187.jpg,Tomato___Spider_mites Two-spotted_spider_mite
img_0acd0b4b.jpg,"Pepper,_bell___Bacterial_spot"
img_e442a373.jpg,Blueberry___healthy
img_d72f7e0d.jpg,Apple___Apple_scab
img_6783add7.jpg,Cherry_(including_sour)___healthy
img_86aea1bd.jpg,Tomato___Tomato_Yellow_Leaf_Curl_Virus
img_3d3a5d1c.jpg,Grape___Esca_(Black_Measles)
img_75d08e6a.jpg,Strawberry___Leaf_scorch
img_c736e8d9.jpg,Orange___Haunglongbing_(Citrus_greening)
img_865fc91a.jpg,Tomato___Tomato_Yellow_Leaf_Curl_Virus
img_35d8d6e4.jpg,Tomato___Tomato_Yellow_Leaf_Curl_Virus
img_893e8aab.jpg,Tomato___Leaf_Mold
img_60ce72eb.jpg,Apple___healthy
img_daa5a8db.jpg,Squash___Powdery_mildew
img_b496c259.jpg,Tomato___Tomato_Yellow_Leaf_Curl_Virus
img_57b58a5a.jpg,Tomato___Spider_mites Two-spotted_spider_mite
img_641181f0.jpg,Tomato___Early_blight
img_22470e58.jpg,Strawberry___Leaf_scorch
img_eb81b8c7.jpg,Soybean___healthy
img_56d114c4.jpg,Tomato___healthy
img_141e320f.jpg,Cherry_(including_sour)___healthy
img_a41505e6.jpg,Potato___Early_blight
img_aa00121f.jpg,Apple___healthy
img_6141c921.jpg,Orange___Haunglongbing_(Citrus_greening)
img_4b77c987.jpg,Squash___Powdery_mildew
img_360ed944.jpg,Corn_(maize)___Common_rust_
img_c13d8d7c.jpg,"Pepper,_bell___Bacterial_spot"
img_6824462f.jpg,"Pepper,_bell___Bacterial_spot"
img_834521f5.jpg,Potato___Early_blight
img_5486fd5d.jpg,Tomato___Tomato_Yellow_Leaf_Curl_Virus
img_071387be.jpg,Orange___Haunglongbing_(Citrus_greening)
img_b38c94c5.jpg,Tomato___Tomato_Yellow_Leaf_Curl_Virus
img_08af1db6.jpg,Tomato___Early_blight
img_c3bffc89.jpg,Orange___Haunglongbing_(Citrus_greening)
img_a26a2203.jpg,Grape___Esca_(Black_Measles)
img_985494b2.jpg,Cherry_(including_sour)___Powdery_mildew
img_3bd84752.jpg,Tomato___Bacterial_spot
img_3bbeca19.jpg,Soybean___healthy
img_ff64bee4.jpg,Tomato___Tomato_Yellow_Leaf_Curl_Virus
img_a8e2e6ff.jpg,Tomato___healthy
img_1445a326.jpg,Tomato___Early_blight
img_528501df.jpg,Tomato___Tomato_Yellow_Leaf_Curl_Virus
img_59773200.jpg,Peach___healthy
img_dc18a981.jpg,Tomato___Tomato_Yellow_Leaf_Curl_Virus
img_f6e65f6a.jpg,Corn_(maize)___Common_rust_
img_9b1fd50c.jpg,Soybean___healthy
img_7f109141.jpg,Tomato___healthy
img_cc475ea2.jpg,"Pepper,_bell___healthy"
img_3b2a735d.jpg,Peach___Bacterial_spot
img_46b027ae.jpg,Tomato___Spider_mites Two-spotted_spider_mite
img_2ad5dd4c.jpg,Soybean___healthy
img_058a1932.jpg,Strawberry___Leaf_scorch
img_12c4d5d8.jpg,Tomato___Leaf_Mold
img_d943c5c2.jpg,Peach___healthy
img_0db65d8b.jpg,Cherry_(including_sour)___Powdery_mildew
img_c0b67af0.jpg,Cherry_(including_sour)___Powdery_mildew
img_58d45ff3.jpg,Grape___healthy
img_12f7cb07.jpg,Tomato___Spider_mites Two-spotted_spider_mite
img_bd304d46.jpg,Potato___Early_blight
img_1bb37cfc.jpg,Tomato___Tomato_Yellow_Leaf_Curl_Virus
img_422e71a9.jpg,Grape___Black_rot
img_fecf5e8d.jpg,Tomato___Tomato_Yellow_Leaf_Curl_Virus
img_2e35c557.jpg,Orange___Haunglongbing_(Citrus_greening)
img_7041a927.jpg,Tomato___Tomato_Yellow_Leaf_Curl_Virus
img_44dbe61c.jpg,Cherry_(including_sour)___Powdery_mildew
img_3bb55bf8.jpg,Squash___Powdery_mildew
img_b59f539b.jpg,Grape___Black_rot
img_1969f201.jpg,Cherry_(including_sour)___Powdery_mildew
img_d8aab1bd.jpg,Cherry_(including_sour)___Powdery_mildew
img_e2d5b415.jpg,Tomato___Tomato_Yellow_Leaf_Curl_Virus
img_83065020.jpg,Orange___Haunglongbing_(Citrus_greening)
img_e5e82acf.jpg,Cherry_(including_sour)___healthy
img_24fe8ef9.jpg,Strawberry___Leaf_scorch
img_ab6781f0.jpg,Blueberry___healthy
img_365ea7f0.jpg,Orange___Haunglongbing_(Citrus_greening)
img_e46536f6.jpg,Blueberry___healthy
img_6d209c94.jpg,Tomato___Early_blight
img_7300e02e.jpg,Tomato___Target_Spot
img_eb7a849f.jpg,Strawberry___Leaf_scorch
img_02d5b11d.jpg,Apple___Apple_scab
img_eb5c158f.jpg,Soybean___healthy
img_b7a80af7.jpg,Cherry_(including_sour)___healthy
img_560f2db7.jpg,Tomato___Tomato_Yellow_Leaf_Curl_Virus
img_f9d8cce5.jpg,Orange___Haunglongbing_(Citrus_greening)
img_7c090515.jpg,Potato___Early_blight
img_a7ceecf8.jpg,Squash___Powdery_mildew
img_96959dca.jpg,Apple___Apple_scab
img_6e565050.jpg,Soybean___healthy
img_814ae695.jpg,Tomato___Tomato_mosaic_virus
img_f8a5eeb4.jpg,Soybean___healthy
img_0b5c4a4b.jpg,Peach___Bacterial_spot
img_8ede2c68.jpg,Tomato___Septoria_leaf_spot
img_6f2a73f2.jpg,Soybean___healthy
img_2be8a8ef.jpg,Blueberry___healthy
img_98d44658.jpg,Tomato___Tomato_Yellow_Leaf_Curl_Virus
img_bff71679.jpg,Tomato___Leaf_Mold
img_b7953c4d.jpg,Tomato___Bacterial_spot
img_b93d8662.jpg,Corn_(maize)___Northern_Leaf_Blight
img_de5b4594.jpg,Tomato___Septoria_leaf_spot
img_d28daeaa.jpg,Orange___Haunglongbing_(Citrus_greening)
img_d258c4ba.jpg,Tomato___Tomato_Yellow_Leaf_Curl_Virus
img_8217b539.jpg,Squash___Powdery_mildew
img_201e8d82.jpg,Peach___Bacterial_spot
img_8c684f71.jpg,Tomato___Late_blight
img_324f652e.jpg,Squash___Powdery_mildew
img_62a66295.jpg,Soybean___healthy
img_a383a71e.jpg,Grape___Esca_(Black_Measles)
img_57655980.jpg,Orange___Haunglongbing_(Citrus_greening)
img_081d49c0.jpg,Grape___Esca_(Black_Measles)
img_17828dfc.jpg,Tomato___Bacterial_spot
img_9b8984a1.jpg,Soybean___healthy
img_3db259f2.jpg,"Pepper,_bell___Bacterial_spot"
img_33fe0907.jpg,Peach___Bacterial_spot
img_3d95c80b.jpg,Corn_(maize)___Common_rust_
img_fbc0b99f.jpg,Corn_(maize)___Common_rust_
img_2e3c9905.jpg,Strawberry___healthy
img_6bc40b1a.jpg,Tomato___Late_blight
img_9c081767.jpg,Cherry_(including_sour)___Powdery_mildew
img_52bbdd06.jpg,Apple___Apple_scab
img_a4732852.jpg,Orange___Haunglongbing_(Citrus_greening)
img_a84a28ab.jpg,"Pepper,_bell___healthy"
img_6707904a.jpg,"Pepper,_bell___Bacterial_spot"
img_9778cd64.jpg,Tomato___Tomato_Yellow_Leaf_Curl_Virus
img_4c6d429b.jpg,Tomato___Late_blight
img_cfcc9cac.jpg,Tomato___Leaf_Mold
img_33bd5a06.jpg,Tomato___Late_blight
img_13af1b5e.jpg,Squash___Powdery_mildew
img_82c9e3a1.jpg,Corn_(maize)___Common_rust_
img_d040b746.jpg,Tomato___Septoria_leaf_spot
img_1a337323.jpg,Squash___Powdery_mildew
img_69c676e3.jpg,Grape___Esca_(Black_Measles)
img_c57b4bf6.jpg,Soybean___healthy
img_73c3af9b.jpg,Corn_(maize)___Common_rust_
img_92952573.jpg,Potato___Early_blight
img_83a23e6b.jpg,Grape___Esca_(Black_Measles)
img_9e3df34a.jpg,Tomato___Tomato_mosaic_virus
img_c815ae17.jpg,Potato___Late_blight
img_5f559c9a.jpg,Tomato___Tomato_Yellow_Leaf_Curl_Virus
img_adc42aaa.jpg,Grape___Black_rot
img_f214156a.jpg,Orange___Haunglongbing_(Citrus_greening)
img_cafa0df6.jpg,Corn_(maize)___Cercospora_leaf_spot Gray_leaf_spot
img_db9bd10e.jpg,Tomato___Tomato_Yellow_Leaf_Curl_Virus
img_32028230.jpg,"Pepper,_bell___Bacterial_spot"
img_c885cf49.jpg,Peach___Bacterial_spot
img_dede34cf.jpg,Potato___Early_blight
img_6c9c7062.jpg,Orange___Haunglongbing_(Citrus_greening)
img_f1e4232a.jpg,Squash___Powdery_mildew
img_996402c6.jpg,Soybean___healthy
img_ad7b9b7d.jpg,Tomato___Tomato_Yellow_Leaf_Curl_Virus
img_0a9dfc46.jpg,Tomato___Late_blight
img_9333697e.jpg,"Pepper,_bell___healthy"
img_93af0e1c.jpg,Blueberry___healthy
img_bb329e19.jpg,Orange___Haunglongbing_(Citrus_greening)
img_84e31a02.jpg,Tomato___Spider_mites Two-spotted_spider_mite
img_105e3e87.jpg,Strawberry___Leaf_scorch
img_84305374.jpg,Corn_(maize)___healthy
img_b219cbd9.jpg,Peach___Bacterial_spot
img_313bb1c9.jpg,"Pepper,_bell___healthy"
img_aa6f381b.jpg,Strawberry___healthy
img_d7b756fe.jpg,Peach___Bacterial_spot
img_4a4c683e.jpg,Orange___Haunglongbing_(Citrus_greening)
img_cfcaa959.jpg,Grape___Esca_(Black_Measles)
img_2af3a689.jpg,Corn_(maize)___Northern_Leaf_Blight
img_d8e0ccdd.jpg,Cherry_(including_sour)___Powdery_mildew
img_980739ee.jpg,Corn_(maize)___Common_rust_
img_7f89a0ac.jpg,Apple___healthy
img_589b8f11.jpg,Tomato___healthy
img_a4403846.jpg,Squash___Powdery_mildew
img_eacb623d.jpg,Orange___Haunglongbing_(Citrus_greening)
img_6e173eb3.jpg,Grape___Black_rot
img_9967e09a.jpg,Corn_(maize)___Northern_Leaf_Blight
img_a2219d92.jpg,Tomato___Spider_mites Two-spotted_spider_mite
img_38ff45c0.jpg,Potato___Early_blight
img_399076c4.jpg,Apple___healthy
img_7a414bb3.jpg,Tomato___Tomato_Yellow_Leaf_Curl_Virus
img_f7d59e60.jpg,Orange___Haunglongbing_(Citrus_greening)
img_fbdd31d4.jpg,Tomato___Tomato_mosaic_virus
img_909962d9.jpg,Corn_(maize)___Common_rust_
img_c826ed5a.jpg,Tomato___Septoria_leaf_spot
img_d93134bc.jpg,Tomato___Tomato_Yellow_Leaf_Curl_Virus
img_cadd451c.jpg,Potato___Late_blight
img_fb520888.jpg,Orange___Haunglongbing_(Citrus_greening)
img_792cf585.jpg,Grape___Black_rot
img_bdad67ab.jpg,Tomato___Spider_mites Two-spotted_spider_mite
img_b832674c.jpg,Tomato___healthy
img_c9ff8cdc.jpg,Corn_(maize)___Northern_Leaf_Blight
img_c8ebb485.jpg,Peach___healthy
img_dbe79d7a.jpg,Orange___Haunglongbing_(Citrus_greening)
img_d2d84235.jpg,Cherry_(including_sour)___Powdery_mildew
img_ffcd7546.jpg,Peach___Bacterial_spot
img_ca1e0d4c.jpg,Tomato___Spider_mites Two-spotted_spider_mite
img_f12a0a3e.jpg,Grape___Black_rot
img_c8ffd74d.jpg,Corn_(maize)___Northern_Leaf_Blight
img_d94e9796.jpg,Apple___healthy
img_2cc364bf.jpg,Orange___Haunglongbing_(Citrus_greening)
img_6750ddaf.jpg,Orange___Haunglongbing_(Citrus_greening)
img_74f34847.jpg,Tomato___Tomato_mosaic_virus
img_05cb8276.jpg,Orange___Haunglongbing_(Citrus_greening)
img_232909f3.jpg,Corn_(maize)___Common_rust_
img_61be88bc.jpg,Tomato___healthy
img_3dd94954.jpg,Soybean___healthy
img_a541e96b.jpg,Strawberry___Leaf_scorch
img_dfa60b1b.jpg,Tomato___Early_blight
img_14abeb41.jpg,"Pepper,_bell___Bacterial_spot"
img_daee90ee.jpg,Blueberry___healthy
img_e5e8e08a.jpg,Tomato___Early_blight
img_e5700932.jpg,Corn_(maize)___Common_rust_
img_1ec52534.jpg,Tomato___Tomato_mosaic_virus
img_80d17b6e.jpg,Orange___Haunglongbing_(Citrus_greening)
img_02ba90a2.jpg,Tomato___Septoria_leaf_spot
img_f8fc4d4a.jpg,Tomato___Late_blight
img_8b2bbefe.jpg,Strawberry___healthy
img_5df6f5df.jpg,Orange___Haunglongbing_(Citrus_greening)
img_9feaa4d8.jpg,Soybean___healthy
img_4d046431.jpg,Apple___Cedar_apple_rust
img_6aeb76eb.jpg,Grape___healthy
img_101cc5d5.jpg,Tomato___Bacterial_spot
img_b17a9618.jpg,Tomato___Bacterial_spot
img_50ed8682.jpg,Tomato___Late_blight
img_217171a3.jpg,Potato___Late_blight
img_a2579c0e.jpg,Tomato___Tomato_Yellow_Leaf_Curl_Virus
img_61702a43.jpg,Cherry_(including_sour)___Powdery_mildew
img_443d4e60.jpg,Squash___Powdery_mildew
img_9f5fced2.jpg,Potato___Late_blight
img_56376183.jpg,Cherry_(including_sour)___healthy
img_be7ecc07.jpg,Tomato___Tomato_Yellow_Leaf_Curl_Virus
img_4a3e9bf0.jpg,Tomato___Bacterial_spot
img_ad2fa5a0.jpg,Tomato___Tomato_Yellow_Leaf_Curl_Virus
img_d190ac40.jpg,Tomato___Septoria_leaf_spot
img_17b4bcf5.jpg,Tomato___Bacterial_spot
img_939c608c.jpg,Strawberry___Leaf_scorch
img_375782ac.jpg,Corn_(maize)___healthy
img_f04ad7df.jpg,Tomato___Late_blight
img_2f7b424b.jpg,Strawberry___Leaf_scorch
img_b98ba574.jpg,Grape___Esca_(Black_Measles)
img_095fa58f.jpg,Tomato___Bacterial_spot
img_035283ec.jpg,Orange___Haunglongbing_(Citrus_greening)
img_0866c837.jpg,Tomato___Spider_mites Two-spotted_spider_mite
img_1aa4bc36.jpg,Tomato___Tomato_Yellow_Leaf_Curl_Virus
img_4f8c0b6a.jpg,Orange___Haunglongbing_(Citrus_greening)
img_d6777d89.jpg,Tomato___healthy
img_b581de2a.jpg,Orange___Haunglongbing_(Citrus_greening)
img_4707d66e.jpg,Grape___Esca_(Black_Measles)
img_17b45acc.jpg,Soybean___healthy
img_6c756b13.jpg,Corn_(maize)___Cercospora_leaf_spot Gray_leaf_spot
img_d5510a54.jpg,Tomato___Bacterial_spot
img_c1a12477.jpg,Grape___healthy
img_e692ba17.jpg,Orange___Haunglongbing_(Citrus_greening)
img_54994078.jpg,Apple___healthy
img_629bc92a.jpg,Orange___Haunglongbing_(Citrus_greening)
img_cd6be7e0.jpg,Tomato___Spider_mites Two-spotted_spider_mite
img_8331937d.jpg,Orange___Haunglongbing_(Citrus_greening)
img_563a44e5.jpg,Tomato___Spider_mites Two-spotted_spider_mite
img_5763aea0.jpg,Squash___Powdery_mildew
img_4bd860c5.jpg,Orange___Haunglongbing_(Citrus_greening)
img_2d0fcc94.jpg,Tomato___Late_blight
img_c669069d.jpg,Blueberry___healthy
img_162f94da.jpg,Blueberry___healthy
img_8cb0b526.jpg,Potato___Early_blight
img_6f7717bb.jpg,Tomato___Early_blight
img_feab9cce.jpg,Squash___Powdery_mildew
img_a7ee2ba5.jpg,Blueberry___healthy
img_5dad771a.jpg,Tomato___Tomato_Yellow_Leaf_Curl_Virus
img_797191be.jpg,Cherry_(including_sour)___healthy
img_661bb9c5.jpg,Tomato___Tomato_Yellow_Leaf_Curl_Virus
img_a110acd6.jpg,Corn_(maize)___Common_rust_
img_b74acaaa.jpg,Grape___Leaf_blight_(Isariopsis_Leaf_Spot)
img_9713f400.jpg,Tomato___Leaf_Mold
img_055a5abd.jpg,Corn_(maize)___Common_rust_
img_563878cf.jpg,Potato___Early_blight
img_4e33dcdb.jpg,Tomato___Bacterial_spot
img_e8a618aa.jpg,Soybean___healthy
img_2a91cf97.jpg,Apple___healthy
img_43a2bc80.jpg,Tomato___Leaf_Mold
img_58f67f56.jpg,Apple___healthy
img_757b5c4a.jpg,Tomato___Tomato_Yellow_Leaf_Curl_Virus
img_7ca8fa9c.jpg,Squash___Powdery_mildew
img_9cd5f1e3.jpg,Tomato___Septoria_leaf_spot
img_7bda7824.jpg,Potato___Late_blight
img_a7c66b9c.jpg,Orange___Haunglongbing_(Citrus_greening)
img_5c66f24c.jpg,Soybean___healthy
img_b55ddd44.jpg,Soybean___healthy
img_adeca856.jpg,Peach___Bacterial_spot
img_4636330e.jpg,Tomato___Tomato_Yellow_Leaf_Curl_Virus
img_a109e27a.jpg,Orange___Haunglongbing_(Citrus_greening)
img_2c6b4bc8.jpg,Cherry_(including_sour)___Powdery_mildew
img_7507d150.jpg,Apple___Cedar_apple_rust
img_a7af6767.jpg,Tomato___Bacterial_spot
img_595e226d.jpg,Grape___Leaf_blight_(Isariopsis_Leaf_Spot)
img_6f3956f4.jpg,Corn_(maize)___Northern_Leaf_Blight
img_b1210027.jpg,Orange___Haunglongbing_(Citrus_greening)
img_1c857528.jpg,Tomato___Bacterial_spot
img_c18db053.jpg,Orange___Haunglongbing_(Citrus_greening)
img_c74a552e.jpg,Squash___Powdery_mildew
img_8eb3407e.jpg,Strawberry___Leaf_scorch
img_945a844c.jpg,Tomato___Target_Spot
img_58492d06.jpg,Tomato___Tomato_Yellow_Leaf_Curl_Virus
img_326d11de.jpg,Potato___Early_blight
img_59fd93fc.jpg,Tomato___Leaf_Mold
img_a44f5eb4.jpg,Tomato___Spider_mites Two-spotted_spider_mite
img_8df159df.jpg,Orange___Haunglongbing_(Citrus_greening)
img_f0dd379c.jpg,Tomato___Tomato_Yellow_Leaf_Curl_Virus
img_726ead3f.jpg,Apple___Black_rot
img_7f6e5cfa.jpg,Squash___Powdery_mildew
img_1b3a438b.jpg,Orange___Haunglongbing_(Citrus_greening)
img_0b084aba.jpg,Grape___Esca_(Black_Measles)
img_2d90501f.jpg,Tomato___Septoria_leaf_spot
img_ea5e3bbd.jpg,Orange___Haunglongbing_(Citrus_greening)
img_25fee3f0.jpg,Orange___Haunglongbing_(Citrus_greening)
img_bb623e2c.jpg,Soybean___healthy
img_7bfb8f13.jpg,Apple___Apple_scab
img_0dc4f712.jpg,Tomato___Spider_mites Two-spotted_spider_mite
img_f9390cfa.jpg,Squash___Powdery_mildew
img_90737c3b.jpg,Orange___Haunglongbing_(Citrus_greening)
img_35de17f2.jpg,Apple___healthy
img_011df6cf.jpg,Tomato___Septoria_leaf_spot
img_96e97167.jpg,Tomato___healthy
img_a6cf7c53.jpg,Tomato___Tomato_Yellow_Leaf_Curl_Virus
img_95fae652.jpg,Tomato___Spider_mites Two-spotted_spider_mite
img_c96aeae2.jpg,Squash___Powdery_mildew
img_ad056fed.jpg,Tomato___Tomato_Yellow_Leaf_Curl_Virus
img_6564a0c3.jpg,Corn_(maize)___healthy
img_78151dc1.jpg,Soybean___healthy
img_aa07b82b.jpg,Corn_(maize)___healthy
img_4d025552.jpg,Corn_(maize)___Cercospora_leaf_spot Gray_leaf_spot
img_f828474e.jpg,Tomato___Target_Spot
img_00b49ada.jpg,Tomato___Bacterial_spot
img_5852e052.jpg,Tomato___Bacterial_spot
img_0879f760.jpg,Tomato___healthy
img_b8e1f4ff.jpg,"Pepper,_bell___healthy"
img_47d079f3.jpg,Strawberry___healthy
img_067de803.jpg,Grape___Black_rot
img_d43802ec.jpg,Tomato___Spider_mites Two-spotted_spider_mite
img_6f4e7d84.jpg,Peach___healthy
img_f1d8e787.jpg,"Pepper,_bell___healthy"
img_a8a67bd6.jpg,Grape___Esca_(Black_Measles)
img_1e47ccae.jpg,Tomato___Septoria_leaf_spot
img_c019ca19.jpg,Cherry_(including_sour)___Powdery_mildew
img_a3aa0063.jpg,Tomato___Bacterial_spot
img_197aabb9.jpg,Squash___Powdery_mildew
img_b647267c.jpg,Tomato___healthy
img_035b850a.jpg,Cherry_(including_sour)___healthy
img_aaccac2b.jpg,Orange___Haunglongbing_(Citrus_greening)
img_822b4a2e.jpg,Tomato___Tomato_Yellow_Leaf_Curl_Virus
img_2e44ceff.jpg,Potato___Late_blight
img_c79d5125.jpg,Cherry_(including_sour)___healthy
img_524a72db.jpg,Tomato___Tomato_Yellow_Leaf_Curl_Virus
img_ceff8882.jpg,Tomato___Tomato_Yellow_Leaf_Curl_Virus
img_c274b564.jpg,Potato___Early_blight
img_417d4205.jpg,Grape___Esca_(Black_Measles)
img_6c57dd3b.jpg,Corn_(maize)___healthy
img_56b45ac7.jpg,Squash___Powdery_mildew
img_6eb3aaeb.jpg,Grape___Black_rot
img_eef95f68.jpg,Orange___Haunglongbing_(Citrus_greening)
img_6a56a9fb.jpg,Strawberry___Leaf_scorch
img_27c8d299.jpg,Apple___healthy
img_46a1705b.jpg,Grape___Leaf_blight_(Isariopsis_Leaf_Spot)
img_af728ea0.jpg,Tomato___Spider_mites Two-spotted_spider_mite
img_b98803f0.jpg,Apple___Black_rot
img_f883b779.jpg,Cherry_(including_sour)___healthy
img_0843cbec.jpg,Potato___healthy
img_4ffa771a.jpg,"Pepper,_bell___Bacterial_spot"
img_ab33532a.jpg,Grape___Esca_(Black_Measles)
img_1b4606bc.jpg,Corn_(maize)___Common_rust_
img_544754b1.jpg,Soybean___healthy
img_77dc40ab.jpg,"Pepper,_bell___healthy"
img_55abf2dd.jpg,Squash___Powdery_mildew
img_dc09a009.jpg,Grape___Leaf_blight_(Isariopsis_Leaf_Spot)
img_99f4aa96.jpg,Orange___Haunglongbing_(Citrus_greening)
img_b17ad833.jpg,Squash___Powdery_mildew
img_b9708b4e.jpg,Peach___Bacterial_spot
img_8abf7056.jpg,"Pepper,_bell___healthy"
img_8b6b2ef5.jpg,Corn_(maize)___healthy
img_a2fadea5.jpg,Tomato___Spider_mites Two-spotted_spider_mite
img_02db283c.jpg,Tomato___Bacterial_spot
img_1cca5e46.jpg,Tomato___healthy
img_3d9a71d2.jpg,Potato___Late_blight
img_167413dc.jpg,Potato___Early_blight
img_e7a4c8a8.jpg,Blueberry___healthy
img_0fd00c07.jpg,Tomato___Septoria_leaf_spot
img_a0fcd9f8.jpg,Grape___Black_rot
img_b682529c.jpg,Raspberry___healthy
img_3736e7fc.jpg,Blueberry___healthy
img_ead267e7.jpg,Orange___Haunglongbing_(Citrus_greening)
img_bcb5e795.jpg,Tomato___Tomato_Yellow_Leaf_Curl_Virus
img_308f9819.jpg,Apple___healthy
img_933f6df2.jpg,Peach___healthy
img_10b300c4.jpg,Grape___Leaf_blight_(Isariopsis_Leaf_Spot)
img_c8193909.jpg,Squash___Powdery_mildew
img_aed2625b.jpg,Grape___Black_rot
img_57fe0804.jpg,Tomato___Late_blight
img_b4bae195.jpg,Tomato___Tomato_Yellow_Leaf_Curl_Virus
img_ae16c0fd.jpg,Strawberry___Leaf_scorch
img_cb37714b.jpg,Grape___Leaf_blight_(Isariopsis_Leaf_Spot)
img_7ceb63c1.jpg,Potato___Late_blight
img_f79e490c.jpg,Tomato___Target_Spot
img_857c5cf3.jpg,Grape___Esca_(Black_Measles)
img_9fbe72a6.jpg,Peach___Bacterial_spot
img_8c23e549.jpg,Tomato___Tomato_Yellow_Leaf_Curl_Virus
img_78a58d78.jpg,Soybean___healthy
img_55e43981.jpg,Soybean___healthy
img_2fc5a48a.jpg,Peach___Bacterial_spot
img_ef9b8e94.jpg,Tomato___Target_Spot
img_b0be081c.jpg,Tomato___healthy
img_25930b06.jpg,Tomato___Early_blight
img_fdf00fcb.jpg,Blueberry___healthy
img_6768abf8.jpg,Soybean___healthy
img_3baeef45.jpg,Soybean___healthy
img_2ce86c82.jpg,Blueberry___healthy
img_d6847470.jpg,Blueberry___healthy
img_0cf45c32.jpg,Peach___Bacterial_spot
img_e9d153f5.jpg,Tomato___Late_blight
img_5dc94dca.jpg,Tomato___Leaf_Mold
img_4eed432b.jpg,Tomato___Late_blight
img_8c73e859.jpg,Tomato___Bacterial_spot
img_43507cb8.jpg,Apple___healthy
img_a6112699.jpg,Strawberry___healthy
img_ba17887a.jpg,Tomato___Leaf_Mold
img_46ae5995.jpg,Tomato___Spider_mites Two-spotted_spider_mite
img_f8cb3758.jpg,Tomato___Late_blight
img_6070d7ed.jpg,Tomato___Tomato_Yellow_Leaf_Curl_Virus
img_a50e0be4.jpg,Apple___Apple_scab
img_cd320083.jpg,Grape___Leaf_blight_(Isariopsis_Leaf_Spot)
img_3219fb9a.jpg,Soybean___healthy
img_33e70c8a.jpg,Soybean___healthy
img_18e337a9.jpg,Grape___Esca_(Black_Measles)
img_5f390703.jpg,Blueberry___healthy
img_4c55e5e5.jpg,Tomato___Septoria_leaf_spot
img_f31f619a.jpg,Tomato___Tomato_Yellow_Leaf_Curl_Virus
img_3bf41772.jpg,Raspberry___healthy
img_bc32dbab.jpg,Soybean___healthy
img_53d740e1.jpg,Corn_(maize)___Common_rust_
img_dc79e9d0.jpg,Orange___Haunglongbing_(Citrus_greening)
img_357b40c8.jpg,Tomato___Target_Spot
img_cda24bb4.jpg,Corn_(maize)___healthy
img_e8f3b034.jpg,Tomato___Spider_mites Two-spotted_spider_mite
img_4d3542e2.jpg,Tomato___Tomato_Yellow_Leaf_Curl_Virus
img_04639495.jpg,Peach___Bacterial_spot
img_b76abe25.jpg,Tomato___Leaf_Mold
img_d219f223.jpg,Soybean___healthy
img_69301587.jpg,Tomato___Tomato_Yellow_Leaf_Curl_Virus
img_271c2055.jpg,Corn_(maize)___Common_rust_
img_ec0e5a72.jpg,Tomato___healthy
img_b83954e3.jpg,Tomato___Late_blight
img_81f784da.jpg,Grape___Leaf_blight_(Isariopsis_Leaf_Spot)
img_eeac4caf.jpg,Squash___Powdery_mildew
img_b53ab25e.jpg,Potato___Early_blight
img_199a584b.jpg,Tomato___Late_blight
img_c3bd7901.jpg,Potato___healthy
img_cd4028c3.jpg,Tomato___Late_blight
img_2be38206.jpg,Tomato___Tomato_Yellow_Leaf_Curl_Virus
img_c9a277c7.jpg,Squash___Powdery_mildew
img_f9c4e478.jpg,Tomato___Target_Spot
img_078e5a51.jpg,Tomato___Tomato_Yellow_Leaf_Curl_Virus
img_083e1490.jpg,Soybean___healthy
img_03220318.jpg,Soybean___healthy
img_b6a3f0af.jpg,Grape___healthy
img_7d122eac.jpg,Apple___healthy
img_e04b869d.jpg,Cherry_(including_sour)___healthy
img_e0463c35.jpg,Tomato___Target_Spot
img_b94ce234.jpg,Tomato___healthy
img_ab70c15d.jpg,Apple___healthy
img_95f885f2.jpg,Tomato___Early_blight
img_9f38778b.jpg,Tomato___Spider_mites Two-spotted_spider_mite
img_ce18ecb1.jpg,Grape___Black_rot
img_f7603867.jpg,Orange___Haunglongbing_(Citrus_greening)
img_cd2db7ac.jpg,Corn_(maize)___healthy
img_042198a7.jpg,Soybean___healthy
img_badea19d.jpg,Corn_(maize)___Common_rust_
img_a91066ae.jpg,Tomato___Septoria_leaf_spot
img_5a58d8a2.jpg,Soybean___healthy
img_287a2111.jpg,Soybean___healthy
img_cf623702.jpg,Soybean___healthy
img_10460bb3.jpg,Tomato___Tomato_Yellow_Leaf_Curl_Virus
img_db54e0cc.jpg,Tomato___Target_Spot
img_ad8d0df2.jpg,Peach___Bacterial_spot
img_254ff37b.jpg,Potato___Late_blight
img_4a95f309.jpg,Tomato___Late_blight
img_02b34a58.jpg,Tomato___Tomato_Yellow_Leaf_Curl_Virus
img_05246b81.jpg,Orange___Haunglongbing_(Citrus_greening)
img_4b19a8b3.jpg,Potato___Early_blight
img_84a82d73.jpg,Cherry_(including_sour)___Powdery_mildew
img_d3410557.jpg,Tomato___Early_blight
img_78d5b556.jpg,Peach___Bacterial_spot
img_9e58085a.jpg,Orange___Haunglongbing_(Citrus_greening)
img_eaa7af1c.jpg,Blueberry___healthy
img_68a7b9dd.jpg,Corn_(maize)___Common_rust_
img_fd059918.jpg,Cherry_(including_sour)___healthy
img_2384b9f2.jpg,Orange___Haunglongbing_(Citrus_greening)
img_4bfa3f8f.jpg,Blueberry___healthy
img_cef6a259.jpg,Corn_(maize)___healthy
img_8c5aa789.jpg,Tomato___Leaf_Mold
img_2999a55c.jpg,"Pepper,_bell___healthy"
img_a49891db.jpg,Grape___Black_rot
img_eb82737b.jpg,Tomato___healthy
img_67ece32d.jpg,Tomato___Tomato_Yellow_Leaf_Curl_Virus
img_186ccbc5.jpg,Orange___Haunglongbing_(Citrus_greening)
img_f81b0165.jpg,Tomato___Spider_mites Two-spotted_spider_mite
img_1f9fd5e9.jpg,Tomato___healthy
img_9c41b618.jpg,Soybean___healthy
img_e86b6456.jpg,Tomato___Spider_mites Two-spotted_spider_mite
img_8ee75621.jpg,Grape___Esca_(Black_Measles)
img_c57cf9cd.jpg,Corn_(maize)___Northern_Leaf_Blight
img_ab02736a.jpg,Apple___Black_rot
img_ba411ad3.jpg,Tomato___Tomato_Yellow_Leaf_Curl_Virus
img_03f48734.jpg,Corn_(maize)___healthy
img_9f4eb1cf.jpg,Tomato___Tomato_Yellow_Leaf_Curl_Virus
img_db884863.jpg,Orange___Haunglongbing_(Citrus_greening)
img_da89fc25.jpg,Corn_(maize)___Cercospora_leaf_spot Gray_leaf_spot
img_09203440.jpg,Tomato___Tomato_Yellow_Leaf_Curl_Virus
img_a98c8a1f.jpg,Peach___Bacterial_spot
img_6ea95529.jpg,Tomato___Late_blight
img_3dad1eb9.jpg,Corn_(maize)___healthy
img_c0745f81.jpg,Cherry_(including_sour)___healthy
img_1b36c443.jpg,"Pepper,_bell___Bacterial_spot"
img_8f14db3b.jpg,"Pepper,_bell___Bacterial_spot"
img_abee470d.jpg,Grape___Leaf_blight_(Isariopsis_Leaf_Spot)
img_7550b22b.jpg,Tomato___Bacterial_spot
img_f19af6ee.jpg,Squash___Powdery_mildew
img_5c72aec0.jpg,Tomato___Early_blight
img_3cd5133f.jpg,Blueberry___healthy
img_bb54f53f.jpg,Grape___healthy
img_670f1fbd.jpg,Tomato___Septoria_leaf_spot
img_08e0ab22.jpg,Potato___Late_blight
img_c62ae54d.jpg,Tomato___Bacterial_spot
img_a5486ec4.jpg,Grape___Esca_(Black_Measles)
img_4421020c.jpg,Potato___Late_blight
img_83c483fe.jpg,Grape___Esca_(Black_Measles)
img_cea8c9ef.jpg,Cherry_(including_sour)___healthy
img_99c612d3.jpg,Tomato___Late_blight
img_735e5528.jpg,Orange___Haunglongbing_(Citrus_greening)
img_796f7daa.jpg,Tomato___Bacterial_spot
img_a0b4a61e.jpg,Squash___Powdery_mildew
img_51b90027.jpg,Cherry_(including_sour)___Powdery_mildew
img_a90cab89.jpg,Cherry_(including_sour)___Powdery_mildew
img_9f1e74da.jpg,"Pepper,_bell___healthy"
img_ef2c3f80.jpg,Orange___Haunglongbing_(Citrus_greening)
img_38d32111.jpg,Tomato___Tomato_Yellow_Leaf_Curl_Virus
img_6f74b1e7.jpg,Tomato___Spider_mites Two-spotted_spider_mite
img_cb9ae238.jpg,Tomato___healthy
img_8cf63077.jpg,"Pepper,_bell___healthy"
img_f1daae73.jpg,Tomato___healthy
img_3e84eb43.jpg,Peach___Bacterial_spot
img_cf82c6b3.jpg,Tomato___Tomato_Yellow_Leaf_Curl_Virus
img_d168b516.jpg,Orange___Haunglongbing_(Citrus_greening)
img_e2c591f7.jpg,Soybean___healthy
img_4e9c0450.jpg,Tomato___Early_blight
img_454ce6ba.jpg,Soybean___healthy
img_aed90da2.jpg,"Pepper,_bell___Bacterial_spot"
img_4b0ea139.jpg,Soybean___healthy
img_88b4e00c.jpg,Tomato___Target_Spot
img_42cf88a7.jpg,Squash___Powdery_mildew
img_55c6888c.jpg,Squash___Powdery_mildew
img_2d3dd6df.jpg,Tomato___Tomato_Yellow_Leaf_Curl_Virus
img_a932e485.jpg,Orange___Haunglongbing_(Citrus_greening)
img_0665373d.jpg,Grape___Black_rot
img_2ef229cb.jpg,"Pepper,_bell___healthy"
img_c9c656d0.jpg,Tomato___healthy
img_23abca64.jpg,Tomato___Spider_mites Two-spotted_spider_mite
img_377a45f2.jpg,Tomato___Bacterial_spot
img_309ec5ec.jpg,Tomato___Tomato_Yellow_Leaf_Curl_Virus
img_b464d53a.jpg,Grape___Esca_(Black_Measles)
img_4483df8e.jpg,"Pepper,_bell___healthy"
img_be5684fa.jpg,Potato___Late_blight
img_dba3830f.jpg,Tomato___Septoria_leaf_spot
img_c36dbb7a.jpg,Potato___Late_blight
img_dc576bff.jpg,Corn_(maize)___Common_rust_
img_63467ce1.jpg,Tomato___Septoria_leaf_spot
img_b8037cb2.jpg,Strawberry___Leaf_scorch
img_1514dc93.jpg,Grape___Black_rot
img_1ab27f6b.jpg,Potato___healthy
img_7962dcab.jpg,Grape___Leaf_blight_(Isariopsis_Leaf_Spot)
img_beed622d.jpg,Orange___Haunglongbing_(Citrus_greening)
img_f2aa6e5b.jpg,Peach___Bacterial_spot
img_27abb43c.jpg,Grape___healthy
img_11fb8fc0.jpg,Tomato___Bacterial_spot
img_605e7989.jpg,Tomato___Tomato_mosaic_virus
img_88fc0564.jpg,Tomato___Leaf_Mold
img_29949a29.jpg,"Pepper,_bell___healthy"
img_42c3ac10.jpg,Tomato___Spider_mites Two-spotted_spider_mite
img_1cec478e.jpg,"Pepper,_bell___healthy"
img_439431c5.jpg,Soybean___healthy
img_7d831bc9.jpg,Grape___Esca_(Black_Measles)
img_11f9285d.jpg,Tomato___Tomato_Yellow_Leaf_Curl_Virus
img_4d8d22de.jpg,Tomato___Leaf_Mold
img_5dae8d6d.jpg,Tomato___Late_blight
img_1a3d7e78.jpg,Potato___Early_blight
img_24f84244.jpg,Potato___Late_blight
img_814691d2.jpg,Strawberry___Leaf_scorch
img_18904761.jpg,Strawberry___Leaf_scorch
img_3d5b8d1d.jpg,Tomato___Late_blight
img_f6075c62.jpg,Peach___healthy
img_eee1ce84.jpg,Grape___Esca_(Black_Measles)
img_c52302dc.jpg,Orange___Haunglongbing_(Citrus_greening)
img_1b597f4a.jpg,Tomato___healthy
img_229c4c0b.jpg,Blueberry___healthy
img_455aafd4.jpg,Grape___Esca_(Black_Measles)
img_061d9d05.jpg,Corn_(maize)___Common_rust_
img_dea0a427.jpg,Tomato___Early_blight
img_ea03956a.jpg,"Pepper,_bell___Bacterial_spot"
img_444b7776.jpg,Cherry_(including_sour)___healthy
img_63dfce38.jpg,Soybean___healthy
img_cb1a69e9.jpg,Grape___Leaf_blight_(Isariopsis_Leaf_Spot)
img_b434b4ec.jpg,Tomato___Target_Spot
img_b0fb5923.jpg,Tomato___Septoria_leaf_spot
img_10020edb.jpg,Tomato___Late_blight
img_dd150b0c.jpg,Orange___Haunglongbing_(Citrus_greening)
img_aae0e938.jpg,Peach___Bacterial_spot
img_7e774e3f.jpg,Tomato___Tomato_Yellow_Leaf_Curl_Virus
img_2fe08992.jpg,Soybean___healthy
img_4f193846.jpg,Corn_(maize)___Northern_Leaf_Blight
img_c65f7b35.jpg,"Pepper,_bell___healthy"
img_07e1c9ab.jpg,Cherry_(including_sour)___Powdery_mildew
img_3d594de7.jpg,Cherry_(including_sour)___healthy
img_3a0e27cf.jpg,Tomato___Tomato_Yellow_Leaf_Curl_Virus
img_9521b3f6.jpg,Tomato___Septoria_leaf_spot
img_06c1a11a.jpg,Tomato___Tomato_Yellow_Leaf_Curl_Virus
img_37489383.jpg,Peach___Bacterial_spot
img_3f66d5f1.jpg,Tomato___Tomato_Yellow_Leaf_Curl_Virus
img_5717ed46.jpg,Soybean___healthy
img_a4b50472.jpg,Blueberry___healthy
img_99abef0c.jpg,Orange___Haunglongbing_(Citrus_greening)
img_e8abe36a.jpg,Tomato___Tomato_Yellow_Leaf_Curl_Virus
img_6ee81078.jpg,Soybean___healthy
img_80b03de1.jpg,Tomato___Tomato_Yellow_Leaf_Curl_Virus
img_48cc73a2.jpg,Tomato___Tomato_Yellow_Leaf_Curl_Virus
img_f7bfcbc5.jpg,Soybean___healthy
img_46100ab8.jpg,Strawberry___Leaf_scorch
img_c8d29376.jpg,Peach___Bacterial_spot
img_a0d6b803.jpg,Apple___Apple_scab
img_3250c74f.jpg,Apple___Apple_scab
img_54833e72.jpg,Soybean___healthy
img_6867c985.jpg,Peach___Bacterial_spot
img_a19e7a00.jpg,Grape___Esca_(Black_Measles)
img_a52cf3cb.jpg,Tomato___Tomato_Yellow_Leaf_Curl_Virus
img_21fd7f6f.jpg,Orange___Haunglongbing_(Citrus_greening)
img_42730e09.jpg,Corn_(maize)___healthy
img_afbd1f8a.jpg,Tomato___Tomato_Yellow_Leaf_Curl_Virus
img_b95344eb.jpg,Tomato___Early_blight
img_f5d41121.jpg,"Pepper,_bell___healthy"
img_73723e55.jpg,Tomato___Spider_mites Two-spotted_spider_mite
img_f9dd7b7a.jpg,Strawberry___Leaf_scorch
img_416ecb77.jpg,Cherry_(including_sour)___healthy
img_5590b51e.jpg,Orange___Haunglongbing_(Citrus_greening)
img_cfe94be7.jpg,Tomato___Bacterial_spot
img_b99b48ca.jpg,Tomato___healthy
img_e548c412.jpg,Tomato___Late_blight
img_fbc1fdc8.jpg,Orange___Haunglongbing_(Citrus_greening)
img_3d5551e5.jpg,Orange___Haunglongbing_(Citrus_greening)
img_2c163816.jpg,"Pepper,_bell___healthy"
img_5ed7f337.jpg,Grape___Esca_(Black_Measles)
img_b32058c2.jpg,Grape___Esca_(Black_Measles)
img_39507a8e.jpg,Peach___Bacterial_spot
img_2b982edf.jpg,Blueberry___healthy
img_9e14ec41.jpg,Peach___Bacterial_spot
img_8b61f21f.jpg,Grape___Black_rot
img_a724efdc.jpg,Tomato___Tomato_Yellow_Leaf_Curl_Virus
img_71100e06.jpg,Tomato___Tomato_Yellow_Leaf_Curl_Virus
img_79faf15f.jpg,Cherry_(including_sour)___healthy
img_6968bfd5.jpg,Tomato___Late_blight
img_7b09f2c9.jpg,Tomato___Spider_mites Two-spotted_spider_mite
img_aa082477.jpg,Strawberry___Leaf_scorch
img_d09c531a.jpg,Blueberry___healthy
img_6fdedc38.jpg,Blueberry___healthy
img_968be6f4.jpg,Apple___healthy
img_f6a167e8.jpg,Tomato___healthy
img_79117b82.jpg,Soybean___healthy
img_ba364f46.jpg,Blueberry___healthy
img_67537c91.jpg,Corn_(maize)___Cercospora_leaf_spot Gray_leaf_spot
img_0dec59e7.jpg,Tomato___Septoria_leaf_spot
img_3fe3c704.jpg,Soybean___healthy
img_3b163cd4.jpg,Apple___healthy
img_8af7e4f5.jpg,Tomato___Tomato_Yellow_Leaf_Curl_Virus
img_53a260d4.jpg,Apple___Apple_scab
img_e8434a5f.jpg,Orange___Haunglongbing_(Citrus_greening)
img_ffafcd09.jpg,Soybean___healthy
img_9714fac6.jpg,Corn_(maize)___Northern_Leaf_Blight
img_7e66e370.jpg,Apple___healthy
img_76b16311.jpg,Tomato___Leaf_Mold
img_2705385e.jpg,Grape___Black_rot
img_6d30851f.jpg,Tomato___Late_blight
img_0dfab921.jpg,Tomato___Spider_mites Two-spotted_spider_mite
img_313d897a.jpg,Tomato___Septoria_leaf_spot
img_df070040.jpg,Tomato___Tomato_Yellow_Leaf_Curl_Virus
img_178257ac.jpg,Squash___Powdery_mildew
img_9b1f3ce2.jpg,Tomato___Bacterial_spot
img_734e955d.jpg,Tomato___Late_blight
img_6e829f27.jpg,Soybean___healthy
img_163bca6b.jpg,Raspberry___healthy
img_59b97c15.jpg,Apple___Black_rot
img_4172a764.jpg,Potato___Late_blight
img_5058451e.jpg,Orange___Haunglongbing_(Citrus_greening)
img_82c8bb87.jpg,Tomato___Tomato_Yellow_Leaf_Curl_Virus
img_ebbca424.jpg,Orange___Haunglongbing_(Citrus_greening)
img_814bc91a.jpg,Cherry_(including_sour)___Powdery_mildew
img_9070ab97.jpg,Squash___Powdery_mildew
img_4ba917d0.jpg,Peach___Bacterial_spot
img_1e05e9e9.jpg,Tomato___Early_blight
img_77ce1ac9.jpg,Apple___healthy
img_da05272c.jpg,Tomato___Bacterial_spot
img_d12a0b42.jpg,Tomato___Tomato_Yellow_Leaf_Curl_Virus
img_0f9662d5.jpg,Orange___Haunglongbing_(Citrus_greening)
img_395d9f00.jpg,Blueberry___healthy
img_5ca019a1.jpg,Raspberry___healthy
img_9bab4f1e.jpg,Apple___Apple_scab
img_bfc32f15.jpg,Peach___Bacterial_spot
img_291e890b.jpg,Tomato___Septoria_leaf_spot
img_772c93c1.jpg,Orange___Haunglongbing_(Citrus_greening)
img_d48af096.jpg,Apple___healthy
img_a82855a7.jpg,Peach___Bacterial_spot
img_10314252.jpg,Squash___Powdery_mildew
img_521ee7f4.jpg,Blueberry___healthy
img_20f9de6b.jpg,Corn_(maize)___healthy
img_753d504f.jpg,Tomato___Tomato_Yellow_Leaf_Curl_Virus
img_04e400fa.jpg,Tomato___Tomato_Yellow_Leaf_Curl_Virus
img_6f0f585c.jpg,Grape___Leaf_blight_(Isariopsis_Leaf_Spot)
img_e458fd7b.jpg,Grape___Leaf_blight_(Isariopsis_Leaf_Spot)
img_c016d257.jpg,Tomato___Tomato_mosaic_virus
img_4e80add9.jpg,Cherry_(including_sour)___Powdery_mildew
img_8cdd7c95.jpg,Tomato___Leaf_Mold
img_bd0b9f10.jpg,Tomato___Tomato_Yellow_Leaf_Curl_Virus
img_ca10d59d.jpg,Tomato___Tomato_Yellow_Leaf_Curl_Virus
img_03eb13fa.jpg,Soybean___healthy
img_26f0e078.jpg,Corn_(maize)___Northern_Leaf_Blight
img_d523c441.jpg,Grape___Black_rot
img_d3b810c0.jpg,Cherry_(including_sour)___Powdery_mildew
img_f2228734.jpg,Grape___Black_rot
img_5cc0f5cc.jpg,Tomato___healthy
img_ce4470fb.jpg,Grape___healthy
img_19e86e9f.jpg,Tomato___Tomato_Yellow_Leaf_Curl_Virus
img_4915009b.jpg,Orange___Haunglongbing_(Citrus_greening)
img_63ab6d26.jpg,Orange___Haunglongbing_(Citrus_greening)
img_2266fc61.jpg,Tomato___Spider_mites Two-spotted_spider_mite
img_0db6b822.jpg,Strawberry___Leaf_scorch
img_ca17245a.jpg,Corn_(maize)___Northern_Leaf_Blight
img_4973f54a.jpg,Corn_(maize)___Common_rust_
img_e754e0c6.jpg,Tomato___Tomato_Yellow_Leaf_Curl_Virus
img_0dcf1ad4.jpg,Tomato___Tomato_Yellow_Leaf_Curl_Virus
img_6c4bf10d.jpg,Tomato___Tomato_Yellow_Leaf_Curl_Virus
img_4eae3bfb.jpg,Corn_(maize)___healthy
img_338af2f3.jpg,"Pepper,_bell___healthy"
img_c68c4c69.jpg,Potato___Late_blight
img_04059c65.jpg,Blueberry___healthy
img_0ac22f24.jpg,Grape___Black_rot
img_3d28e745.jpg,Raspberry___healthy
img_910aa30c.jpg,Tomato___healthy
img_e96e8ef7.jpg,Tomato___Late_blight
img_110c312b.jpg,Strawberry___healthy
img_fef2052d.jpg,Soybean___healthy
img_38a5c7ef.jpg,Squash___Powdery_mildew
img_eafb9be1.jpg,Tomato___Leaf_Mold
img_68892d04.jpg,Grape___healthy
img_59a27b5b.jpg,Tomato___Target_Spot
img_b2c87ea8.jpg,Orange___Haunglongbing_(Citrus_greening)
img_ca6b218f.jpg,Soybean___healthy
img_695b7e02.jpg,Orange___Haunglongbing_(Citrus_greening)
img_8885b307.jpg,Tomato___Late_blight
img_bc87c733.jpg,Raspberry___healthy
img_26ca049c.jpg,Apple___Black_rot
img_010a52c7.jpg,Corn_(maize)___Northern_Leaf_Blight
img_bbc294d9.jpg,Tomato___Tomato_Yellow_Leaf_Curl_Virus
img_6a8a77a8.jpg,Tomato___Septoria_leaf_spot
img_40fddb55.jpg,"Pepper,_bell___Bacterial_spot"
img_ed758b4b.jpg,Soybean___healthy
img_1ab16d89.jpg,Tomato___Septoria_leaf_spot
img_898e8531.jpg,"Pepper,_bell___healthy"
img_1a0f5b3b.jpg,Tomato___Target_Spot
img_3a6e8480.jpg,Soybean___healthy
img_50ace726.jpg,Tomato___Leaf_Mold
img_6f83e9e7.jpg,Squash___Powdery_mildew
img_101fa572.jpg,Corn_(maize)___Northern_Leaf_Blight
img_836f2ef8.jpg,Apple___healthy
img_bd0fd63f.jpg,Tomato___Tomato_Yellow_Leaf_Curl_Virus
img_965bb91a.jpg,Peach___healthy
img_0b383610.jpg,Tomato___Bacterial_spot
img_ed3e49f6.jpg,Tomato___Leaf_Mold
img_15ffc1a4.jpg,Tomato___Tomato_Yellow_Leaf_Curl_Virus
img_ca5db341.jpg,Orange___Haunglongbing_(Citrus_greening)
img_9da3a1af.jpg,Apple___Black_rot
img_0541e632.jpg,Orange___Haunglongbing_(Citrus_greening)
img_9478662e.jpg,Tomato___Spider_mites Two-spotted_spider_mite
img_0ebdb2e2.jpg,Orange___Haunglongbing_(Citrus_greening)
img_8dbd8a04.jpg,Grape___healthy
img_2427d437.jpg,Peach___healthy
img_2b13ec6d.jpg,Potato___Early_blight
img_27aa80d6.jpg,"Pepper,_bell___healthy"
img_1323f1f6.jpg,Tomato___Leaf_Mold
img_9d6db5f7.jpg,Soybean___healthy
img_feca18ca.jpg,Potato___Early_blight
img_0c5bd7d3.jpg,Soybean___healthy
img_0faacd2b.jpg,Tomato___Septoria_leaf_spot
img_09fe73dd.jpg,"Pepper,_bell___Bacterial_spot"
img_7e62190c.jpg,Orange___Haunglongbing_(Citrus_greening)
img_1124e7d0.jpg,Tomato___Tomato_Yellow_Leaf_Curl_Virus
img_3c898a5d.jpg,Tomato___Tomato_mosaic_virus
img_3c55494b.jpg,Apple___Black_rot
img_a323d9d6.jpg,Orange___Haunglongbing_(Citrus_greening)
img_d6b63893.jpg,Tomato___Late_blight
img_0c4e2d2b.jpg,Soybean___healthy
img_48b8e2b3.jpg,Apple___Black_rot
img_ebaa8fff.jpg,Peach___Bacterial_spot
img_c2dc065e.jpg,Peach___Bacterial_spot
img_c3c8138e.jpg,Grape___Black_rot
img_b2b2212c.jpg,Tomato___Tomato_mosaic_virus
img_76ded3bb.jpg,Orange___Haunglongbing_(Citrus_greening)
img_b111bfd4.jpg,Orange___Haunglongbing_(Citrus_greening)
img_b961ffb4.jpg,Potato___Late_blight
img_dc8015f9.jpg,Tomato___Target_Spot
img_c8746bd6.jpg,Grape___Esca_(Black_Measles)
img_b84ded34.jpg,Tomato___Tomato_Yellow_Leaf_Curl_Virus
img_a5c095e1.jpg,Tomato___Septoria_leaf_spot
img_88fd39b3.jpg,Tomato___Tomato_Yellow_Leaf_Curl_Virus
img_20e16773.jpg,Tomato___Early_blight
img_3f5ed3fe.jpg,Grape___Black_rot
img_d0c2495a.jpg,Tomato___Leaf_Mold
img_11f21ac1.jpg,Cherry_(including_sour)___Powdery_mildew
img_19849c15.jpg,Orange___Haunglongbing_(Citrus_greening)
img_63f227f7.jpg,Blueberry___healthy
img_ac7ccc4b.jpg,Tomato___Tomato_Yellow_Leaf_Curl_Virus
img_9d45a2dd.jpg,Cherry_(including_sour)___healthy
img_596f07b3.jpg,Tomato___healthy
img_34e5fd8b.jpg,Tomato___Tomato_Yellow_Leaf_Curl_Virus
img_e045070c.jpg,"Pepper,_bell___healthy"
img_38bf66d9.jpg,Tomato___Septoria_leaf_spot
img_00827538.jpg,Cherry_(including_sour)___Powdery_mildew
img_c5eac079.jpg,Strawberry___healthy
img_7792c1ff.jpg,Tomato___Septoria_leaf_spot
img_20d9a25c.jpg,Tomato___Tomato_Yellow_Leaf_Curl_Virus
img_b4124a6a.jpg,Tomato___Late_blight
img_ebaeb9c5.jpg,Tomato___Leaf_Mold
img_368a15d2.jpg,"Pepper,_bell___healthy"
img_5229c5e8.jpg,Tomato___Spider_mites Two-spotted_spider_mite
img_5924ebc0.jpg,Orange___Haunglongbing_(Citrus_greening)
img_8ef9b035.jpg,Peach___healthy
img_69dbb535.jpg,Tomato___Target_Spot
img_767fd0b5.jpg,Orange___Haunglongbing_(Citrus_greening)
img_3676260e.jpg,Squash___Powdery_mildew
img_f106be77.jpg,Tomato___Spider_mites Two-spotted_spider_mite
img_e20bfaa5.jpg,Tomato___Bacterial_spot
img_01387179.jpg,Orange___Haunglongbing_(Citrus_greening)
img_c477f6e1.jpg,Orange___Haunglongbing_(Citrus_greening)
img_eb91abb7.jpg,Tomato___Late_blight
img_a3a6ae52.jpg,Tomato___Bacterial_spot
img_f5dd75a1.jpg,Peach___Bacterial_spot
img_82d717b4.jpg,Orange___Haunglongbing_(Citrus_greening)
img_9f153f50.jpg,Apple___Apple_scab
img_75c53fcf.jpg,Tomato___Spider_mites Two-spotted_spider_mite
img_e63e5446.jpg,Blueberry___healthy
img_c4c62afd.jpg,Tomato___Spider_mites Two-spotted_spider_mite
img_055241e9.jpg,Orange___Haunglongbing_(Citrus_greening)
img_ee5eca56.jpg,Tomato___Septoria_leaf_spot
img_a25bacf3.jpg,Tomato___Spider_mites Two-spotted_spider_mite
img_146c77fe.jpg,Corn_(maize)___healthy
img_d3f61a5b.jpg,Tomato___Septoria_leaf_spot
img_94a18ad7.jpg,Potato___Late_blight
img_3bf1b55c.jpg,Strawberry___healthy
img_36b05701.jpg,Strawberry___Leaf_scorch
img_c043939e.jpg,Soybean___healthy
img_3d31de32.jpg,Peach___Bacterial_spot
img_a281af25.jpg,Orange___Haunglongbing_(Citrus_greening)
img_e4c82d1b.jpg,Apple___healthy
img_fea7fbb0.jpg,Tomato___Spider_mites Two-spotted_spider_mite
img_af262530.jpg,Soybean___healthy
img_52edf220.jpg,Orange___Haunglongbing_(Citrus_greening)
img_0cea9723.jpg,Cherry_(including_sour)___healthy
img_8029297a.jpg,Orange___Haunglongbing_(Citrus_greening)
img_359d1b78.jpg,Tomato___Tomato_Yellow_Leaf_Curl_Virus
img_2746d423.jpg,Tomato___Bacterial_spot
img_8c51e94a.jpg,Corn_(maize)___healthy
img_320a8bb2.jpg,Corn_(maize)___Common_rust_
img_11d64867.jpg,Tomato___Septoria_leaf_spot
img_d69233ed.jpg,Peach___Bacterial_spot
img_6c9eaa97.jpg,Strawberry___Leaf_scorch
img_4551a8f6.jpg,Tomato___Septoria_leaf_spot
img_617fd5d1.jpg,Tomato___Target_Spot
img_90863d7d.jpg,Cherry_(including_sour)___healthy
img_5ba36f34.jpg,Grape___Leaf_blight_(Isariopsis_Leaf_Spot)
img_49937f2d.jpg,Tomato___Spider_mites Two-spotted_spider_mite
img_9ad1135c.jpg,Tomato___Late_blight
img_92f7bd79.jpg,Tomato___Tomato_Yellow_Leaf_Curl_Virus
img_4c612c96.jpg,Soybean___healthy
img_811f64cc.jpg,Orange___Haunglongbing_(Citrus_greening)
img_276d8851.jpg,Grape___Esca_(Black_Measles)
img_0db880f9.jpg,Apple___healthy
img_84a6f46c.jpg,Tomato___healthy
img_eb4a5fed.jpg,Orange___Haunglongbing_(Citrus_greening)
img_12088610.jpg,Tomato___Early_blight
img_f9902596.jpg,Tomato___Late_blight
img_be34a735.jpg,Grape___Leaf_blight_(Isariopsis_Leaf_Spot)
img_d4fbad7a.jpg,Cherry_(including_sour)___healthy
img_825b3fd4.jpg,Potato___Late_blight
img_be6a25ff.jpg,Orange___Haunglongbing_(Citrus_greening)
img_fd590f2c.jpg,Corn_(maize)___healthy
img_dd5241f2.jpg,Tomato___Target_Spot
img_a2d47cce.jpg,Orange___Haunglongbing_(Citrus_greening)
img_74c3b757.jpg,Tomato___Septoria_leaf_spot
img_8044a74d.jpg,Squash___Powdery_mildew
img_ea547de5.jpg,Tomato___Tomato_Yellow_Leaf_Curl_Virus
img_9ac02869.jpg,Orange___Haunglongbing_(Citrus_greening)
img_593575c5.jpg,Tomato___Tomato_Yellow_Leaf_Curl_Virus
img_27097a57.jpg,Tomato___Leaf_Mold
img_64fcd18a.jpg,Orange___Haunglongbing_(Citrus_greening)
img_33f3a62d.jpg,Tomato___Bacterial_spot
img_42aa5f53.jpg,Orange___Haunglongbing_(Citrus_greening)
img_bb466481.jpg,Potato___Early_blight
img_6429d772.jpg,Peach___Bacterial_spot
img_7a7e0e0f.jpg,Tomato___Leaf_Mold
img_138c6fa5.jpg,Potato___Early_blight
img_e4596df8.jpg,Blueberry___healthy
img_7bb1da04.jpg,Tomato___Target_Spot
img_868542a2.jpg,Tomato___Spider_mites Two-spotted_spider_mite
img_b290374c.jpg,Strawberry___Leaf_scorch
img_0bfa0a3f.jpg,Strawberry___Leaf_scorch
img_efe7fd4b.jpg,Tomato___Late_blight
img_dad35b39.jpg,Squash___Powdery_mildew
img_22cdc5bc.jpg,Orange___Haunglongbing_(Citrus_greening)
img_ee05cea2.jpg,Cherry_(including_sour)___Powdery_mildew
img_df0123fa.jpg,Peach___Bacterial_spot
img_e54ba87e.jpg,Soybean___healthy
img_3613e8f6.jpg,"Pepper,_bell___Bacterial_spot"
img_9b0563ee.jpg,Tomato___Tomato_Yellow_Leaf_Curl_Virus
img_a691998c.jpg,Soybean___healthy
img_300ebf62.jpg,Soybean___healthy
img_93e4321b.jpg,Tomato___Tomato_Yellow_Leaf_Curl_Virus
img_95aa464e.jpg,Soybean___healthy
img_8c305133.jpg,Tomato___Tomato_Yellow_Leaf_Curl_Virus
img_3c8d2014.jpg,Tomato___healthy
img_78121303.jpg,Tomato___Tomato_Yellow_Leaf_Curl_Virus
img_231d5e12.jpg,Apple___healthy
img_b69cd606.jpg,Orange___Haunglongbing_(Citrus_greening)
img_70b6f177.jpg,Soybean___healthy
img_f626ecb6.jpg,Orange___Haunglongbing_(Citrus_greening)
img_818ab673.jpg,Apple___Black_rot
img_3c10a75e.jpg,Squash___Powdery_mildew
img_65fd435e.jpg,Tomato___Tomato_mosaic_virus
img_2b1aed40.jpg,Blueberry___healthy
img_14ea90e9.jpg,Squash___Powdery_mildew
img_7551ce0b.jpg,Tomato___Tomato_Yellow_Leaf_Curl_Virus
img_17500ce7.jpg,Soybean___healthy
img_988046f9.jpg,Tomato___Tomato_Yellow_Leaf_Curl_Virus
img_e7b9d196.jpg,Tomato___Late_blight
img_08cb3ff9.jpg,Peach___Bacterial_spot
img_62d46f4b.jpg,Orange___Haunglongbing_(Citrus_greening)
img_f053f2e4.jpg,Grape___Esca_(Black_Measles)
img_6c534d92.jpg,Grape___Leaf_blight_(Isariopsis_Leaf_Spot)
img_09a3a23a.jpg,Grape___Black_rot
img_25150a44.jpg,Strawberry___Leaf_scorch
img_e35cd9b5.jpg,Tomato___healthy
img_22206e3e.jpg,Tomato___Tomato_Yellow_Leaf_Curl_Virus
img_5b0dc173.jpg,Tomato___Early_blight
img_bde666f3.jpg,Soybean___healthy
img_b3ea8327.jpg,Tomato___Tomato_Yellow_Leaf_Curl_Virus
img_f41655c2.jpg,Tomato___Tomato_mosaic_virus
img_77059478.jpg,Apple___Black_rot
img_c6b2e7d2.jpg,Tomato___Tomato_Yellow_Leaf_Curl_Virus
img_2a1f0b49.jpg,Orange___Haunglongbing_(Citrus_greening)
img_9bd1faa5.jpg,Tomato___Tomato_Yellow_Leaf_Curl_Virus
img_b013eb10.jpg,Orange___Haunglongbing_(Citrus_greening)
img_5795fbce.jpg,Orange___Haunglongbing_(Citrus_greening)
img_e2733dcf.jpg,Soybean___healthy
img_e81c2e57.jpg,Tomato___Bacterial_spot
img_005305f8.jpg,Orange___Haunglongbing_(Citrus_greening)
img_0df4dc78.jpg,Corn_(maize)___Cercospora_leaf_spot Gray_leaf_spot
img_c8e4acd5.jpg,Cherry_(including_sour)___healthy
img_ead91b70.jpg,Tomato___healthy
img_55a1f347.jpg,Tomato___Tomato_Yellow_Leaf_Curl_Virus
img_c2970c70.jpg,Cherry_(including_sour)___Powdery_mildew
img_7e47b33d.jpg,Tomato___Tomato_Yellow_Leaf_Curl_Virus
img_84d032d3.jpg,Tomato___Tomato_Yellow_Leaf_Curl_Virus
img_10b346f5.jpg,Tomato___Bacterial_spot
img_78b470cb.jpg,Squash___Powdery_mildew
img_1b384f37.jpg,Corn_(maize)___Common_rust_
img_65ec8ffd.jpg,Peach___Bacterial_spot
img_14c61158.jpg,Corn_(maize)___Northern_Leaf_Blight
img_5711648b.jpg,Tomato___Target_Spot
img_33ef888e.jpg,Tomato___Early_blight
img_bdcb89e4.jpg,Tomato___Septoria_leaf_spot
img_ead82eef.jpg,Soybean___healthy
img_48caeb96.jpg,"Pepper,_bell___healthy"
img_8d3c51fe.jpg,Corn_(maize)___healthy
img_3fb5a6a3.jpg,Soybean___healthy
img_67924935.jpg,Grape___Leaf_blight_(Isariopsis_Leaf_Spot)
img_dff48854.jpg,Tomato___Late_blight
img_f3256a81.jpg,Tomato___Target_Spot
img_30fbd468.jpg,Apple___healthy
img_f089cccd.jpg,Orange___Haunglongbing_(Citrus_greening)
img_85f8f1e6.jpg,Tomato___Tomato_Yellow_Leaf_Curl_Virus
img_60fc65de.jpg,Tomato___Tomato_Yellow_Leaf_Curl_Virus
img_e0122bd2.jpg,Potato___Early_blight
img_101293bb.jpg,Orange___Haunglongbing_(Citrus_greening)
img_2e25e48e.jpg,Tomato___Septoria_leaf_spot
img_5f75fd5f.jpg,Apple___healthy
img_6a6515e9.jpg,Soybean___healthy
img_b179ab1a.jpg,Peach___healthy
img_e0a3c6cf.jpg,"Pepper,_bell___Bacterial_spot"
img_dcbc8bc3.jpg,Apple___healthy
img_cbe7f27e.jpg,Tomato___Tomato_Yellow_Leaf_Curl_Virus
img_5259d08f.jpg,Tomato___Septoria_leaf_spot
img_4571568a.jpg,Corn_(maize)___Common_rust_
img_bed9222b.jpg,Corn_(maize)___Common_rust_
img_c6ff62b3.jpg,Squash___Powdery_mildew
img_26d216af.jpg,Apple___healthy
img_d5fb26aa.jpg,Strawberry___Leaf_scorch
img_1c58f407.jpg,Peach___Bacterial_spot
img_aaeda765.jpg,Tomato___Tomato_Yellow_Leaf_Curl_Virus
img_5ddd6fdd.jpg,Tomato___Septoria_leaf_spot
img_9e72daaf.jpg,Orange___Haunglongbing_(Citrus_greening)
img_0ea9bf4e.jpg,Corn_(maize)___Cercospora_leaf_spot Gray_leaf_spot
img_495edc7c.jpg,Potato___healthy
img_d5d8c328.jpg,Potato___healthy
img_22be533e.jpg,Tomato___Tomato_Yellow_Leaf_Curl_Virus
img_cf919d16.jpg,Soybean___healthy
img_85d0d951.jpg,Tomato___Tomato_Yellow_Leaf_Curl_Virus
img_c4db621d.jpg,Strawberry___Leaf_scorch
img_3390cddf.jpg,Corn_(maize)___Common_rust_
img_50881f7b.jpg,Soybean___healthy
img_6e3f7049.jpg,Apple___healthy
img_566733ee.jpg,Grape___Esca_(Black_Measles)
img_20629215.jpg,Tomato___Tomato_mosaic_virus
img_20d85a13.jpg,Squash___Powdery_mildew
img_0b9c3e99.jpg,Tomato___Spider_mites Two-spotted_spider_mite
img_3687d143.jpg,Tomato___Leaf_Mold
img_717e6a46.jpg,Tomato___Septoria_leaf_spot
img_707b4d32.jpg,Peach___Bacterial_spot
img_c3176b6c.jpg,Tomato___Tomato_Yellow_Leaf_Curl_Virus
img_c55a6628.jpg,Tomato___Spider_mites Two-spotted_spider_mite
img_e2bb51e6.jpg,Grape___Black_rot
img_40e33e43.jpg,Orange___Haunglongbing_(Citrus_greening)
img_3305ad74.jpg,Tomato___Tomato_Yellow_Leaf_Curl_Virus
img_c08b2500.jpg,Apple___Black_rot
img_0a9e662f.jpg,Soybean___healthy
img_13f5569c.jpg,"Pepper,_bell___healthy"
img_e63c2cff.jpg,Cherry_(including_sour)___healthy
img_cf146b9f.jpg,Tomato___Tomato_Yellow_Leaf_Curl_Virus
img_78da97db.jpg,Orange___Haunglongbing_(Citrus_greening)
img_5f0b2e04.jpg,Corn_(maize)___Common_rust_
img_097b7b74.jpg,Soybean___healthy
img_6261b52a.jpg,Apple___healthy
img_18ade034.jpg,Tomato___Early_blight
img_2a319cb6.jpg,Blueberry___healthy
img_b63247d4.jpg,"Pepper,_bell___healthy"
img_bcc25cc8.jpg,Apple___healthy
img_fa8c2c3d.jpg,Peach___healthy
img_02c1b66e.jpg,Corn_(maize)___Cercospora_leaf_spot Gray_leaf_spot
img_8dbbf4f7.jpg,Soybean___healthy
img_002a3c4d.jpg,Blueberry___healthy
img_ce7bd1b9.jpg,"Pepper,_bell___healthy"
img_c39eb5f5.jpg,Tomato___Bacterial_spot
img_b08ae89a.jpg,Potato___Late_blight
img_ede45691.jpg,Strawberry___Leaf_scorch
img_98f06135.jpg,Tomato___Tomato_Yellow_Leaf_Curl_Virus
img_98ce2706.jpg,Soybean___healthy
img_b0779c00.jpg,Tomato___Bacterial_spot
img_9d2d1eb8.jpg,Tomato___healthy
img_a46c667b.jpg,Strawberry___Leaf_scorch
img_66da7c57.jpg,Squash___Powdery_mildew
img_6d6dc76d.jpg,Tomato___Septoria_leaf_spot
img_bf746b06.jpg,Strawberry___Leaf_scorch
img_a5855281.jpg,Tomato___Spider_mites Two-spotted_spider_mite
img_7ff59b89.jpg,Soybean___healthy
img_c5e3fc63.jpg,Tomato___Early_blight
img_cabf62e7.jpg,Orange___Haunglongbing_(Citrus_greening)
img_9a090d63.jpg,Corn_(maize)___Common_rust_
img_7f4b291b.jpg,Grape___Esca_(Black_Measles)
img_fe4c0aef.jpg,Apple___healthy
img_17c55405.jpg,Orange___Haunglongbing_(Citrus_greening)
img_e09c1af2.jpg,Soybean___healthy
img_5e2d1660.jpg,Grape___Esca_(Black_Measles)
img_bcb033ed.jpg,Cherry_(including_sour)___healthy
img_4d1ff92b.jpg,Tomato___healthy
img_dff4844c.jpg,"Pepper,_bell___Bacterial_spot"
img_c5f1df80.jpg,Tomato___Tomato_Yellow_Leaf_Curl_Virus
img_0d80aec9.jpg,Tomato___Target_Spot
img_b7317bac.jpg,Tomato___Late_blight
img_c6f62650.jpg,Soybean___healthy
img_c3af7c6a.jpg,Blueberry___healthy
img_1b0cc6c8.jpg,Grape___Esca_(Black_Measles)
img_ba7074ca.jpg,Corn_(maize)___Cercospora_leaf_spot Gray_leaf_spot
img_960d547f.jpg,Orange___Haunglongbing_(Citrus_greening)
img_ac08cb68.jpg,Potato___Late_blight
img_a66bd494.jpg,Cherry_(including_sour)___Powdery_mildew
img_e13e87d0.jpg,Corn_(maize)___Common_rust_
img_faf7f8d6.jpg,Corn_(maize)___healthy
img_38135bd0.jpg,Soybean___healthy
img_3dfb5fe4.jpg,"Pepper,_bell___healthy"
img_9ec91af8.jpg,Grape___Leaf_blight_(Isariopsis_Leaf_Spot)
img_af39ede7.jpg,Tomato___Tomato_Yellow_Leaf_Curl_Virus
img_5233f6f7.jpg,Tomato___Septoria_leaf_spot
img_127c845e.jpg,Tomato___Bacterial_spot
img_08726b60.jpg,Tomato___healthy
img_0b90a5d7.jpg,Potato___Late_blight
img_7d37e990.jpg,Grape___Esca_(Black_Measles)
img_97168ad4.jpg,Orange___Haunglongbing_(Citrus_greening)
img_7aa2a8ea.jpg,Soybean___healthy
img_f68c9501.jpg,Squash___Powdery_mildew
img_9c9f28fb.jpg,Apple___healthy
img_149fbd6c.jpg,Soybean___healthy
img_99a8bb9f.jpg,Potato___Late_blight
img_014fa931.jpg,Cherry_(including_sour)___healthy
img_0b26cec5.jpg,Grape___Esca_(Black_Measles)
img_ba8668b6.jpg,Tomato___Leaf_Mold
img_7bb529d2.jpg,Peach___healthy
img_d49bcc30.jpg,Raspberry___healthy
img_41887ebf.jpg,Orange___Haunglongbing_(Citrus_greening)
img_c1d5539b.jpg,Tomato___Late_blight
img_e23a3330.jpg,Tomato___Target_Spot
img_2860fd60.jpg,Soybean___healthy
img_18c14cea.jpg,Tomato___Bacterial_spot
img_f32213a9.jpg,Soybean___healthy
img_b24a2c3a.jpg,Grape___Black_rot
img_5efe68f8.jpg,Tomato___Tomato_Yellow_Leaf_Curl_Virus
img_286811cf.jpg,Tomato___Target_Spot
img_4564928e.jpg,Tomato___Tomato_Yellow_Leaf_Curl_Virus
img_3386e2c2.jpg,Orange___Haunglongbing_(Citrus_greening)
img_158ae1c5.jpg,Orange___Haunglongbing_(Citrus_greening)
img_8818625a.jpg,Tomato___Septoria_leaf_spot
img_04650bd7.jpg,Soybean___healthy
img_1a1fe130.jpg,Peach___Bacterial_spot
img_8ce89de4.jpg,Tomato___Tomato_Yellow_Leaf_Curl_Virus
img_6c32c1c6.jpg,Apple___Apple_scab
img_b1314a26.jpg,Raspberry___healthy
img_dd7ae883.jpg,Peach___Bacterial_spot
img_31bd6c97.jpg,Blueberry___healthy
img_0be4bd79.jpg,Corn_(maize)___Common_rust_
img_daa76af6.jpg,Tomato___Leaf_Mold
img_f6927a47.jpg,Orange___Haunglongbing_(Citrus_greening)
img_79f6fe64.jpg,Strawberry___Leaf_scorch
img_7bf71d2b.jpg,Tomato___healthy
img_eca9856a.jpg,Tomato___Bacterial_spot
img_cbaac143.jpg,Apple___healthy
img_556f11db.jpg,Corn_(maize)___healthy
img_8f775400.jpg,Tomato___Bacterial_spot
img_378369f2.jpg,Cherry_(including_sour)___healthy
img_579d215d.jpg,Tomato___healthy
img_2724d387.jpg,Tomato___Spider_mites Two-spotted_spider_mite
img_a50a7894.jpg,Tomato___Tomato_Yellow_Leaf_Curl_Virus
img_07a1ff4d.jpg,Corn_(maize)___Common_rust_
img_ea39bf11.jpg,"Pepper,_bell___healthy"
img_43d4e32c.jpg,Orange___Haunglongbing_(Citrus_greening)
img_823d6f21.jpg,Grape___Esca_(Black_Measles)
img_fd961858.jpg,Grape___Leaf_blight_(Isariopsis_Leaf_Spot)
img_52ec7f46.jpg,Tomato___Late_blight
img_ded91e42.jpg,Soybean___healthy
img_7f10d93d.jpg,Orange___Haunglongbing_(Citrus_greening)
img_03bf5a69.jpg,Peach___Bacterial_spot
img_fbd12fec.jpg,Potato___Early_blight
img_ccdbaa10.jpg,Corn_(maize)___Common_rust_
img_6570b40c.jpg,Grape___Esca_(Black_Measles)
img_6a5918ba.jpg,Tomato___Target_Spot
img_88c295b7.jpg,Peach___Bacterial_spot
img_dc3e95dc.jpg,Tomato___Tomato_mosaic_virus
img_2765cc5c.jpg,Potato___Late_blight
img_50b2ef20.jpg,Grape___Black_rot
img_8be1906b.jpg,Orange___Haunglongbing_(Citrus_greening)
img_82eaf3af.jpg,Tomato___Bacterial_spot
img_c4d521db.jpg,Raspberry___healthy
img_eddd6c3e.jpg,Tomato___Late_blight
img_13276fca.jpg,Squash___Powdery_mildew
img_b85637d8.jpg,Tomato___Tomato_Yellow_Leaf_Curl_Virus
img_c0c82f14.jpg,Apple___Black_rot
img_8d739031.jpg,Soybean___healthy
img_4b7176f0.jpg,Tomato___Spider_mites Two-spotted_spider_mite
img_41e4448c.jpg,Peach___Bacterial_spot
img_8abe1077.jpg,Orange___Haunglongbing_(Citrus_greening)
img_46f2dc13.jpg,Blueberry___healthy
img_dbfaccd1.jpg,Strawberry___Leaf_scorch
img_3c4b4884.jpg,Tomato___Target_Spot
img_39625065.jpg,Corn_(maize)___Northern_Leaf_Blight
img_863d9b9a.jpg,"Pepper,_bell___healthy"
img_61a60740.jpg,Peach___healthy
img_67f9bae6.jpg,Tomato___Spider_mites Two-spotted_spider_mite
img_b6ae87be.jpg,Orange___Haunglongbing_(Citrus_greening)
img_34d8a852.jpg,Tomato___Bacterial_spot
img_d840549a.jpg,Potato___Early_blight
img_fd02ad4c.jpg,Orange___Haunglongbing_(Citrus_greening)
img_a0bba56b.jpg,Corn_(maize)___Common_rust_
img_38f5d65c.jpg,Tomato___Target_Spot
img_8c90cf96.jpg,Grape___Leaf_blight_(Isariopsis_Leaf_Spot)
img_6735e0c0.jpg,Corn_(maize)___Common_rust_
img_75f97207.jpg,"Pepper,_bell___Bacterial_spot"
img_e5490468.jpg,Tomato___healthy
img_2e5e7768.jpg,Tomato___healthy
img_e8d2ee10.jpg,Orange___Haunglongbing_(Citrus_greening)
img_8cac8588.jpg,"Pepper,_bell___healthy"
img_9d9bd7d5.jpg,Grape___Leaf_blight_(Isariopsis_Leaf_Spot)
img_fdfe84d3.jpg,Tomato___healthy
img_f1f40bce.jpg,Corn_(maize)___healthy
img_d33af400.jpg,"Pepper,_bell___Bacterial_spot"
img_cdeb09f6.jpg,Tomato___Septoria_leaf_spot
img_0ca2f61e.jpg,Tomato___Bacterial_spot
img_bdbd32ce.jpg,Corn_(maize)___Common_rust_
img_86743391.jpg,Orange___Haunglongbing_(Citrus_greening)
img_e31fc268.jpg,Grape___healthy
img_a80a7ec4.jpg,Tomato___Early_blight
img_0d9fee35.jpg,Apple___Apple_scab
img_b58449f2.jpg,Orange___Haunglongbing_(Citrus_greening)
img_3f3e67b0.jpg,Tomato___healthy
img_7e76410c.jpg,Potato___Late_blight
img_1ce343ae.jpg,Tomato___Tomato_Yellow_Leaf_Curl_Virus
img_6c08df91.jpg,Tomato___Tomato_Yellow_Leaf_Curl_Virus
img_eb99da9e.jpg,Cherry_(including_sour)___Powdery_mildew
img_bcee7c6d.jpg,Grape___Esca_(Black_Measles)
img_308f5dd2.jpg,Tomato___Bacterial_spot
img_bfbaf32a.jpg,Tomato___Septoria_leaf_spot
img_18b90345.jpg,Soybean___healthy
img_0804abec.jpg,Tomato___Septoria_leaf_spot
img_48e88957.jpg,Apple___healthy
img_f591216e.jpg,Peach___Bacterial_spot
img_aea382de.jpg,Blueberry___healthy
img_5d99af91.jpg,Squash___Powdery_mildew
img_b32ecb2d.jpg,Grape___Esca_(Black_Measles)
img_a4c49f2f.jpg,Soybean___healthy
img_f15cb663.jpg,Blueberry___healthy
img_fddae745.jpg,Orange___Haunglongbing_(Citrus_greening)
img_52e6ea24.jpg,Tomato___healthy
img_035bd16b.jpg,Potato___Late_blight
img_d21065b8.jpg,Tomato___Spider_mites Two-spotted_spider_mite
img_6647ab1c.jpg,Strawberry___Leaf_scorch
img_f90a8d0e.jpg,Grape___Esca_(Black_Measles)
img_811a6e61.jpg,Grape___Esca_(Black_Measles)
img_de0d94f8.jpg,Orange___Haunglongbing_(Citrus_greening)
img_b118f293.jpg,Tomato___Tomato_Yellow_Leaf_Curl_Virus
img_c4a6775d.jpg,Potato___Early_blight
img_05e651b3.jpg,Corn_(maize)___Northern_Leaf_Blight
img_c9973f0e.jpg,Soybean___healthy
img_86776336.jpg,Grape___Leaf_blight_(Isariopsis_Leaf_Spot)
img_df6b722b.jpg,Strawberry___Leaf_scorch
img_db0b265e.jpg,"Pepper,_bell___Bacterial_spot"
img_2d35a50d.jpg,Orange___Haunglongbing_(Citrus_greening)
img_ccc6233f.jpg,Corn_(maize)___Northern_Leaf_Blight
img_164497e0.jpg,Apple___healthy
img_e7b8c5c7.jpg,Orange___Haunglongbing_(Citrus_greening)
img_6482aa22.jpg,Apple___healthy
img_bd79907a.jpg,Cherry_(including_sour)___Powdery_mildew
img_6129a497.jpg,Tomato___Bacterial_spot
img_42764591.jpg,Tomato___Target_Spot
img_1d88a21d.jpg,Orange___Haunglongbing_(Citrus_greening)
img_100e114a.jpg,Peach___Bacterial_spot
img_10f20636.jpg,Potato___Early_blight
img_9d580333.jpg,Tomato___Target_Spot
img_55a6cba1.jpg,Corn_(maize)___Common_rust_
img_11978243.jpg,Grape___Black_rot
img_a31708c2.jpg,Tomato___Bacterial_spot
img_7015b3f1.jpg,Tomato___healthy
img_db183475.jpg,Corn_(maize)___Cercospora_leaf_spot Gray_leaf_spot
img_c89bdb65.jpg,Strawberry___healthy
img_ee908fb5.jpg,Soybean___healthy
img_76982570.jpg,Orange___Haunglongbing_(Citrus_greening)
img_faed5dc4.jpg,Orange___Haunglongbing_(Citrus_greening)
img_fb8b2983.jpg,Tomato___Septoria_leaf_spot
img_be9c3471.jpg,Orange___Haunglongbing_(Citrus_greening)
img_37100c90.jpg,Orange___Haunglongbing_(Citrus_greening)
img_b96884c0.jpg,Tomato___Bacterial_spot
img_56b5cca7.jpg,Tomato___Late_blight
img_bb98136e.jpg,Apple___Apple_scab
img_5a27f5da.jpg,Tomato___Septoria_leaf_spot
img_0854e00c.jpg,Peach___Bacterial_spot
img_b725f0a8.jpg,Tomato___Bacterial_spot
img_1342de8c.jpg,Tomato___Leaf_Mold
img_9c1e5660.jpg,Tomato___Tomato_Yellow_Leaf_Curl_Virus
img_1d6c9a00.jpg,Tomato___Tomato_Yellow_Leaf_Curl_Virus
img_d4cbdf39.jpg,Tomato___Early_blight
img_021cdd5b.jpg,"Pepper,_bell___Bacterial_spot"
img_94b07dc0.jpg,Grape___Black_rot
img_617ab183.jpg,Peach___Bacterial_spot
img_eb0b7784.jpg,Corn_(maize)___Northern_Leaf_Blight
img_4e8cd9fa.jpg,Apple___healthy
img_c9f68f34.jpg,Raspberry___healthy
img_fd55c282.jpg,Orange___Haunglongbing_(Citrus_greening)
img_704b1172.jpg,Tomato___Tomato_Yellow_Leaf_Curl_Virus
img_163de6ab.jpg,Tomato___healthy
img_43d76b36.jpg,Potato___Early_blight
img_c54e262c.jpg,Apple___healthy
img_8f1c0939.jpg,Corn_(maize)___Northern_Leaf_Blight
img_9b114783.jpg,Tomato___Spider_mites Two-spotted_spider_mite
img_45d90e5a.jpg,Tomato___Leaf_Mold
img_6976a035.jpg,Squash___Powdery_mildew
img_63f6c243.jpg,Apple___healthy
img_da8cc584.jpg,Peach___Bacterial_spot
img_41b631d1.jpg,Corn_(maize)___Common_rust_
img_5b32c052.jpg,Tomato___healthy
img_23278e36.jpg,Corn_(maize)___Cercospora_leaf_spot Gray_leaf_spot
img_2089d41b.jpg,Orange___Haunglongbing_(Citrus_greening)
img_dad94f99.jpg,Corn_(maize)___Cercospora_leaf_spot Gray_leaf_spot
img_a2cacf90.jpg,Cherry_(including_sour)___healthy
img_ebc9b397.jpg,Orange___Haunglongbing_(Citrus_greening)
img_24c7fb0e.jpg,Tomato___Bacterial_spot
img_9bc8b386.jpg,Corn_(maize)___Cercospora_leaf_spot Gray_leaf_spot
img_6328e866.jpg,Tomato___Target_Spot
img_09a48db9.jpg,Tomato___healthy
img_0453594e.jpg,"Pepper,_bell___Bacterial_spot"
img_fb5f7239.jpg,Corn_(maize)___healthy
img_75294699.jpg,"Pepper,_bell___Bacterial_spot"
img_d33c707e.jpg,Corn_(maize)___Northern_Leaf_Blight
img_cf493cfa.jpg,Tomato___Bacterial_spot
img_3421366a.jpg,Corn_(maize)___Cercospora_leaf_spot Gray_leaf_spot
img_86b4efb0.jpg,Cherry_(including_sour)___Powdery_mildew
img_326fa9f0.jpg,Soybean___healthy
img_537a7f75.jpg,Cherry_(including_sour)___Powdery_mildew
img_acce9d71.jpg,Apple___Apple_scab
img_a22cf837.jpg,Grape___Esca_(Black_Measles)
img_3e788e1d.jpg,Tomato___Septoria_leaf_spot
img_2b119a22.jpg,Tomato___Spider_mites Two-spotted_spider_mite
img_33e7fdc2.jpg,Orange___Haunglongbing_(Citrus_greening)
img_fe728877.jpg,Tomato___Spider_mites Two-spotted_spider_mite
img_2742288b.jpg,Tomato___healthy
img_dc4fd6a7.jpg,Blueberry___healthy
img_23dd052c.jpg,Grape___Black_rot
img_3ac0d57e.jpg,Potato___Early_blight
img_407209e4.jpg,Peach___Bacterial_spot
img_14c7a2d8.jpg,Potato___Early_blight
img_4b12fa21.jpg,Tomato___Bacterial_spot
img_d4b083e0.jpg,Squash___Powdery_mildew
img_60a872c1.jpg,Tomato___Late_blight
img_61e56e6c.jpg,Tomato___Early_blight
img_f72a022a.jpg,Tomato___Tomato_Yellow_Leaf_Curl_Virus
img_6e59733f.jpg,Strawberry___healthy
img_36bd1518.jpg,Corn_(maize)___Northern_Leaf_Blight
img_31d9ce9d.jpg,Orange___Haunglongbing_(Citrus_greening)
img_c6611595.jpg,Tomato___Tomato_Yellow_Leaf_Curl_Virus
img_ef423b56.jpg,"Pepper,_bell___Bacterial_spot"
img_070a4183.jpg,Tomato___Spider_mites Two-spotted_spider_mite
img_f71289d2.jpg,Tomato___Bacterial_spot
img_86e9c8e5.jpg,Blueberry___healthy
img_12a340ba.jpg,Tomato___Target_Spot
img_b5410580.jpg,Squash___Powdery_mildew
img_ffd7ec6e.jpg,Blueberry___healthy
img_f6f9be2d.jpg,Orange___Haunglongbing_(Citrus_greening)
img_fcb0c99b.jpg,Tomato___healthy
img_7a02ac25.jpg,Tomato___Septoria_leaf_spot
img_e5293a46.jpg,Tomato___Spider_mites Two-spotted_spider_mite
img_43f8baf1.jpg,Grape___Leaf_blight_(Isariopsis_Leaf_Spot)
img_35d1d3e6.jpg,Corn_(maize)___Northern_Leaf_Blight
img_e4d60d98.jpg,"Pepper,_bell___Bacterial_spot"
img_3cc7ca8f.jpg,Tomato___healthy
img_cea9f987.jpg,Tomato___Tomato_Yellow_Leaf_Curl_Virus
img_d4958227.jpg,Soybean___healthy
img_c6d82afa.jpg,Apple___healthy
img_89bfdf02.jpg,"Pepper,_bell___healthy"
img_3a4fa3bb.jpg,Apple___healthy
img_30d6ace5.jpg,Orange___Haunglongbing_(Citrus_greening)
img_cbb13f19.jpg,Grape___Black_rot
img_8cffa974.jpg,Tomato___Tomato_Yellow_Leaf_Curl_Virus
img_2c83307b.jpg,Tomato___Septoria_leaf_spot
img_a055dbac.jpg,Orange___Haunglongbing_(Citrus_greening)
img_9341d571.jpg,Tomato___Spider_mites Two-spotted_spider_mite
img_56759b92.jpg,Orange___Haunglongbing_(Citrus_greening)
img_3d6ae280.jpg,Orange___Haunglongbing_(Citrus_greening)
img_edd96bd6.jpg,Soybean___healthy
img_dc878b62.jpg,Tomato___Early_blight
img_b4b66fab.jpg,Peach___Bacterial_spot
img_06d403bd.jpg,"Pepper,_bell___Bacterial_spot"
img_0572d5fe.jpg,Tomato___Late_blight
img_49bdb2f5.jpg,Soybean___healthy
img_2336541a.jpg,Tomato___healthy
img_2a7e8a9d.jpg,Blueberry___healthy
img_22bc90e1.jpg,Tomato___Septoria_leaf_spot
img_c394f554.jpg,Potato___Early_blight
img_4165a12a.jpg,Strawberry___Leaf_scorch
img_ef3f8671.jpg,Tomato___Target_Spot
img_082fb0a1.jpg,Grape___Leaf_blight_(Isariopsis_Leaf_Spot)
img_1b14bd5c.jpg,Tomato___Late_blight
img_4cba1105.jpg,Corn_(maize)___Northern_Leaf_Blight
img_fa574263.jpg,Strawberry___healthy
img_a0d4244c.jpg,Tomato___healthy
img_9a9a51cc.jpg,Tomato___Bacterial_spot
img_eed287a1.jpg,Cherry_(including_sour)___healthy
img_6ce45924.jpg,Orange___Haunglongbing_(Citrus_greening)
img_7613994a.jpg,Tomato___Bacterial_spot
img_bccd1914.jpg,Soybean___healthy
img_4c5d2330.jpg,Apple___Black_rot
img_5a97db5f.jpg,Orange___Haunglongbing_(Citrus_greening)
img_6eaf205e.jpg,Soybean___healthy
img_62ebbb92.jpg,Orange___Haunglongbing_(Citrus_greening)
img_0512fc80.jpg,Tomato___Leaf_Mold
img_af12159a.jpg,Tomato___Tomato_Yellow_Leaf_Curl_Virus
img_7e86a487.jpg,Apple___healthy
img_e360b573.jpg,Squash___Powdery_mildew
img_0ef5f1ba.jpg,Peach___Bacterial_spot
img_308c7911.jpg,Tomato___healthy
img_b28490e7.jpg,Strawberry___Leaf_scorch
img_10933539.jpg,Orange___Haunglongbing_(Citrus_greening)
img_3a2656d7.jpg,"Pepper,_bell___Bacterial_spot"
img_3cb8c25b.jpg,Apple___Black_rot
img_2c2f84df.jpg,Grape___healthy
img_c1e95b70.jpg,Grape___Black_rot
img_c319789f.jpg,Peach___Bacterial_spot
img_5534b340.jpg,Orange___Haunglongbing_(Citrus_greening)
img_b7f60c5c.jpg,Grape___Black_rot
img_f54e9863.jpg,Potato___Late_blight
img_ca0aa781.jpg,Tomato___Tomato_Yellow_Leaf_Curl_Virus
img_b804b9a2.jpg,Squash___Powdery_mildew
img_7137f7a6.jpg,Corn_(maize)___healthy
img_10af3112.jpg,Peach___Bacterial_spot
img_038ef35e.jpg,Tomato___Tomato_Yellow_Leaf_Curl_Virus
img_dea7a28e.jpg,Soybean___healthy
img_b8548acd.jpg,Cherry_(including_sour)___healthy
img_28fc65fe.jpg,Tomato___Tomato_Yellow_Leaf_Curl_Virus
img_ab6cb330.jpg,Orange___Haunglongbing_(Citrus_greening)
img_5a98ab50.jpg,Cherry_(including_sour)___Powdery_mildew
img_46d72bdb.jpg,"Pepper,_bell___healthy"
img_bdd22d42.jpg,Tomato___Early_blight
img_3a6e4edd.jpg,Grape___Black_rot
img_a091e365.jpg,Orange___Haunglongbing_(Citrus_greening)
img_e7886f3e.jpg,Tomato___healthy
img_40172d00.jpg,Strawberry___healthy
img_fb1dedd3.jpg,Peach___Bacterial_spot
img_23756591.jpg,Tomato___Tomato_Yellow_Leaf_Curl_Virus
img_b151493b.jpg,"Pepper,_bell___Bacterial_spot"
img_5aed51ef.jpg,Soybean___healthy
img_d66f40ce.jpg,Potato___Late_blight
img_39e36d62.jpg,Squash___Powdery_mildew
img_feb629b2.jpg,"Pepper,_bell___Bacterial_spot"
img_3e59f7a4.jpg,Tomato___healthy
img_6f98ba36.jpg,Orange___Haunglongbing_(Citrus_greening)
img_fe579727.jpg,"Pepper,_bell___Bacterial_spot"
img_4f5fac58.jpg,Tomato___healthy
img_8fe342e7.jpg,Orange___Haunglongbing_(Citrus_greening)
img_09c3d93e.jpg,"Pepper,_bell___Bacterial_spot"
img_cfd108e1.jpg,Tomato___Septoria_leaf_spot
img_bba675c3.jpg,Orange___Haunglongbing_(Citrus_greening)
img_1a1021a4.jpg,Tomato___Tomato_Yellow_Leaf_Curl_Virus
img_73c329e1.jpg,Tomato___Tomato_Yellow_Leaf_Curl_Virus
img_8a35370b.jpg,Tomato___Late_blight
img_b762f5d5.jpg,Tomato___Tomato_Yellow_Leaf_Curl_Virus
img_6def68bb.jpg,Tomato___Leaf_Mold
img_fc23efd5.jpg,"Pepper,_bell___Bacterial_spot"
img_936ccfc5.jpg,Blueberry___healthy
img_0cbcf6bc.jpg,"Pepper,_bell___healthy"
img_cb0fd7a9.jpg,"Pepper,_bell___Bacterial_spot"
img_0509b830.jpg,Tomato___Tomato_Yellow_Leaf_Curl_Virus
img_5ce7bdc2.jpg,Tomato___Septoria_leaf_spot
img_9ebeceb9.jpg,Tomato___Septoria_leaf_spot
img_5b2ccc37.jpg,Orange___Haunglongbing_(Citrus_greening)
img_9adbcbf4.jpg,Tomato___Early_blight
img_d4b51ad5.jpg,Tomato___Tomato_Yellow_Leaf_Curl_Virus
img_595d5caf.jpg,"Pepper,_bell___healthy"
img_f2fbd883.jpg,Orange___Haunglongbing_(Citrus_greening)
img_b3d0f165.jpg,Peach___Bacterial_spot
img_2fe2928e.jpg,Soybean___healthy
img_95c11add.jpg,Grape___Esca_(Black_Measles)
img_6103eb13.jpg,Blueberry___healthy
img_db2c658e.jpg,Squash___Powdery_mildew
img_2279f8b2.jpg,Tomato___Tomato_Yellow_Leaf_Curl_Virus
img_79b52087.jpg,Corn_(maize)___Northern_Leaf_Blight
img_fb12c258.jpg,Corn_(maize)___Cercospora_leaf_spot Gray_leaf_spot
img_05c104d1.jpg,Strawberry___healthy
img_9fc6bbd4.jpg,Tomato___Septoria_leaf_spot
img_17b0f0c3.jpg,Orange___Haunglongbing_(Citrus_greening)
img_3ec4dd3e.jpg,Tomato___Spider_mites Two-spotted_spider_mite
img_85b3a1fe.jpg,Tomato___Septoria_leaf_spot
img_c62c196a.jpg,Tomato___Late_blight
img_df98711a.jpg,Potato___Early_blight
img_7401090c.jpg,Tomato___Tomato_Yellow_Leaf_Curl_Virus
img_7eb80d16.jpg,Tomato___Bacterial_spot
img_c15b9501.jpg,Tomato___Late_blight
img_9fecd378.jpg,"Pepper,_bell___healthy"
img_4c31726f.jpg,Soybean___healthy
img_7b208527.jpg,Cherry_(including_sour)___healthy
img_310ae274.jpg,Tomato___Early_blight
img_033b0fb1.jpg,Raspberry___healthy
img_ddbb9d86.jpg,Tomato___Tomato_Yellow_Leaf_Curl_Virus
img_dbef44a8.jpg,Soybean___healthy
img_b7ecc881.jpg,Tomato___Tomato_Yellow_Leaf_Curl_Virus
img_626fb793.jpg,Soybean___healthy
img_81cf795a.jpg,Grape___Esca_(Black_Measles)
img_4dfa8ba0.jpg,Orange___Haunglongbing_(Citrus_greening)
img_16a2e585.jpg,Cherry_(including_sour)___Powdery_mildew
img_2815a0f5.jpg,Orange___Haunglongbing_(Citrus_greening)
img_897c524b.jpg,Grape___healthy
img_64dd468d.jpg,Cherry_(including_sour)___healthy
img_ecdd8b34.jpg,Raspberry___healthy
img_b25868b6.jpg,Cherry_(including_sour)___healthy
img_9b4d128a.jpg,Soybean___healthy
img_3f25afcb.jpg,Apple___healthy
img_1e4501bb.jpg,Peach___Bacterial_spot
img_df3c6fdd.jpg,Strawberry___healthy
img_1896d3ae.jpg,Tomato___Late_blight
img_ccd1d6c8.jpg,Strawberry___Leaf_scorch
img_2e83b2e3.jpg,Potato___Late_blight
img_140a0671.jpg,Tomato___healthy
img_31414330.jpg,Cherry_(including_sour)___Powdery_mildew
img_353ace78.jpg,Soybean___healthy
img_eb3b821d.jpg,Tomato___Spider_mites Two-spotted_spider_mite
img_389c5df6.jpg,Tomato___Early_blight
img_7875c61b.jpg,Orange___Haunglongbing_(Citrus_greening)
img_73ed2061.jpg,Raspberry___healthy
img_6c851b7d.jpg,Soybean___healthy
img_a398414c.jpg,Strawberry___healthy
img_9a07ec8d.jpg,Tomato___Tomato_Yellow_Leaf_Curl_Virus
img_6a0bf490.jpg,Squash___Powdery_mildew
img_30ceb059.jpg,Cherry_(including_sour)___Powdery_mildew
img_43cb1200.jpg,Orange___Haunglongbing_(Citrus_greening)
img_859a06b9.jpg,Tomato___Bacterial_spot
img_0cb390ce.jpg,Apple___healthy
img_38c19e55.jpg,Soybean___healthy
img_386fe8ae.jpg,Potato___Early_blight
img_57bcbd90.jpg,Orange___Haunglongbing_(Citrus_greening)
img_d2a4c23a.jpg,Squash___Powdery_mildew
img_f3a81a69.jpg,Tomato___Bacterial_spot
img_c00d0704.jpg,Corn_(maize)___healthy
img_d9a16320.jpg,Blueberry___healthy
img_58179581.jpg,Tomato___Septoria_leaf_spot
img_424c742b.jpg,Tomato___Spider_mites Two-spotted_spider_mite
img_ee9a93b0.jpg,Orange___Haunglongbing_(Citrus_greening)
img_5824fa7e.jpg,Tomato___Tomato_Yellow_Leaf_Curl_Virus
img_ecaf0341.jpg,"Pepper,_bell___healthy"
img_386b2b87.jpg,Corn_(maize)___Northern_Leaf_Blight
img_a44eb97d.jpg,Soybean___healthy
img_44b3ec2f.jpg,Soybean___healthy
img_f071c628.jpg,Tomato___Target_Spot
img_94d39ea3.jpg,Corn_(maize)___healthy
img_00147371.jpg,Soybean___healthy
img_ca7851ff.jpg,Strawberry___healthy
img_5a227c1c.jpg,Tomato___Late_blight
img_79024d87.jpg,Orange___Haunglongbing_(Citrus_greening)
img_b277d3c1.jpg,Orange___Haunglongbing_(Citrus_greening)
img_78fbbf20.jpg,Tomato___Tomato_Yellow_Leaf_Curl_Virus
img_d5794b71.jpg,Tomato___Bacterial_spot
img_b1c7ac77.jpg,Soybean___healthy
img_b1ec7259.jpg,Orange___Haunglongbing_(Citrus_greening)
img_795cd3aa.jpg,"Pepper,_bell___healthy"
img_88486327.jpg,Corn_(maize)___Common_rust_
img_1c799d2b.jpg,Tomato___Bacterial_spot
img_1ff56ef7.jpg,Strawberry___Leaf_scorch
img_99b6da1c.jpg,Cherry_(including_sour)___healthy
img_24553faa.jpg,Tomato___Bacterial_spot
img_22a1548b.jpg,Orange___Haunglongbing_(Citrus_greening)
img_bbecf800.jpg,Corn_(maize)___healthy
img_0c4ab24a.jpg,Grape___Black_rot
img_81b17041.jpg,Squash___Powdery_mildew
img_7e2c8a95.jpg,Tomato___Late_blight
img_dec0cb0c.jpg,Potato___Late_blight
img_7a60e43d.jpg,Tomato___Bacterial_spot
img_e1171831.jpg,Orange___Haunglongbing_(Citrus_greening)
img_4f5fa105.jpg,Tomato___Early_blight
img_d14024a4.jpg,Soybean___healthy
img_6b9f5470.jpg,Apple___Apple_scab
img_bf065e1a.jpg,Soybean___healthy
img_4eb01f25.jpg,Strawberry___Leaf_scorch
img_a64b79a4.jpg,Tomato___Late_blight
img_5e51b3f0.jpg,Potato___Late_blight
img_23072ab9.jpg,Tomato___Bacterial_spot
img_87673451.jpg,Cherry_(including_sour)___healthy
img_ded1bf73.jpg,Strawberry___healthy
img_de704dd3.jpg,Corn_(maize)___healthy
img_8c5d248a.jpg,Soybean___healthy
img_05ec6000.jpg,Corn_(maize)___healthy
img_94ce0618.jpg,Tomato___Spider_mites Two-spotted_spider_mite
img_8106b234.jpg,Potato___Late_blight
img_f122fb30.jpg,Tomato___Tomato_Yellow_Leaf_Curl_Virus
img_24699e96.jpg,Peach___Bacterial_spot
img_6ae5a42c.jpg,Soybean___healthy
img_80c95c7d.jpg,Tomato___Tomato_Yellow_Leaf_Curl_Virus
img_f43bedc8.jpg,Tomato___Septoria_leaf_spot
img_9e2872e0.jpg,Strawberry___healthy
img_8fec4c3a.jpg,Orange___Haunglongbing_(Citrus_greening)
img_7e892149.jpg,Soybean___healthy
img_add14e61.jpg,Peach___healthy
img_4ec8ba7e.jpg,Grape___Black_rot
img_cdf7ab3b.jpg,Corn_(maize)___Cercospora_leaf_spot Gray_leaf_spot
img_aed9b915.jpg,Tomato___Late_blight
img_deef9486.jpg,Grape___Leaf_blight_(Isariopsis_Leaf_Spot)
img_ac81866e.jpg,Soybean___healthy
img_8c27a0f2.jpg,Corn_(maize)___Common_rust_
img_4d8cf3de.jpg,Soybean___healthy
img_21d00ee6.jpg,Tomato___Bacterial_spot
img_5d40d197.jpg,Tomato___Bacterial_spot
img_8aca6b85.jpg,Tomato___Leaf_Mold
img_3e941ce7.jpg,Tomato___Tomato_Yellow_Leaf_Curl_Virus
img_0a5dd2e9.jpg,Strawberry___Leaf_scorch
img_bb20da72.jpg,Tomato___Late_blight
img_9774abd7.jpg,Tomato___Late_blight
img_79f3301e.jpg,Tomato___Tomato_mosaic_virus
img_d4eb2244.jpg,Tomato___Septoria_leaf_spot
img_f4f5d6c4.jpg,Strawberry___healthy
img_e96c9bfb.jpg,Tomato___Tomato_Yellow_Leaf_Curl_Virus
img_672cf632.jpg,Grape___Leaf_blight_(Isariopsis_Leaf_Spot)
img_cd049df8.jpg,Tomato___Target_Spot
img_35af15a4.jpg,Tomato___Tomato_Yellow_Leaf_Curl_Virus
img_366f87c1.jpg,Apple___Black_rot
img_2b0c73e6.jpg,Corn_(maize)___Cercospora_leaf_spot Gray_leaf_spot
img_f2f055f9.jpg,Soybean___healthy
img_191aff1d.jpg,Tomato___Bacterial_spot
img_0e3af531.jpg,Soybean___healthy
img_e043c24d.jpg,Corn_(maize)___Northern_Leaf_Blight
img_7a9bc210.jpg,Soybean___healthy
img_cf60a220.jpg,Corn_(maize)___Northern_Leaf_Blight
img_6516e72a.jpg,Strawberry___Leaf_scorch
img_adb7208c.jpg,Blueberry___healthy
img_0ecd6686.jpg,Tomato___Late_blight
img_6b3a0988.jpg,Corn_(maize)___Northern_Leaf_Blight
img_577fe6f1.jpg,Apple___Apple_scab
img_ae5cd951.jpg,Orange___Haunglongbing_(Citrus_greening)
img_b3a9c48a.jpg,Squash___Powdery_mildew
img_723a4807.jpg,Apple___Black_rot
img_92ba6474.jpg,Grape___Esca_(Black_Measles)
img_08b5e789.jpg,Orange___Haunglongbing_(Citrus_greening)
img_a83b4383.jpg,Orange___Haunglongbing_(Citrus_greening)
img_4c50675d.jpg,Orange___Haunglongbing_(Citrus_greening)
img_32098375.jpg,Tomato___Septoria_leaf_spot
img_a6dfe992.jpg,Grape___healthy
img_c5ff6f07.jpg,Corn_(maize)___Northern_Leaf_Blight
img_456de4e4.jpg,Corn_(maize)___healthy
img_495f1fe5.jpg,Corn_(maize)___healthy
img_e1ea80de.jpg,Tomato___Tomato_Yellow_Leaf_Curl_Virus
img_b4c3de90.jpg,Apple___Black_rot
img_16ed6dcc.jpg,Apple___Apple_scab
img_0f49647d.jpg,Corn_(maize)___Northern_Leaf_Blight
img_aeba34cc.jpg,Grape___Leaf_blight_(Isariopsis_Leaf_Spot)
img_f5d9dbc7.jpg,Apple___healthy
img_c051d048.jpg,Potato___Early_blight
img_c78499cc.jpg,Corn_(maize)___healthy
img_1b764702.jpg,Tomato___Septoria_leaf_spot
img_ad7eb34e.jpg,"Pepper,_bell___healthy"
img_3e55fa6f.jpg,Tomato___Target_Spot
img_7f47fe76.jpg,"Pepper,_bell___Bacterial_spot"
img_6a35eddc.jpg,Potato___Late_blight
img_9c470b89.jpg,Corn_(maize)___Northern_Leaf_Blight
img_3482a5a3.jpg,Orange___Haunglongbing_(Citrus_greening)
img_7dad79b9.jpg,"Pepper,_bell___Bacterial_spot"
img_634dd92f.jpg,Tomato___healthy
img_6343ac2e.jpg,Tomato___Early_blight
img_113021fa.jpg,Orange___Haunglongbing_(Citrus_greening)
img_2b8f4442.jpg,Orange___Haunglongbing_(Citrus_greening)
img_036414b4.jpg,Tomato___Tomato_Yellow_Leaf_Curl_Virus
img_38f60b63.jpg,Orange___Haunglongbing_(Citrus_greening)
img_0b696d87.jpg,Tomato___Late_blight
img_1852d24d.jpg,Apple___Black_rot
img_e7f5ae05.jpg,Potato___Late_blight
img_50294bed.jpg,Tomato___Septoria_leaf_spot
img_76673a3d.jpg,Tomato___Septoria_leaf_spot
img_dd8e465b.jpg,Soybean___healthy
img_9b1a9a85.jpg,Tomato___Late_blight
img_0400f406.jpg,Grape___Esca_(Black_Measles)
img_cd4bc7b8.jpg,Strawberry___healthy
img_c1fb2142.jpg,Squash___Powdery_mildew
img_8378b8b1.jpg,Corn_(maize)___healthy
img_3966fe9d.jpg,Tomato___healthy
img_e766000b.jpg,Corn_(maize)___Cercospora_leaf_spot Gray_leaf_spot
img_0956304b.jpg,Tomato___Target_Spot
img_949ba37b.jpg,"Pepper,_bell___healthy"
img_2dd7b354.jpg,"Pepper,_bell___healthy"
img_3c586d5f.jpg,Tomato___Tomato_Yellow_Leaf_Curl_Virus
img_fc0a714b.jpg,Corn_(maize)___Cercospora_leaf_spot Gray_leaf_spot
img_2bda19d3.jpg,Peach___Bacterial_spot
img_b234686b.jpg,Grape___Esca_(Black_Measles)
img_361d0bf1.jpg,Squash___Powdery_mildew
img_c52a0526.jpg,Apple___healthy
img_7a188eb0.jpg,Orange___Haunglongbing_(Citrus_greening)
img_1dc9b0a8.jpg,Tomato___Target_Spot
img_44b904a0.jpg,Orange___Haunglongbing_(Citrus_greening)
img_8d0f96c4.jpg,Tomato___Early_blight
img_ad3984a6.jpg,Grape___Leaf_blight_(Isariopsis_Leaf_Spot)
img_e05eaffa.jpg,Peach___Bacterial_spot
img_c35be159.jpg,Tomato___Tomato_Yellow_Leaf_Curl_Virus
img_dfe15f8a.jpg,Orange___Haunglongbing_(Citrus_greening)
img_b15cbe1c.jpg,Cherry_(including_sour)___healthy
img_19ffbe1a.jpg,Tomato___Septoria_leaf_spot
img_86c73456.jpg,Cherry_(including_sour)___healthy
img_d6084494.jpg,Grape___Leaf_blight_(Isariopsis_Leaf_Spot)
img_eaea983a.jpg,Corn_(maize)___Cercospora_leaf_spot Gray_leaf_spot
img_473c9acb.jpg,Blueberry___healthy
img_9a66b6ad.jpg,Tomato___Leaf_Mold
img_3c34f40c.jpg,Potato___Early_blight
img_fdb28f60.jpg,Cherry_(including_sour)___healthy
img_0160631a.jpg,Corn_(maize)___Common_rust_
img_0ffa39b3.jpg,Tomato___Bacterial_spot
img_82430378.jpg,Cherry_(including_sour)___healthy
img_5f2402e1.jpg,Orange___Haunglongbing_(Citrus_greening)
img_6a3f6137.jpg,Tomato___Late_blight
img_f8960916.jpg,Tomato___Bacterial_spot
img_18a1d647.jpg,Apple___Apple_scab
img_fe7de9c8.jpg,Tomato___Spider_mites Two-spotted_spider_mite
img_9e7ee19a.jpg,Orange___Haunglongbing_(Citrus_greening)
img_8461e0cc.jpg,Squash___Powdery_mildew
img_032fc9e5.jpg,Apple___healthy
img_5aebc46f.jpg,"Pepper,_bell___healthy"
img_58bb50e9.jpg,Squash___Powdery_mildew
img_d0637786.jpg,Apple___healthy
img_cd0885f2.jpg,Corn_(maize)___healthy
img_ff4010be.jpg,Orange___Haunglongbing_(Citrus_greening)
img_35dbf3b3.jpg,Tomato___healthy
img_2d2ac29c.jpg,Tomato___Leaf_Mold
img_4e254b34.jpg,Tomato___Bacterial_spot
img_45677f5c.jpg,Soybean___healthy
img_0269e86c.jpg,Tomato___Tomato_Yellow_Leaf_Curl_Virus
img_364bda36.jpg,Apple___healthy
img_a0788db9.jpg,Apple___Black_rot
img_3d894150.jpg,Raspberry___healthy
img_24b3e1ab.jpg,Orange___Haunglongbing_(Citrus_greening)
img_62c6afee.jpg,Tomato___Tomato_Yellow_Leaf_Curl_Virus
img_a6bbd5db.jpg,Grape___Black_rot
img_3d391e03.jpg,Apple___Cedar_apple_rust
img_f2236a6d.jpg,Tomato___Leaf_Mold
img_d9912cdd.jpg,Cherry_(including_sour)___Powdery_mildew
img_17a47242.jpg,Cherry_(including_sour)___Powdery_mildew
img_ffbc5e99.jpg,Grape___healthy
img_d5e0369d.jpg,Tomato___Late_blight
img_134da08e.jpg,Grape___Esca_(Black_Measles)
img_3b71f4af.jpg,"Pepper,_bell___healthy"
img_b7aa6aac.jpg,"Pepper,_bell___healthy"
img_084f5b80.jpg,Orange___Haunglongbing_(Citrus_greening)
img_51c8e464.jpg,Peach___Bacterial_spot
img_829356b4.jpg,Tomato___Tomato_Yellow_Leaf_Curl_Virus
img_245970e2.jpg,Soybean___healthy
img_98765751.jpg,Peach___Bacterial_spot
img_46194b01.jpg,Soybean___healthy
img_707050e7.jpg,Tomato___Spider_mites Two-spotted_spider_mite
img_9b85b7bf.jpg,Peach___Bacterial_spot
img_60e97aef.jpg,Orange___Haunglongbing_(Citrus_greening)
img_e5c30ce9.jpg,Orange___Haunglongbing_(Citrus_greening)
img_7d5e9b09.jpg,Orange___Haunglongbing_(Citrus_greening)
img_45464b3e.jpg,Tomato___Leaf_Mold
img_b5797f83.jpg,Peach___Bacterial_spot
img_e9322f02.jpg,Soybean___healthy
img_291d7d55.jpg,Peach___Bacterial_spot
img_ee7b153f.jpg,Blueberry___healthy
img_4a534b35.jpg,Tomato___Early_blight
img_7ec3c41a.jpg,Tomato___Tomato_Yellow_Leaf_Curl_Virus
img_d742ac9f.jpg,Tomato___Tomato_Yellow_Leaf_Curl_Virus
img_0aeccd11.jpg,Grape___healthy
img_25b3d0f6.jpg,Corn_(maize)___Northern_Leaf_Blight
img_eb435947.jpg,Apple___healthy
img_bf0ec839.jpg,Corn_(maize)___Northern_Leaf_Blight
img_3ea72873.jpg,"Pepper,_bell___healthy"
img_5ae766b5.jpg,Orange___Haunglongbing_(Citrus_greening)
img_a31d98ef.jpg,Tomato___healthy
img_307f7836.jpg,Soybean___healthy
img_c8e662c4.jpg,Tomato___Bacterial_spot
img_a8d3b240.jpg,Orange___Haunglongbing_(Citrus_greening)
img_a14c7a2f.jpg,Orange___Haunglongbing_(Citrus_greening)
img_d37f9a08.jpg,Orange___Haunglongbing_(Citrus_greening)
img_783442df.jpg,Tomato___Tomato_Yellow_Leaf_Curl_Virus
img_4c33e1ad.jpg,Cherry_(including_sour)___Powdery_mildew
img_93ba5345.jpg,Tomato___Leaf_Mold
img_d5a3a7a0.jpg,Soybean___healthy
img_95398831.jpg,Peach___Bacterial_spot
img_9d8b44b1.jpg,Tomato___Bacterial_spot
img_de2ba386.jpg,Cherry_(including_sour)___Powdery_mildew
img_008e796f.jpg,Grape___Black_rot
img_0c6029dc.jpg,Tomato___Target_Spot
img_88645897.jpg,"Pepper,_bell___Bacterial_spot"
img_ae738704.jpg,Squash___Powdery_mildew
img_42064a85.jpg,Soybean___healthy
img_f639604e.jpg,Soybean___healthy
img_d6683001.jpg,Orange___Haunglongbing_(Citrus_greening)
img_e0dbfb39.jpg,Soybean___healthy
img_427ab098.jpg,Grape___Leaf_blight_(Isariopsis_Leaf_Spot)
img_d2d6954f.jpg,Tomato___Bacterial_spot
img_aeab0eb6.jpg,Soybean___healthy
img_e1bb43e2.jpg,Blueberry___healthy
img_f0843598.jpg,Cherry_(including_sour)___Powdery_mildew
img_87c5209b.jpg,Peach___Bacterial_spot
img_14e8cb2d.jpg,Tomato___Tomato_Yellow_Leaf_Curl_Virus
img_c50021b7.jpg,Tomato___Tomato_Yellow_Leaf_Curl_Virus
img_cbf630ff.jpg,Tomato___Early_blight
img_8600f6e8.jpg,Tomato___Septoria_leaf_spot
img_f858a8c8.jpg,Orange___Haunglongbing_(Citrus_greening)
img_281457be.jpg,Tomato___Septoria_leaf_spot
img_55efaeeb.jpg,Orange___Haunglongbing_(Citrus_greening)
img_5067f1e6.jpg,Tomato___Tomato_Yellow_Leaf_Curl_Virus
img_6560e4c9.jpg,Grape___Leaf_blight_(Isariopsis_Leaf_Spot)
img_a8d028cd.jpg,Tomato___Spider_mites Two-spotted_spider_mite
img_ed9870da.jpg,Soybean___healthy
img_ec85d4e8.jpg,Corn_(maize)___Northern_Leaf_Blight
img_5fc950ef.jpg,Tomato___Spider_mites Two-spotted_spider_mite
img_df0f1ac4.jpg,Grape___Black_rot
img_f12797c8.jpg,Raspberry___healthy
img_25002b2b.jpg,Tomato___Leaf_Mold
img_25751701.jpg,Peach___Bacterial_spot
img_e3f64518.jpg,Apple___Apple_scab
img_1e3b347d.jpg,Soybean___healthy
img_bda920b3.jpg,Tomato___Tomato_Yellow_Leaf_Curl_Virus
img_08328832.jpg,Blueberry___healthy
img_58090c58.jpg,"Pepper,_bell___Bacterial_spot"
img_1b01da6f.jpg,Orange___Haunglongbing_(Citrus_greening)
img_2ef5a117.jpg,Corn_(maize)___healthy
img_2449e811.jpg,Grape___Leaf_blight_(Isariopsis_Leaf_Spot)
img_528eba47.jpg,Apple___healthy
img_70e42dae.jpg,Raspberry___healthy
img_a09d21f6.jpg,Soybean___healthy
img_df166736.jpg,Tomato___healthy
img_04302692.jpg,Strawberry___Leaf_scorch
img_f77ad712.jpg,Grape___Leaf_blight_(Isariopsis_Leaf_Spot)
img_d38975f9.jpg,Grape___Leaf_blight_(Isariopsis_Leaf_Spot)
img_e7d1cf46.jpg,Tomato___Septoria_leaf_spot
img_f1442227.jpg,Tomato___Target_Spot
img_d7630574.jpg,Tomato___Early_blight
img_089d46d0.jpg,Grape___Esca_(Black_Measles)
img_3945eb64.jpg,Grape___Esca_(Black_Measles)
img_a88a9164.jpg,Tomato___Late_blight
img_e4c40c46.jpg,Grape___Esca_(Black_Measles)
img_2fad54da.jpg,Tomato___Spider_mites Two-spotted_spider_mite
img_238498af.jpg,Grape___Black_rot
img_a2456024.jpg,Potato___Early_blight
img_25807c51.jpg,Grape___Esca_(Black_Measles)
img_cb97ded9.jpg,Apple___Apple_scab
img_f11203ec.jpg,Tomato___Tomato_Yellow_Leaf_Curl_Virus
img_2d3d07b3.jpg,Tomato___Early_blight
img_4a270bd4.jpg,Tomato___Tomato_Yellow_Leaf_Curl_Virus
img_6ccb2807.jpg,Soybean___healthy
img_33a4f6e6.jpg,Strawberry___Leaf_scorch
img_c77703be.jpg,Tomato___Spider_mites Two-spotted_spider_mite
img_6ab4a16e.jpg,Tomato___Early_blight
img_f24b98ed.jpg,"Pepper,_bell___Bacterial_spot"
img_553dbdc6.jpg,Tomato___Target_Spot
img_cf49d37f.jpg,Raspberry___healthy
img_799b78ae.jpg,Squash___Powdery_mildew
img_93e37d83.jpg,Peach___Bacterial_spot
img_84d8a4d3.jpg,Tomato___Bacterial_spot
img_939b359a.jpg,Tomato___Tomato_Yellow_Leaf_Curl_Virus
img_b728e393.jpg,"Pepper,_bell___healthy"
img_caf51173.jpg,"Pepper,_bell___healthy"
img_6033f49b.jpg,Corn_(maize)___healthy
img_4265f1e1.jpg,Strawberry___Leaf_scorch
img_23628c49.jpg,Raspberry___healthy
img_fdd07df5.jpg,Orange___Haunglongbing_(Citrus_greening)
img_4f959c69.jpg,"Pepper,_bell___Bacterial_spot"
img_cf037fd4.jpg,Grape___Black_rot
img_4ab4308a.jpg,Grape___Esca_(Black_Measles)
img_3cbf4e53.jpg,Soybean___healthy
img_4a09efe7.jpg,"Pepper,_bell___Bacterial_spot"
img_55af6f2a.jpg,Corn_(maize)___Cercospora_leaf_spot Gray_leaf_spot
img_be2a4af1.jpg,"Pepper,_bell___Bacterial_spot"
img_c4252e63.jpg,Tomato___Target_Spot
img_e226e6a4.jpg,Tomato___Bacterial_spot
img_005de900.jpg,Blueberry___healthy
img_afd21ddf.jpg,Orange___Haunglongbing_(Citrus_greening)
img_1ea71e30.jpg,Potato___Early_blight
img_10c592fa.jpg,"Pepper,_bell___healthy"
img_da00df86.jpg,Tomato___Bacterial_spot
img_4ed5ee89.jpg,Cherry_(including_sour)___healthy
img_d002e18a.jpg,Tomato___Leaf_Mold
img_7cfe942d.jpg,Soybean___healthy
img_e638bb5e.jpg,Corn_(maize)___healthy
img_feb3944f.jpg,Squash___Powdery_mildew
img_a7eead18.jpg,Tomato___Late_blight
img_137a79cc.jpg,Tomato___Septoria_leaf_spot
img_0395cead.jpg,Grape___Leaf_blight_(Isariopsis_Leaf_Spot)
img_73ed32f8.jpg,Orange___Haunglongbing_(Citrus_greening)
img_22bd37ec.jpg,Tomato___Late_blight
img_4db485dd.jpg,Blueberry___healthy
img_8667d507.jpg,Soybean___healthy
img_4164090d.jpg,Apple___Black_rot
img_8f5f995e.jpg,Tomato___Tomato_Yellow_Leaf_Curl_Virus
img_58363e18.jpg,Tomato___Target_Spot
img_9f289bbe.jpg,Cherry_(including_sour)___healthy
img_034bcc26.jpg,Apple___Apple_scab
img_4a6efe10.jpg,Tomato___Early_blight
img_eb9f50fe.jpg,Apple___Cedar_apple_rust
img_53f3d38d.jpg,Soybean___healthy
img_ae5bf3c0.jpg,Cherry_(including_sour)___healthy
img_063f3ee9.jpg,Orange___Haunglongbing_(Citrus_greening)
img_4f8cb622.jpg,Tomato___Bacterial_spot
img_253f2d6b.jpg,Grape___Black_rot
img_108f35db.jpg,Orange___Haunglongbing_(Citrus_greening)
img_485f2dbc.jpg,Cherry_(including_sour)___healthy
img_5605e4ec.jpg,Orange___Haunglongbing_(Citrus_greening)
img_94b039fb.jpg,Tomato___Late_blight
img_74daa3b6.jpg,"Pepper,_bell___healthy"
img_70d9be8c.jpg,Tomato___Bacterial_spot
img_20f91a99.jpg,Corn_(maize)___healthy
img_20ac78d2.jpg,Grape___Esca_(Black_Measles)
img_a02e38a7.jpg,Peach___Bacterial_spot
img_aed30060.jpg,Orange___Haunglongbing_(Citrus_greening)
img_5015062b.jpg,Orange___Haunglongbing_(Citrus_greening)
img_e498a092.jpg,Corn_(maize)___Common_rust_
img_be9be0dd.jpg,"Pepper,_bell___healthy"
img_a06d2397.jpg,Tomato___Early_blight
img_070de1f3.jpg,Tomato___Early_blight
img_8361d505.jpg,Soybean___healthy
img_91cd3ce1.jpg,Orange___Haunglongbing_(Citrus_greening)
img_013b43e2.jpg,Orange___Haunglongbing_(Citrus_greening)
img_07211aa0.jpg,Peach___healthy
img_ae34b21e.jpg,Peach___Bacterial_spot
img_47f57df9.jpg,Grape___Black_rot
img_17848c7a.jpg,Corn_(maize)___healthy
img_f13ab402.jpg,Soybean___healthy
img_14aafa46.jpg,Tomato___Early_blight
img_3e44155c.jpg,Apple___Apple_scab
img_167976fd.jpg,Grape___Esca_(Black_Measles)
img_a1413a94.jpg,Tomato___healthy
img_e8873eac.jpg,Grape___Esca_(Black_Measles)
img_96393e5a.jpg,Tomato___Tomato_Yellow_Leaf_Curl_Virus
img_1d911146.jpg,Soybean___healthy
img_3f5c3811.jpg,Orange___Haunglongbing_(Citrus_greening)
img_19bc6d93.jpg,Peach___Bacterial_spot
img_68cd41a2.jpg,Corn_(maize)___Northern_Leaf_Blight
img_08f717da.jpg,Apple___healthy
img_3802526a.jpg,Apple___Black_rot
img_e0940006.jpg,Peach___healthy
img_64f86ca1.jpg,Tomato___Tomato_Yellow_Leaf_Curl_Virus
img_bd425311.jpg,Cherry_(including_sour)___healthy
img_6a28b75b.jpg,Tomato___Tomato_Yellow_Leaf_Curl_Virus
img_10429ae3.jpg,Grape___Black_rot
img_f73532ae.jpg,Tomato___Tomato_Yellow_Leaf_Curl_Virus
img_e6ffb8dc.jpg,Tomato___Bacterial_spot
img_71b4010e.jpg,Orange___Haunglongbing_(Citrus_greening)
img_0c472d21.jpg,Orange___Haunglongbing_(Citrus_greening)
img_6a0d59cd.jpg,"Pepper,_bell___Bacterial_spot"
img_0a62df12.jpg,Orange___Haunglongbing_(Citrus_greening)
img_f7698e82.jpg,"Pepper,_bell___healthy"
img_266863c0.jpg,Tomato___Tomato_Yellow_Leaf_Curl_Virus
img_28fbed96.jpg,Corn_(maize)___Northern_Leaf_Blight
img_57403bba.jpg,Soybean___healthy
img_dc1d4cfe.jpg,Soybean___healthy
img_841f1415.jpg,"Pepper,_bell___healthy"
img_f9bbd19c.jpg,Tomato___Tomato_Yellow_Leaf_Curl_Virus
img_f9237c20.jpg,Tomato___Tomato_mosaic_virus
img_24e00b8b.jpg,"Pepper,_bell___healthy"
img_08cc6aac.jpg,Orange___Haunglongbing_(Citrus_greening)
img_ff00361c.jpg,Orange___Haunglongbing_(Citrus_greening)
img_85c5f48b.jpg,Tomato___Bacterial_spot
img_824f89d9.jpg,Tomato___healthy
img_d1ea22fd.jpg,Tomato___Target_Spot
img_b27e979f.jpg,Potato___Early_blight
img_62605e08.jpg,Squash___Powdery_mildew
img_ed5bf3de.jpg,Blueberry___healthy
img_a6ea420d.jpg,Potato___Late_blight
img_9f08d7ba.jpg,Tomato___Late_blight
img_fd49425b.jpg,Tomato___Tomato_Yellow_Leaf_Curl_Virus
img_1488998c.jpg,Apple___healthy
img_580de894.jpg,Soybean___healthy
img_097f0ca9.jpg,Tomato___Septoria_leaf_spot
img_4684e71d.jpg,Tomato___Target_Spot
img_919474e6.jpg,Soybean___healthy
img_fd8574d3.jpg,Tomato___Leaf_Mold
img_59bfebfc.jpg,"Pepper,_bell___Bacterial_spot"
img_f1813c0a.jpg,Corn_(maize)___healthy
img_5597dbb0.jpg,Tomato___Tomato_mosaic_virus
img_9aaa7793.jpg,Tomato___Septoria_leaf_spot
img_4a3da92a.jpg,Orange___Haunglongbing_(Citrus_greening)
img_1ceb31bd.jpg,Peach___Bacterial_spot
img_88ae53b3.jpg,Corn_(maize)___Common_rust_
img_5eb05819.jpg,Peach___healthy
img_f785af01.jpg,Tomato___Target_Spot
img_520814d1.jpg,Grape___Esca_(Black_Measles)
img_a4eaa95a.jpg,Corn_(maize)___Common_rust_
img_6fc04e21.jpg,Tomato___Target_Spot
img_ed8d0502.jpg,Strawberry___Leaf_scorch
img_43e8a90c.jpg,Tomato___Tomato_Yellow_Leaf_Curl_Virus
img_e6e202a6.jpg,"Pepper,_bell___healthy"
img_e88854ba.jpg,Cherry_(including_sour)___healthy
img_14514a0e.jpg,Tomato___healthy
img_2148b254.jpg,Potato___healthy
img_f71693fb.jpg,Corn_(maize)___Cercospora_leaf_spot Gray_leaf_spot
img_04f770b4.jpg,Potato___healthy
img_34513633.jpg,Tomato___Bacterial_spot
img_e0b95ec8.jpg,Blueberry___healthy
img_50c11858.jpg,Tomato___Leaf_Mold
img_64b277d0.jpg,Corn_(maize)___Northern_Leaf_Blight
img_6cf9d7ef.jpg,Peach___Bacterial_spot
img_4c9f0e12.jpg,Tomato___healthy
img_fca130d1.jpg,Tomato___Spider_mites Two-spotted_spider_mite
img_ec8fe4c6.jpg,Raspberry___healthy
img_fb1a6143.jpg,Tomato___Target_Spot
img_23a17dd8.jpg,Tomato___Tomato_Yellow_Leaf_Curl_Virus
img_409d978f.jpg,Apple___Apple_scab
img_fa3b76eb.jpg,Corn_(maize)___healthy
img_e544f243.jpg,Tomato___Septoria_leaf_spot
img_0618a2f5.jpg,Strawberry___Leaf_scorch
img_e0e57374.jpg,Tomato___Target_Spot
img_5f0e936a.jpg,Strawberry___Leaf_scorch
img_c25c7aab.jpg,Tomato___healthy
img_40ae8944.jpg,Tomato___Tomato_Yellow_Leaf_Curl_Virus
img_41318bfe.jpg,Squash___Powdery_mildew
img_a61fe3e8.jpg,Soybean___healthy
img_bf843b3b.jpg,"Pepper,_bell___healthy"
img_8a0430eb.jpg,Grape___Esca_(Black_Measles)
img_7a60dc93.jpg,Squash___Powdery_mildew
img_4676346f.jpg,Soybean___healthy
img_a32f7cd9.jpg,Orange___Haunglongbing_(Citrus_greening)
img_7dffa6b3.jpg,Tomato___healthy
img_2edbfb15.jpg,Soybean___healthy
img_0410d38e.jpg,Potato___Early_blight
img_5ce2e680.jpg,Orange___Haunglongbing_(Citrus_greening)
img_b6fed968.jpg,Cherry_(including_sour)___Powdery_mildew
img_e11e3e94.jpg,Apple___healthy
img_39730bff.jpg,Soybean___healthy
img_f203a729.jpg,Orange___Haunglongbing_(Citrus_greening)
img_8edbe47e.jpg,"Pepper,_bell___Bacterial_spot"
img_a2be0b28.jpg,Orange___Haunglongbing_(Citrus_greening)
img_7a475825.jpg,Soybean___healthy
img_8b48ca8c.jpg,Peach___Bacterial_spot
img_9b7bdc04.jpg,Tomato___Tomato_Yellow_Leaf_Curl_Virus
img_5f6f17ca.jpg,Tomato___Late_blight
img_72f48589.jpg,"Pepper,_bell___healthy"
img_9513e3dc.jpg,Grape___Leaf_blight_(Isariopsis_Leaf_Spot)
img_61545413.jpg,Squash___Powdery_mildew
img_350d3eaa.jpg,Apple___healthy
img_0c413047.jpg,Apple___healthy
img_17606034.jpg,Tomato___Target_Spot
img_65c29202.jpg,Orange___Haunglongbing_(Citrus_greening)
img_fa97fc85.jpg,Grape___Black_rot
img_293e2fe0.jpg,Tomato___Target_Spot
img_c5ddbbb2.jpg,Soybean___healthy
img_d01fa2b6.jpg,Tomato___Spider_mites Two-spotted_spider_mite
img_8119b17b.jpg,Tomato___Tomato_Yellow_Leaf_Curl_Virus
img_c1db9e96.jpg,Soybean___healthy
img_1bb6ea58.jpg,Strawberry___Leaf_scorch
img_4de42dd5.jpg,Tomato___Septoria_leaf_spot
img_22f2901f.jpg,Blueberry___healthy
img_795070c2.jpg,Apple___Apple_scab
img_7d851511.jpg,Blueberry___healthy
img_80e64021.jpg,Orange___Haunglongbing_(Citrus_greening)
img_5f345da5.jpg,Tomato___Late_blight
img_fc06336b.jpg,Tomato___Late_blight
img_73bdf49d.jpg,Grape___Esca_(Black_Measles)
img_27b1bd91.jpg,"Pepper,_bell___healthy"
img_966784af.jpg,"Pepper,_bell___Bacterial_spot"
img_9b36930a.jpg,Cherry_(including_sour)___Powdery_mildew
img_cbb2294e.jpg,Tomato___Tomato_Yellow_Leaf_Curl_Virus
img_4a6c0f3b.jpg,Tomato___Leaf_Mold
img_b6eb4aad.jpg,Tomato___Leaf_Mold
img_14ffb0b0.jpg,Orange___Haunglongbing_(Citrus_greening)
img_8b32ad69.jpg,Tomato___Spider_mites Two-spotted_spider_mite
img_9a598456.jpg,Soybean___healthy
img_6237c607.jpg,"Pepper,_bell___Bacterial_spot"
img_105f6e28.jpg,Tomato___Bacterial_spot
img_4f333274.jpg,Strawberry___Leaf_scorch
img_2cccf01c.jpg,Strawberry___healthy
img_06374b15.jpg,Tomato___Bacterial_spot
img_099caa5b.jpg,Strawberry___healthy
img_f74f4e43.jpg,Tomato___Tomato_Yellow_Leaf_Curl_Virus
img_f73a6b52.jpg,Tomato___Leaf_Mold
img_d80466a5.jpg,Grape___Black_rot
img_8760d17e.jpg,Soybean___healthy
img_dcccd8a4.jpg,Corn_(maize)___healthy
img_987137f4.jpg,Peach___Bacterial_spot
img_a4681a36.jpg,Orange___Haunglongbing_(Citrus_greening)
img_a966b33e.jpg,Corn_(maize)___Cercospora_leaf_spot Gray_leaf_spot
img_38e45e89.jpg,Strawberry___Leaf_scorch
img_ef21fe43.jpg,Peach___Bacterial_spot
img_b6220034.jpg,Soybean___healthy
img_25caacaf.jpg,Tomato___Late_blight
img_b902f03c.jpg,Orange___Haunglongbing_(Citrus_greening)
img_a523870e.jpg,Tomato___Target_Spot
img_1b53d32c.jpg,Blueberry___healthy
img_3d37eced.jpg,Orange___Haunglongbing_(Citrus_greening)
img_e7535e5c.jpg,Apple___healthy
img_7c26abc2.jpg,Tomato___healthy
img_77094ef3.jpg,Orange___Haunglongbing_(Citrus_greening)
img_f16ea237.jpg,Tomato___Tomato_Yellow_Leaf_Curl_Virus
img_0929f30e.jpg,Apple___healthy
img_a7ebee5b.jpg,Tomato___Target_Spot
img_946363e9.jpg,Tomato___Bacterial_spot
img_13247102.jpg,Tomato___Tomato_Yellow_Leaf_Curl_Virus
img_82bfd64f.jpg,Soybean___healthy
img_01fdb2e3.jpg,Orange___Haunglongbing_(Citrus_greening)
img_caf5edbe.jpg,Tomato___Bacterial_spot
img_31e20c6f.jpg,Soybean___healthy
img_aa49d1b0.jpg,"Pepper,_bell___healthy"
img_c4f49edc.jpg,Apple___healthy
img_cb1b7df1.jpg,Tomato___Spider_mites Two-spotted_spider_mite
img_aa33f297.jpg,Orange___Haunglongbing_(Citrus_greening)
img_540290e7.jpg,Soybean___healthy
img_f15b7dc3.jpg,Tomato___Tomato_Yellow_Leaf_Curl_Virus
img_5f842e2a.jpg,Grape___healthy
img_a466bdc7.jpg,Tomato___Bacterial_spot
img_7f60512c.jpg,"Pepper,_bell___Bacterial_spot"
img_07b3605d.jpg,Tomato___Tomato_Yellow_Leaf_Curl_Virus
img_8fe37fbf.jpg,Corn_(maize)___healthy
img_c3e34c07.jpg,Tomato___Septoria_leaf_spot
img_097da84c.jpg,Grape___healthy
img_4312dd69.jpg,Tomato___Early_blight
img_3973ed25.jpg,Soybean___healthy
img_9f34a20b.jpg,Potato___Early_blight
img_207c4e27.jpg,Soybean___healthy
img_7656db3d.jpg,Tomato___Bacterial_spot
img_05384900.jpg,Squash___Powdery_mildew
img_e42ad4f4.jpg,Orange___Haunglongbing_(Citrus_greening)
img_a09e93c8.jpg,Tomato___Tomato_Yellow_Leaf_Curl_Virus
img_d0fca3a2.jpg,Tomato___Late_blight
img_2dbca584.jpg,Apple___healthy
img_676956b6.jpg,Tomato___Tomato_Yellow_Leaf_Curl_Virus
img_b279c289.jpg,Grape___Leaf_blight_(Isariopsis_Leaf_Spot)
img_338a8363.jpg,Apple___Apple_scab
img_05b30374.jpg,Peach___Bacterial_spot
img_51a1c0d1.jpg,Tomato___Target_Spot
img_08e920ce.jpg,Peach___healthy
img_0a174a6c.jpg,Tomato___Tomato_Yellow_Leaf_Curl_Virus
img_150aaff9.jpg,Corn_(maize)___Northern_Leaf_Blight
img_99345cb6.jpg,Grape___Black_rot
img_50c35257.jpg,Tomato___Septoria_leaf_spot
img_1b532756.jpg,Tomato___Early_blight
img_27b58401.jpg,Orange___Haunglongbing_(Citrus_greening)
img_25151605.jpg,Strawberry___Leaf_scorch
img_46aedddd.jpg,Tomato___Spider_mites Two-spotted_spider_mite
img_7f4eebe0.jpg,Soybean___healthy
img_2b813ff7.jpg,Tomato___healthy
img_faf6e699.jpg,"Pepper,_bell___healthy"
img_c9972e07.jpg,Blueberry___healthy
img_fc887bfa.jpg,Orange___Haunglongbing_(Citrus_greening)
img_a007a3a9.jpg,Tomato___Spider_mites Two-spotted_spider_mite
img_c75dac4f.jpg,Corn_(maize)___healthy
img_2eefcd45.jpg,Tomato___Tomato_Yellow_Leaf_Curl_Virus
img_82baaeee.jpg,Grape___Black_rot
img_6885a8a7.jpg,"Pepper,_bell___healthy"
img_ce347737.jpg,Orange___Haunglongbing_(Citrus_greening)
img_33d48b77.jpg,Tomato___Septoria_leaf_spot
img_1304b31a.jpg,Peach___Bacterial_spot
img_dc45da2e.jpg,Squash___Powdery_mildew
img_733cf293.jpg,Soybean___healthy
img_7d5e32bb.jpg,Tomato___Septoria_leaf_spot
img_bb2aebd5.jpg,Soybean___healthy
img_5e68596b.jpg,Tomato___Bacterial_spot
img_e0648390.jpg,Tomato___Septoria_leaf_spot
img_c48d371f.jpg,Cherry_(including_sour)___healthy
img_bac6ec94.jpg,Tomato___Early_blight
img_983a8b96.jpg,Peach___Bacterial_spot
img_def3b9eb.jpg,Soybean___healthy
img_0c80dba6.jpg,Soybean___healthy
img_1f94e1e9.jpg,Tomato___Septoria_leaf_spot
img_4855f0c2.jpg,Tomato___Late_blight
img_9a5e5019.jpg,Corn_(maize)___healthy
img_db71bbca.jpg,Tomato___Target_Spot
img_d9744404.jpg,Tomato___Target_Spot
img_07dd870b.jpg,Tomato___Tomato_Yellow_Leaf_Curl_Virus
img_bf67ee80.jpg,Tomato___Tomato_Yellow_Leaf_Curl_Virus
img_d9b5b01f.jpg,Grape___Leaf_blight_(Isariopsis_Leaf_Spot)
img_aa64b48d.jpg,Cherry_(including_sour)___healthy
img_9639e45b.jpg,Tomato___Septoria_leaf_spot
img_769decb1.jpg,Tomato___Target_Spot
img_c10149ed.jpg,Corn_(maize)___Northern_Leaf_Blight
img_319316c6.jpg,Grape___healthy
img_25a48e06.jpg,Tomato___Spider_mites Two-spotted_spider_mite
img_0bd34912.jpg,Blueberry___healthy
img_63a108dc.jpg,Peach___Bacterial_spot
img_8a603900.jpg,Soybean___healthy
img_5efdf55c.jpg,Grape___Leaf_blight_(Isariopsis_Leaf_Spot)
img_da67fdfc.jpg,Potato___Late_blight
img_bb10a42f.jpg,Tomato___Tomato_Yellow_Leaf_Curl_Virus
img_f2b2d0c4.jpg,Tomato___Tomato_Yellow_Leaf_Curl_Virus
img_a3181e4e.jpg,Cherry_(including_sour)___healthy
img_b22ac54d.jpg,Tomato___Tomato_Yellow_Leaf_Curl_Virus
img_0b64a7f5.jpg,Raspberry___healthy
img_7ba8d476.jpg,Tomato___Tomato_Yellow_Leaf_Curl_Virus
img_8b247489.jpg,Soybean___healthy
img_1e85f8c1.jpg,Tomato___Tomato_Yellow_Leaf_Curl_Virus
img_2ade44df.jpg,"Pepper,_bell___healthy"
img_b0293bcf.jpg,Potato___Early_blight
img_b5d617de.jpg,Corn_(maize)___healthy
img_8b4848a0.jpg,Squash___Powdery_mildew
img_666ce531.jpg,Soybean___healthy
img_97ba8a82.jpg,Tomato___healthy
img_39468aeb.jpg,Apple___healthy
img_c83dca8f.jpg,Tomato___Tomato_Yellow_Leaf_Curl_Virus
img_37eeb28e.jpg,Tomato___Bacterial_spot
img_b8630d56.jpg,Orange___Haunglongbing_(Citrus_greening)
img_6d3cb094.jpg,Peach___Bacterial_spot
img_504d438e.jpg,Peach___healthy
img_52c1acf2.jpg,Orange___Haunglongbing_(Citrus_greening)
img_79513027.jpg,Tomato___healthy
img_15310e90.jpg,Apple___Apple_scab
img_ce07aebf.jpg,Soybean___healthy
img_6e1cf991.jpg,Squash___Powdery_mildew
img_5941846d.jpg,Grape___Black_rot
img_a49c11a8.jpg,Grape___healthy
img_891b1eb6.jpg,Cherry_(including_sour)___Powdery_mildew
img_17af9416.jpg,Tomato___Target_Spot
img_e6b011ce.jpg,Tomato___Tomato_Yellow_Leaf_Curl_Virus
img_622989c3.jpg,"Pepper,_bell___Bacterial_spot"
img_089ff220.jpg,Strawberry___Leaf_scorch
img_5e12b4b4.jpg,Grape___Leaf_blight_(Isariopsis_Leaf_Spot)
img_12301c21.jpg,Corn_(maize)___healthy
img_c8a740e5.jpg,Tomato___Tomato_Yellow_Leaf_Curl_Virus
img_868f74b0.jpg,Grape___Esca_(Black_Measles)
img_85dcba23.jpg,Corn_(maize)___Common_rust_
img_bc679f05.jpg,Peach___Bacterial_spot
img_c729c109.jpg,Tomato___Bacterial_spot
img_70bb913d.jpg,Tomato___Tomato_Yellow_Leaf_Curl_Virus
img_b5e9b904.jpg,Grape___Leaf_blight_(Isariopsis_Leaf_Spot)
img_e1e9cb5d.jpg,Apple___Cedar_apple_rust
img_21b395c3.jpg,Tomato___Tomato_Yellow_Leaf_Curl_Virus
img_dbc693a1.jpg,Soybean___healthy
img_bba100ed.jpg,Tomato___Bacterial_spot
img_6aedcaf1.jpg,Blueberry___healthy
img_f40c2d87.jpg,"Pepper,_bell___healthy"
img_0d5ad6e9.jpg,Cherry_(including_sour)___Powdery_mildew
img_448be9f8.jpg,Blueberry___healthy
img_457c0508.jpg,Corn_(maize)___Common_rust_
img_c19aea55.jpg,Tomato___Tomato_Yellow_Leaf_Curl_Virus
img_1fa1d2c1.jpg,Corn_(maize)___Common_rust_
img_0e72ede4.jpg,Grape___healthy
img_a902bdf4.jpg,Cherry_(including_sour)___Powdery_mildew
img_dac54026.jpg,Tomato___Target_Spot
img_fbd71a6a.jpg,Squash___Powdery_mildew
img_2e329e14.jpg,"Pepper,_bell___healthy"
img_94ca7c4a.jpg,Apple___Black_rot
img_b2274ef4.jpg,Tomato___Tomato_Yellow_Leaf_Curl_Virus
img_8e18d21b.jpg,Apple___Black_rot
img_c0a55abe.jpg,Tomato___Early_blight
img_bab7aa8e.jpg,Corn_(maize)___Northern_Leaf_Blight
img_1f325272.jpg,Tomato___Tomato_Yellow_Leaf_Curl_Virus
img_b152972b.jpg,Soybean___healthy
img_e326518a.jpg,"Pepper,_bell___healthy"
img_af75b61a.jpg,Tomato___Target_Spot
img_9724718e.jpg,Tomato___Bacterial_spot
img_88069e64.jpg,Tomato___Early_blight
img_f73a3bd3.jpg,Grape___Esca_(Black_Measles)
img_3e901bb0.jpg,Squash___Powdery_mildew
img_3f7f8683.jpg,Corn_(maize)___Cercospora_leaf_spot Gray_leaf_spot
img_d38bf2bd.jpg,Apple___healthy
img_0e99b9fe.jpg,Apple___healthy
img_5eac030c.jpg,Cherry_(including_sour)___Powdery_mildew
img_5c961b83.jpg,Grape___Black_rot
img_7419fbc0.jpg,Squash___Powdery_mildew
img_348b545e.jpg,Strawberry___Leaf_scorch
img_da493976.jpg,Tomato___Spider_mites Two-spotted_spider_mite
img_178bf96c.jpg,Tomato___Tomato_Yellow_Leaf_Curl_Virus
img_33216966.jpg,Apple___healthy
img_38e30bb0.jpg,Tomato___Late_blight
img_3ca26a15.jpg,Orange___Haunglongbing_(Citrus_greening)
img_5f25665d.jpg,Tomato___Tomato_Yellow_Leaf_Curl_Virus
img_cf6f74a7.jpg,Tomato___Tomato_Yellow_Leaf_Curl_Virus
img_269a63c6.jpg,"Pepper,_bell___healthy"
img_8b82211e.jpg,Peach___Bacterial_spot
img_9b57e338.jpg,Corn_(maize)___healthy
img_96b155d2.jpg,Squash___Powdery_mildew
img_3cbc60f0.jpg,Apple___Apple_scab
img_f533c354.jpg,Soybean___healthy
img_1a9c7bf7.jpg,Soybean___healthy
img_d9f42e6b.jpg,Corn_(maize)___Cercospora_leaf_spot Gray_leaf_spot
img_5203d9aa.jpg,Soybean___healthy
img_5df7b78f.jpg,Peach___healthy
img_c98971b4.jpg,Cherry_(including_sour)___healthy
img_5aa39718.jpg,Strawberry___healthy
img_354f40fe.jpg,Tomato___Bacterial_spot
img_da6e4d8b.jpg,Tomato___Late_blight
img_6f30d15b.jpg,Blueberry___healthy
img_184f2fb2.jpg,Tomato___Tomato_Yellow_Leaf_Curl_Virus
img_c7b368b7.jpg,Tomato___Tomato_Yellow_Leaf_Curl_Virus
img_f9e91fa3.jpg,Soybean___healthy
img_01941cc9.jpg,Blueberry___healthy
img_720550bc.jpg,Soybean___healthy
img_3dbd9aec.jpg,Grape___Black_rot
img_69c16bed.jpg,Corn_(maize)___Northern_Leaf_Blight
img_b14abec6.jpg,Tomato___Target_Spot
img_6577c24b.jpg,Tomato___Tomato_Yellow_Leaf_Curl_Virus
img_3a8d7741.jpg,Tomato___Spider_mites Two-spotted_spider_mite
img_c110baaa.jpg,Soybean___healthy
img_a6cbf247.jpg,Orange___Haunglongbing_(Citrus_greening)
img_a109f531.jpg,Corn_(maize)___Common_rust_
img_a44a2c24.jpg,Soybean___healthy
img_0f0d82b1.jpg,"Pepper,_bell___healthy"
img_992315ae.jpg,Tomato___Leaf_Mold
img_17133292.jpg,Peach___Bacterial_spot
img_1471edfe.jpg,Blueberry___healthy
img_cd4e89b7.jpg,Tomato___Spider_mites Two-spotted_spider_mite
img_051fc31c.jpg,Tomato___Bacterial_spot
img_c4711338.jpg,Orange___Haunglongbing_(Citrus_greening)
img_21842279.jpg,Tomato___Tomato_Yellow_Leaf_Curl_Virus
img_18393fbb.jpg,Cherry_(including_sour)___Powdery_mildew
img_fadadb05.jpg,Corn_(maize)___Common_rust_
img_7a9bf5ae.jpg,Tomato___Tomato_Yellow_Leaf_Curl_Virus
img_f7ccd72d.jpg,Tomato___Tomato_Yellow_Leaf_Curl_Virus
img_50180a07.jpg,Tomato___Leaf_Mold
img_5c0bfeae.jpg,Tomato___Spider_mites Two-spotted_spider_mite
img_de3e2d74.jpg,Orange___Haunglongbing_(Citrus_greening)
img_4ce24bf0.jpg,Soybean___healthy
img_b287db65.jpg,Peach___Bacterial_spot
img_b03860a7.jpg,Tomato___Tomato_Yellow_Leaf_Curl_Virus
img_a0e9a759.jpg,Tomato___Leaf_Mold
img_ca18b35b.jpg,Tomato___Tomato_Yellow_Leaf_Curl_Virus
img_7c770a68.jpg,Soybean___healthy
img_1accc49f.jpg,Tomato___Septoria_leaf_spot
img_72502294.jpg,Apple___healthy
img_668db22a.jpg,Potato___Early_blight
img_850300e3.jpg,Tomato___Target_Spot
img_75c724d0.jpg,Apple___healthy
img_679229d6.jpg,Peach___Bacterial_spot
img_5e2b97d0.jpg,Grape___Black_rot
img_05a7ffa0.jpg,Orange___Haunglongbing_(Citrus_greening)
img_741e8875.jpg,Grape___Black_rot
img_e5743c2b.jpg,Soybean___healthy
img_5df14bab.jpg,Tomato___Tomato_Yellow_Leaf_Curl_Virus
img_74e3e3a2.jpg,Tomato___Spider_mites Two-spotted_spider_mite
img_a92ffea2.jpg,Tomato___Bacterial_spot
img_0c882d4a.jpg,Corn_(maize)___healthy
img_6c7ffe08.jpg,Tomato___Late_blight
img_bd448429.jpg,Orange___Haunglongbing_(Citrus_greening)
img_630b3add.jpg,Orange___Haunglongbing_(Citrus_greening)
img_3bbaaff2.jpg,Orange___Haunglongbing_(Citrus_greening)
img_04e2b043.jpg,Raspberry___healthy
img_04482d7e.jpg,Tomato___Tomato_Yellow_Leaf_Curl_Virus
img_697541f2.jpg,Raspberry___healthy
img_ca1194e7.jpg,Soybean___healthy
img_30409ca7.jpg,Tomato___Septoria_leaf_spot
img_29718d09.jpg,Corn_(maize)___Common_rust_
img_6b0afee4.jpg,Tomato___Target_Spot
img_f7176296.jpg,Corn_(maize)___Northern_Leaf_Blight
img_105cfa10.jpg,Tomato___healthy
img_ea4178d2.jpg,Peach___healthy
img_ed99ab23.jpg,Tomato___Tomato_Yellow_Leaf_Curl_Virus
img_8643da3f.jpg,Corn_(maize)___healthy
img_f72c5453.jpg,Corn_(maize)___Common_rust_
img_52b4a31f.jpg,Tomato___Septoria_leaf_spot
img_a3bc3d03.jpg,Blueberry___healthy
img_57aaf8d1.jpg,Soybean___healthy
img_9b74b9db.jpg,Potato___Early_blight
img_06212aef.jpg,Cherry_(including_sour)___healthy
img_96c8fa41.jpg,Tomato___Late_blight
img_b0de3c09.jpg,Tomato___Target_Spot
img_17072214.jpg,Tomato___Bacterial_spot
img_bd08d5bd.jpg,Blueberry___healthy
img_47261fbb.jpg,Soybean___healthy
img_e57e1b91.jpg,Tomato___Late_blight
img_40988d52.jpg,"Pepper,_bell___Bacterial_spot"
img_be122611.jpg,Potato___Early_blight
img_30edffe6.jpg,Tomato___Septoria_leaf_spot
img_94ea6b46.jpg,Tomato___Bacterial_spot
img_3957360e.jpg,Soybean___healthy
img_d98f170c.jpg,Apple___Apple_scab
img_4d24847c.jpg,Tomato___Tomato_Yellow_Leaf_Curl_Virus
img_7f1d51e8.jpg,Apple___Cedar_apple_rust
img_c394199e.jpg,Tomato___Late_blight
img_b6135c59.jpg,Corn_(maize)___Cercospora_leaf_spot Gray_leaf_spot
img_a045d73e.jpg,Potato___Late_blight
img_f4879bec.jpg,Tomato___healthy
img_c43c5584.jpg,Tomato___Spider_mites Two-spotted_spider_mite
img_fe95a7b2.jpg,Tomato___Spider_mites Two-spotted_spider_mite
img_5c30f7f3.jpg,Blueberry___healthy
img_2e015e61.jpg,Tomato___Septoria_leaf_spot
img_62d46800.jpg,Potato___Early_blight
img_e0e6e769.jpg,Tomato___Tomato_Yellow_Leaf_Curl_Virus
img_61d2561d.jpg,Tomato___Septoria_leaf_spot
img_7d87723c.jpg,Orange___Haunglongbing_(Citrus_greening)
img_c1796cee.jpg,Peach___Bacterial_spot
img_ca483f42.jpg,Strawberry___Leaf_scorch
img_0c1794a8.jpg,Corn_(maize)___Common_rust_
img_f80cd624.jpg,Grape___Black_rot
img_1c08a23d.jpg,Apple___Cedar_apple_rust
img_1cf716a5.jpg,Orange___Haunglongbing_(Citrus_greening)
img_168fb1ef.jpg,Tomato___Early_blight
img_3bd372fe.jpg,Squash___Powdery_mildew
img_4272928c.jpg,Grape___healthy
img_54535843.jpg,Tomato___Tomato_Yellow_Leaf_Curl_Virus
img_bb44e0ce.jpg,Soybean___healthy
img_19c3aca5.jpg,Tomato___healthy
img_1eaa7e26.jpg,Tomato___Septoria_leaf_spot
img_301ce9bd.jpg,Soybean___healthy
img_dc3eb986.jpg,"Pepper,_bell___healthy"
img_6cb26c4f.jpg,Tomato___Tomato_Yellow_Leaf_Curl_Virus
img_1b16ac2d.jpg,Corn_(maize)___Common_rust_
img_13f7730d.jpg,Apple___Apple_scab
img_4fc3363f.jpg,Tomato___Tomato_Yellow_Leaf_Curl_Virus
img_516eca46.jpg,Tomato___Late_blight
img_70226adf.jpg,Cherry_(including_sour)___Powdery_mildew
img_ed08e9ec.jpg,Tomato___Bacterial_spot
img_ff5bf124.jpg,Potato___Early_blight
img_70e6f28e.jpg,Grape___Esca_(Black_Measles)
img_dfb4f235.jpg,Apple___healthy
img_9d00292d.jpg,Tomato___Tomato_Yellow_Leaf_Curl_Virus
img_0dac5676.jpg,Cherry_(including_sour)___healthy
img_130d8db6.jpg,Apple___Black_rot
img_cd6b6e30.jpg,Orange___Haunglongbing_(Citrus_greening)
img_3f110e4b.jpg,Orange___Haunglongbing_(Citrus_greening)
img_5d70e902.jpg,Tomato___Tomato_Yellow_Leaf_Curl_Virus
img_193df551.jpg,Tomato___Spider_mites Two-spotted_spider_mite
img_ff9fea16.jpg,Corn_(maize)___healthy
img_1bdb5024.jpg,Grape___Esca_(Black_Measles)
img_61071ff8.jpg,Raspberry___healthy
img_ea17d474.jpg,Tomato___Leaf_Mold
img_4887366e.jpg,Grape___Black_rot
img_b58a1324.jpg,Tomato___Spider_mites Two-spotted_spider_mite
img_92b67998.jpg,Tomato___Spider_mites Two-spotted_spider_mite
img_a0f0376d.jpg,Tomato___Tomato_Yellow_Leaf_Curl_Virus
img_feeaba9a.jpg,Blueberry___healthy
img_d23da77a.jpg,Corn_(maize)___healthy
img_c8a5a5d5.jpg,Corn_(maize)___Cercospora_leaf_spot Gray_leaf_spot
img_201f07d5.jpg,Tomato___Bacterial_spot
img_364b2b88.jpg,Tomato___Tomato_Yellow_Leaf_Curl_Virus
img_47f766ce.jpg,Soybean___healthy
img_f9cdb57b.jpg,Tomato___Tomato_Yellow_Leaf_Curl_Virus
img_6e0964d3.jpg,Grape___Esca_(Black_Measles)
img_86d181c2.jpg,Grape___Leaf_blight_(Isariopsis_Leaf_Spot)
img_1640eec3.jpg,Tomato___Spider_mites Two-spotted_spider_mite
img_ad3757a2.jpg,Tomato___Tomato_Yellow_Leaf_Curl_Virus
img_ee596608.jpg,Soybean___healthy
img_303267f1.jpg,Strawberry___Leaf_scorch
img_4454e1fa.jpg,"Pepper,_bell___Bacterial_spot"
img_6c2c0e50.jpg,Tomato___Spider_mites Two-spotted_spider_mite
img_edbe424c.jpg,"Pepper,_bell___healthy"
img_6afb212d.jpg,Peach___healthy
img_afcec8a8.jpg,"Pepper,_bell___Bacterial_spot"
img_01a15c00.jpg,Orange___Haunglongbing_(Citrus_greening)
img_19615b38.jpg,Tomato___Tomato_Yellow_Leaf_Curl_Virus
img_dc1c6387.jpg,Cherry_(including_sour)___healthy
img_0b47a067.jpg,Tomato___Septoria_leaf_spot
img_fd4edccf.jpg,Tomato___Spider_mites Two-spotted_spider_mite
img_25458181.jpg,"Pepper,_bell___Bacterial_spot"
img_78f5c016.jpg,Tomato___Tomato_Yellow_Leaf_Curl_Virus
img_0a5b2ae6.jpg,Grape___Esca_(Black_Measles)
img_7643e5b0.jpg,Tomato___Late_blight
img_76a80455.jpg,Soybean___healthy
img_a2f66572.jpg,Tomato___Tomato_Yellow_Leaf_Curl_Virus
img_d611a71d.jpg,Peach___Bacterial_spot
img_e74289e4.jpg,Tomato___Tomato_Yellow_Leaf_Curl_Virus
img_91bdfab9.jpg,Corn_(maize)___Cercospora_leaf_spot Gray_leaf_spot
img_143e1977.jpg,Tomato___healthy
img_faf60fa8.jpg,Tomato___Tomato_Yellow_Leaf_Curl_Virus
img_a01df40b.jpg,Peach___Bacterial_spot
img_f8d4dbe6.jpg,Blueberry___healthy
img_9207d95b.jpg,Corn_(maize)___healthy
img_195f6eb0.jpg,Peach___Bacterial_spot
img_cbf26aaf.jpg,Tomato___Spider_mites Two-spotted_spider_mite
img_d59a8ce9.jpg,Blueberry___healthy
img_f69031d5.jpg,Tomato___Late_blight
img_2f154cc4.jpg,Corn_(maize)___Common_rust_
img_14790a83.jpg,Orange___Haunglongbing_(Citrus_greening)
img_03e2027b.jpg,Orange___Haunglongbing_(Citrus_greening)
img_fce77b20.jpg,Orange___Haunglongbing_(Citrus_greening)
img_731d4552.jpg,Tomato___Leaf_Mold
img_1b273d14.jpg,Soybean___healthy
img_1222b2eb.jpg,Soybean___healthy
img_4edc7d59.jpg,Potato___Late_blight
img_996561fb.jpg,Blueberry___healthy
img_be30351c.jpg,Cherry_(including_sour)___Powdery_mildew
img_0670287b.jpg,Apple___Apple_scab
img_51585d1e.jpg,Tomato___healthy
img_b80e5ea3.jpg,Cherry_(including_sour)___Powdery_mildew
img_20d6fa24.jpg,Soybean___healthy
img_9b47e8e6.jpg,Peach___Bacterial_spot
img_e0fa1bf0.jpg,Tomato___Late_blight
img_0810caa0.jpg,Corn_(maize)___Northern_Leaf_Blight
img_ba4507d3.jpg,Soybean___healthy
img_608f3bde.jpg,Tomato___Bacterial_spot
img_8631509f.jpg,Tomato___Target_Spot
img_184169b8.jpg,Squash___Powdery_mildew
img_4050c3af.jpg,Tomato___Tomato_Yellow_Leaf_Curl_Virus
img_c13e5e82.jpg,Soybean___healthy
img_da402432.jpg,Apple___healthy
img_29ba03e1.jpg,Grape___Esca_(Black_Measles)
img_d3da0e3e.jpg,Corn_(maize)___Northern_Leaf_Blight
img_368d18de.jpg,Tomato___Tomato_Yellow_Leaf_Curl_Virus
img_dfc62c01.jpg,Tomato___Tomato_Yellow_Leaf_Curl_Virus
img_2ed576a2.jpg,Tomato___Tomato_Yellow_Leaf_Curl_Virus
img_ee6a567a.jpg,"Pepper,_bell___healthy"
img_29e8d3ff.jpg,Grape___Leaf_blight_(Isariopsis_Leaf_Spot)
img_0a7c7e91.jpg,Soybean___healthy
img_9be36869.jpg,Tomato___Tomato_Yellow_Leaf_Curl_Virus
img_f9dbaeaa.jpg,Potato___Early_blight
img_29a88473.jpg,Tomato___Late_blight
img_9308799e.jpg,Blueberry___healthy
img_914f92b6.jpg,Tomato___Late_blight
img_54a2d693.jpg,Potato___Late_blight
img_206d7bb9.jpg,Apple___healthy
img_fe8c53c8.jpg,Apple___Cedar_apple_rust
img_831b644b.jpg,Tomato___Tomato_Yellow_Leaf_Curl_Virus
img_f99489fa.jpg,"Pepper,_bell___healthy"
img_4c2f34a5.jpg,Tomato___healthy
img_73e7bd4a.jpg,Potato___Early_blight
img_93b31858.jpg,Grape___Esca_(Black_Measles)
img_b99edfc1.jpg,Tomato___Target_Spot
img_6fc73261.jpg,Blueberry___healthy
img_4d0e5921.jpg,Apple___healthy
img_178beba6.jpg,Soybean___healthy
img_60c96218.jpg,Soybean___healthy
img_a70ef50a.jpg,Soybean___healthy
img_6200db77.jpg,Orange___Haunglongbing_(Citrus_greening)
img_2e39eec4.jpg,Squash___Powdery_mildew
img_9c1c0c63.jpg,Tomato___Early_blight
img_4ecb115b.jpg,Tomato___Spider_mites Two-spotted_spider_mite
img_903e4a5f.jpg,Tomato___Late_blight
img_14cae469.jpg,Apple___healthy
img_a71bfbd8.jpg,Strawberry___Leaf_scorch
img_1024fd64.jpg,Apple___healthy
img_1c0b2f57.jpg,Tomato___Late_blight
img_47032b87.jpg,Potato___Early_blight
img_fb3cdefd.jpg,Tomato___Bacterial_spot
img_baa342cf.jpg,Soybean___healthy
img_6feb101e.jpg,Tomato___Tomato_Yellow_Leaf_Curl_Virus
img_4a09b107.jpg,Grape___Esca_(Black_Measles)
img_aea1d240.jpg,Tomato___Late_blight
img_767fb44d.jpg,Corn_(maize)___healthy
img_92c5398e.jpg,Corn_(maize)___Northern_Leaf_Blight
img_d8ed157b.jpg,Tomato___Late_blight
img_bc259e0c.jpg,Tomato___Septoria_leaf_spot
img_4e765d8e.jpg,Soybean___healthy
img_68e50fd8.jpg,Tomato___healthy
img_bed0a64c.jpg,Peach___Bacterial_spot
img_54940bb3.jpg,Peach___Bacterial_spot
img_65201946.jpg,Apple___healthy
img_2778247c.jpg,Apple___Black_rot
img_a7b5c471.jpg,Apple___Black_rot
img_e728edea.jpg,Squash___Powdery_mildew
img_574ed5a4.jpg,Apple___healthy
img_e75e0b95.jpg,Tomato___Septoria_leaf_spot
img_8e80e930.jpg,Apple___Cedar_apple_rust
img_963b8ca4.jpg,Squash___Powdery_mildew
img_6a8efed3.jpg,Tomato___Septoria_leaf_spot
img_7428a368.jpg,Soybean___healthy
img_a43fbb19.jpg,Apple___Black_rot
img_553be904.jpg,Orange___Haunglongbing_(Citrus_greening)
img_9d5d8f08.jpg,Squash___Powdery_mildew
img_11aa66f2.jpg,Apple___Cedar_apple_rust
img_52b45558.jpg,Tomato___Late_blight
img_f14cd6a2.jpg,Tomato___Bacterial_spot
img_1c6962b2.jpg,Tomato___Bacterial_spot
img_92020498.jpg,Tomato___Bacterial_spot
img_3d218584.jpg,Tomato___Bacterial_spot
img_37793cf2.jpg,Grape___Esca_(Black_Measles)
img_a453a068.jpg,Corn_(maize)___Northern_Leaf_Blight
img_b2e97240.jpg,Soybean___healthy
img_a791fddb.jpg,Tomato___Spider_mites Two-spotted_spider_mite
img_36c69f6f.jpg,Orange___Haunglongbing_(Citrus_greening)
img_029c56e8.jpg,Potato___Early_blight
img_5c47d839.jpg,Corn_(maize)___Common_rust_
img_bcddf066.jpg,Apple___healthy
img_9d479f4c.jpg,Tomato___healthy
img_d2218371.jpg,Soybean___healthy
img_25a8cc8b.jpg,Apple___Cedar_apple_rust
img_fd5af268.jpg,Soybean___healthy
img_03206014.jpg,Soybean___healthy
img_3a7a9eec.jpg,Potato___Late_blight
img_5b9e61fa.jpg,Tomato___healthy
img_e18b1ea3.jpg,"Pepper,_bell___healthy"
img_ae7b02d9.jpg,"Pepper,_bell___healthy"
img_7bc520b2.jpg,Peach___Bacterial_spot
img_76fd1a48.jpg,Orange___Haunglongbing_(Citrus_greening)
img_31b30e80.jpg,Orange___Haunglongbing_(Citrus_greening)
img_722b7116.jpg,Orange___Haunglongbing_(Citrus_greening)
img_df518584.jpg,Corn_(maize)___Northern_Leaf_Blight
img_7a434b85.jpg,Tomato___healthy
img_790c1709.jpg,Tomato___Spider_mites Two-spotted_spider_mite
img_c6353eaf.jpg,Corn_(maize)___Common_rust_
img_602dd96c.jpg,Tomato___Target_Spot
img_2dfca19e.jpg,Grape___healthy
img_93a56cd3.jpg,Blueberry___healthy
img_63ebdb7f.jpg,Tomato___Septoria_leaf_spot
img_ed166605.jpg,Tomato___Spider_mites Two-spotted_spider_mite
img_63517589.jpg,Tomato___Septoria_leaf_spot
img_c3e0b158.jpg,Soybean___healthy
img_31884b5d.jpg,Potato___Early_blight
img_753d7528.jpg,Tomato___Bacterial_spot
img_82c2cb5b.jpg,Tomato___Late_blight
img_e14198e6.jpg,Cherry_(including_sour)___Powdery_mildew
img_8da9c69c.jpg,Apple___healthy
img_77c4040a.jpg,Orange___Haunglongbing_(Citrus_greening)
img_8341a1ba.jpg,Tomato___Bacterial_spot
img_d8da4a87.jpg,Strawberry___Leaf_scorch
img_01c2e623.jpg,Tomato___Target_Spot
img_7bff16ed.jpg,Cherry_(including_sour)___Powdery_mildew
img_b857ecc0.jpg,Tomato___Early_blight
img_6162db9f.jpg,Corn_(maize)___Common_rust_
img_ee180501.jpg,Grape___Leaf_blight_(Isariopsis_Leaf_Spot)
img_603560a1.jpg,Corn_(maize)___Common_rust_
img_80512f9c.jpg,Peach___Bacterial_spot
img_71f0013c.jpg,Grape___Esca_(Black_Measles)
img_6588df05.jpg,Soybean___healthy
img_4379ed16.jpg,Tomato___Spider_mites Two-spotted_spider_mite
img_9ba5121a.jpg,Corn_(maize)___Common_rust_
img_b28b78c1.jpg,Cherry_(including_sour)___Powdery_mildew
img_aaa0fa3b.jpg,Corn_(maize)___Common_rust_
img_034507df.jpg,Corn_(maize)___Northern_Leaf_Blight
img_20da6e1f.jpg,Tomato___Tomato_Yellow_Leaf_Curl_Virus
img_fca6fffa.jpg,Tomato___Tomato_Yellow_Leaf_Curl_Virus
img_8fe1b76a.jpg,Tomato___Bacterial_spot
img_a4e2a5d8.jpg,Grape___Leaf_blight_(Isariopsis_Leaf_Spot)
img_736077c0.jpg,Grape___Esca_(Black_Measles)
img_2a45121f.jpg,Grape___healthy
img_55134e9c.jpg,Soybean___healthy
img_6f06a61b.jpg,Tomato___Septoria_leaf_spot
img_6e3fbb90.jpg,Tomato___healthy
img_d0080c86.jpg,Potato___Early_blight
img_bb46331e.jpg,Tomato___healthy
img_8a457d32.jpg,Grape___Esca_(Black_Measles)
img_eeca220c.jpg,Soybean___healthy
img_f71cd545.jpg,Tomato___healthy
img_75c771b2.jpg,Orange___Haunglongbing_(Citrus_greening)
img_218d05f6.jpg,Orange___Haunglongbing_(Citrus_greening)
img_36d668e4.jpg,Tomato___Bacterial_spot
img_dbc15cc4.jpg,Apple___healthy
img_9a30e35b.jpg,Apple___Black_rot
img_f9ffc53d.jpg,Grape___Esca_(Black_Measles)
img_b7ca4008.jpg,Grape___Black_rot
img_b2b15310.jpg,Orange___Haunglongbing_(Citrus_greening)
img_751ff4f4.jpg,Potato___Late_blight
img_649dde58.jpg,Blueberry___healthy
img_b5c6bb8b.jpg,Orange___Haunglongbing_(Citrus_greening)
img_c06fe6b8.jpg,Tomato___Tomato_Yellow_Leaf_Curl_Virus
img_12753b2e.jpg,Cherry_(including_sour)___Powdery_mildew
img_2210a316.jpg,Corn_(maize)___Common_rust_
img_c1835121.jpg,Tomato___Early_blight
img_88636638.jpg,Orange___Haunglongbing_(Citrus_greening)
img_a647601c.jpg,Tomato___Tomato_Yellow_Leaf_Curl_Virus
img_3fe544f7.jpg,Strawberry___Leaf_scorch
img_a2602f6f.jpg,Blueberry___healthy
img_8e1ddb82.jpg,Orange___Haunglongbing_(Citrus_greening)
img_f025550b.jpg,Tomato___Tomato_mosaic_virus
img_3b7f6691.jpg,Strawberry___healthy
img_f7e27c35.jpg,Tomato___healthy
img_526ca3d1.jpg,Tomato___Septoria_leaf_spot
img_b14c05be.jpg,Tomato___Septoria_leaf_spot
img_ce47bfec.jpg,Orange___Haunglongbing_(Citrus_greening)
img_408db79b.jpg,Soybean___healthy
img_f9b393db.jpg,Soybean___healthy
img_bfc68da5.jpg,Cherry_(including_sour)___healthy
img_26887747.jpg,Orange___Haunglongbing_(Citrus_greening)
img_2a68f1b6.jpg,Cherry_(including_sour)___Powdery_mildew
img_00f5dc74.jpg,Potato___Early_blight
img_7eccd7c7.jpg,Strawberry___Leaf_scorch
img_0e105210.jpg,Tomato___Tomato_Yellow_Leaf_Curl_Virus
img_9d88895e.jpg,Tomato___Tomato_Yellow_Leaf_Curl_Virus
img_243ad525.jpg,Squash___Powdery_mildew
img_5ea8e543.jpg,Strawberry___healthy
img_180fc1d2.jpg,Tomato___Tomato_Yellow_Leaf_Curl_Virus
img_1f518f75.jpg,Tomato___Leaf_Mold
img_3b1592e2.jpg,Tomato___Tomato_Yellow_Leaf_Curl_Virus
img_42ce8f1f.jpg,Tomato___Septoria_leaf_spot
img_95c7b870.jpg,Tomato___Tomato_Yellow_Leaf_Curl_Virus
img_32c2810d.jpg,Tomato___Tomato_Yellow_Leaf_Curl_Virus
img_740f2692.jpg,Potato___Late_blight
img_d5bd016a.jpg,Corn_(maize)___healthy
img_704cd070.jpg,Grape___Esca_(Black_Measles)
img_ac0253cb.jpg,"Pepper,_bell___healthy"
img_5685e4c8.jpg,Orange___Haunglongbing_(Citrus_greening)
img_1430a5f6.jpg,Orange___Haunglongbing_(Citrus_greening)
img_f2c9a2e4.jpg,Corn_(maize)___Common_rust_
img_67d7312f.jpg,Soybean___healthy
img_b1445e91.jpg,Squash___Powdery_mildew
img_c8d7d52b.jpg,Tomato___Target_Spot
img_d3962774.jpg,Corn_(maize)___healthy
img_4c9ddb3c.jpg,Grape___healthy
img_5b400fd4.jpg,"Pepper,_bell___Bacterial_spot"
img_6ccaf2b1.jpg,Cherry_(including_sour)___Powdery_mildew
img_ac0b1d95.jpg,Grape___Black_rot
img_497118ea.jpg,Cherry_(including_sour)___healthy
img_73408d72.jpg,Tomato___Early_blight
img_bd08d031.jpg,Tomato___Tomato_Yellow_Leaf_Curl_Virus
img_98c2ec00.jpg,Soybean___healthy
img_ed505fd4.jpg,Soybean___healthy
img_dee855e7.jpg,Soybean___healthy
img_eb8937ac.jpg,Orange___Haunglongbing_(Citrus_greening)
img_8fb333f3.jpg,Squash___Powdery_mildew
img_af708515.jpg,Tomato___Spider_mites Two-spotted_spider_mite
img_c21b6c9d.jpg,Blueberry___healthy
img_47c2c0b2.jpg,Tomato___Late_blight
img_8cb0b0ff.jpg,Tomato___Tomato_Yellow_Leaf_Curl_Virus
img_75041c89.jpg,Peach___Bacterial_spot
img_265bce1b.jpg,Apple___healthy
img_ce74564b.jpg,Strawberry___healthy
img_b36933db.jpg,Orange___Haunglongbing_(Citrus_greening)
img_7cd3624e.jpg,Corn_(maize)___Northern_Leaf_Blight
img_2535d3ac.jpg,Orange___Haunglongbing_(Citrus_greening)
img_5e963b78.jpg,Orange___Haunglongbing_(Citrus_greening)
img_60ff6df0.jpg,Tomato___Early_blight
img_bbe53b09.jpg,Soybean___healthy
img_3199cff7.jpg,Tomato___Late_blight
img_6b6e800b.jpg,Tomato___healthy
img_20584682.jpg,Orange___Haunglongbing_(Citrus_greening)
img_f5bd318d.jpg,Tomato___Tomato_Yellow_Leaf_Curl_Virus
img_fffdd6ba.jpg,Tomato___healthy
img_02c27ddc.jpg,Orange___Haunglongbing_(Citrus_greening)
img_4a2a8f33.jpg,Tomato___Tomato_Yellow_Leaf_Curl_Virus
img_9e57f178.jpg,Apple___Black_rot
img_1c259abc.jpg,"Pepper,_bell___healthy"
img_70af3a54.jpg,Corn_(maize)___healthy
img_a877e099.jpg,Tomato___Late_blight
img_21bbc48e.jpg,Tomato___Tomato_Yellow_Leaf_Curl_Virus
img_835389b7.jpg,Orange___Haunglongbing_(Citrus_greening)
img_bd48cf73.jpg,Soybean___healthy
img_83ecec6a.jpg,Blueberry___healthy
img_36082c8e.jpg,Grape___Esca_(Black_Measles)
img_5103fd5e.jpg,Orange___Haunglongbing_(Citrus_greening)
img_e1cde1fb.jpg,Peach___Bacterial_spot
img_abb178fc.jpg,Orange___Haunglongbing_(Citrus_greening)
img_d6332f52.jpg,Squash___Powdery_mildew
img_53be510c.jpg,Orange___Haunglongbing_(Citrus_greening)
img_a7535719.jpg,Peach___Bacterial_spot
img_7b96ae41.jpg,Peach___Bacterial_spot
img_7d1a5150.jpg,Grape___Esca_(Black_Measles)
img_74254b8b.jpg,Tomato___Late_blight
img_ed205374.jpg,Grape___Black_rot
img_c80909c8.jpg,Peach___Bacterial_spot
img_7c29d524.jpg,Cherry_(including_sour)___Powdery_mildew
img_f0717fd7.jpg,Orange___Haunglongbing_(Citrus_greening)
img_d2325dc5.jpg,Soybean___healthy
img_ec8cc96e.jpg,Tomato___Bacterial_spot
img_0c6aab87.jpg,Strawberry___Leaf_scorch
img_625b65aa.jpg,Orange___Haunglongbing_(Citrus_greening)
img_bfb10f2b.jpg,Tomato___healthy
img_17982839.jpg,Orange___Haunglongbing_(Citrus_greening)
img_d053bfa4.jpg,Soybean___healthy
img_d873f97f.jpg,"Pepper,_bell___healthy"
img_3bcebd9a.jpg,Tomato___Late_blight
img_db144fb7.jpg,Corn_(maize)___Common_rust_
img_bcd8b76d.jpg,Cherry_(including_sour)___healthy
img_f0c3bcf3.jpg,Grape___healthy
img_a6ab53b0.jpg,Peach___Bacterial_spot
img_9d1ca819.jpg,Squash___Powdery_mildew
img_e92a177d.jpg,Blueberry___healthy
img_02927f03.jpg,Corn_(maize)___Northern_Leaf_Blight
img_8216d4f6.jpg,Grape___Esca_(Black_Measles)
img_86287aef.jpg,Tomato___Target_Spot
img_777d89b4.jpg,Orange___Haunglongbing_(Citrus_greening)
img_232ac4a1.jpg,Corn_(maize)___healthy
img_6cf3dff9.jpg,Tomato___Early_blight
img_dcc5ec29.jpg,Orange___Haunglongbing_(Citrus_greening)
img_c3d177df.jpg,Corn_(maize)___healthy
img_532723de.jpg,Tomato___Bacterial_spot
img_64ae3401.jpg,Soybean___healthy
img_6cabee59.jpg,Tomato___Late_blight
img_0d58c3e1.jpg,Corn_(maize)___healthy
img_65120d37.jpg,Soybean___healthy
img_67edfe7e.jpg,Blueberry___healthy
img_e5dfa6b6.jpg,Orange___Haunglongbing_(Citrus_greening)
img_5358629e.jpg,Tomato___Tomato_Yellow_Leaf_Curl_Virus
img_ae567fcc.jpg,Corn_(maize)___Common_rust_
img_24dd56b0.jpg,Tomato___Tomato_Yellow_Leaf_Curl_Virus
img_74b54bd6.jpg,Grape___Leaf_blight_(Isariopsis_Leaf_Spot)
img_b6b8eb4c.jpg,Grape___healthy
img_a2d578aa.jpg,Grape___Black_rot
img_1b6f6234.jpg,Tomato___Septoria_leaf_spot
img_126bc5a0.jpg,Peach___healthy
img_8c0f5a27.jpg,Corn_(maize)___Northern_Leaf_Blight
img_83ec63fa.jpg,Grape___Esca_(Black_Measles)
img_262833f2.jpg,Potato___Late_blight
img_6888960a.jpg,Apple___healthy
img_cbc988cb.jpg,Tomato___Target_Spot
img_5ffa28a3.jpg,Potato___Late_blight
img_ced12b99.jpg,Corn_(maize)___Common_rust_
img_03f8083d.jpg,Orange___Haunglongbing_(Citrus_greening)
img_08ced65d.jpg,Grape___Leaf_blight_(Isariopsis_Leaf_Spot)
img_117b68f9.jpg,Tomato___Bacterial_spot
img_4aa84506.jpg,Peach___Bacterial_spot
img_9242255c.jpg,Tomato___Tomato_Yellow_Leaf_Curl_Virus
img_940d761a.jpg,Corn_(maize)___healthy
img_029eccf6.jpg,Tomato___Tomato_Yellow_Leaf_Curl_Virus
img_0ab3531e.jpg,Apple___Cedar_apple_rust
img_aeab2e80.jpg,Peach___Bacterial_spot
img_c0871e61.jpg,"Pepper,_bell___healthy"
img_81bf93a4.jpg,Tomato___Septoria_leaf_spot
img_a927f9a8.jpg,Tomato___Target_Spot
img_243a50b6.jpg,Soybean___healthy
img_4b77dda0.jpg,Tomato___Target_Spot
img_22229c74.jpg,Tomato___Tomato_Yellow_Leaf_Curl_Virus
img_95bcfe33.jpg,Apple___Apple_scab
img_dcca099a.jpg,Peach___Bacterial_spot
img_e084ec40.jpg,Grape___Black_rot
img_e0f09e18.jpg,Peach___healthy
img_dee513f1.jpg,Tomato___Bacterial_spot
img_3fca1d45.jpg,Soybean___healthy
img_d3392574.jpg,Tomato___Septoria_leaf_spot
img_50194800.jpg,Apple___Cedar_apple_rust
img_a032fdb3.jpg,Peach___Bacterial_spot
img_e04702a3.jpg,Grape___Esca_(Black_Measles)
img_6e42e1df.jpg,Squash___Powdery_mildew
img_d7d8698d.jpg,Tomato___Bacterial_spot
img_95d9ed60.jpg,Tomato___Tomato_Yellow_Leaf_Curl_Virus
img_62ba751c.jpg,Orange___Haunglongbing_(Citrus_greening)
img_09e2c482.jpg,Grape___Esca_(Black_Measles)
img_2b82784b.jpg,Blueberry___healthy
img_0fb00445.jpg,Orange___Haunglongbing_(Citrus_greening)
img_4d36a796.jpg,Tomato___Early_blight
img_9670a961.jpg,Orange___Haunglongbing_(Citrus_greening)
img_de87da34.jpg,Orange___Haunglongbing_(Citrus_greening)
img_b638a48a.jpg,Peach___Bacterial_spot
img_559a6949.jpg,Tomato___Spider_mites Two-spotted_spider_mite
img_16836696.jpg,Orange___Haunglongbing_(Citrus_greening)
img_3c222584.jpg,Soybean___healthy
img_bc590411.jpg,Orange___Haunglongbing_(Citrus_greening)
img_b6e63c3e.jpg,Peach___Bacterial_spot
img_e4ee85d9.jpg,Corn_(maize)___Common_rust_
img_4e8d200f.jpg,Tomato___healthy
img_0b25e5a9.jpg,Soybean___healthy
img_c58ba5f5.jpg,Orange___Haunglongbing_(Citrus_greening)
img_ee318c97.jpg,Orange___Haunglongbing_(Citrus_greening)
img_bfe01e8d.jpg,"Pepper,_bell___healthy"
img_ed949819.jpg,Squash___Powdery_mildew
img_8052f58d.jpg,Grape___Leaf_blight_(Isariopsis_Leaf_Spot)
img_692e80c7.jpg,Apple___Black_rot
img_dde2f215.jpg,Tomato___Target_Spot
img_9b5add8f.jpg,Tomato___Bacterial_spot
img_cc3490cc.jpg,Grape___Esca_(Black_Measles)
img_e1324515.jpg,Apple___Black_rot
img_13777628.jpg,Potato___Late_blight
img_7f7992b1.jpg,Corn_(maize)___healthy
img_91ae84f1.jpg,Apple___healthy
img_ba2f15da.jpg,Grape___Esca_(Black_Measles)
img_334b5ff4.jpg,Soybean___healthy
img_0b019596.jpg,Peach___Bacterial_spot
img_6a16a5d1.jpg,Potato___Late_blight
img_c82dd6a5.jpg,Peach___Bacterial_spot
img_e6beed72.jpg,Orange___Haunglongbing_(Citrus_greening)
img_9c086f98.jpg,Tomato___Spider_mites Two-spotted_spider_mite
img_60eb2ce5.jpg,Orange___Haunglongbing_(Citrus_greening)
img_77cff272.jpg,Tomato___Late_blight
img_29101628.jpg,Peach___Bacterial_spot
img_f25a16b8.jpg,Tomato___Spider_mites Two-spotted_spider_mite
img_e6c8ddf4.jpg,Tomato___Tomato_Yellow_Leaf_Curl_Virus
img_47793b2a.jpg,Tomato___Tomato_Yellow_Leaf_Curl_Virus
img_7acffafb.jpg,Orange___Haunglongbing_(Citrus_greening)
img_64046605.jpg,Tomato___Tomato_Yellow_Leaf_Curl_Virus
img_d128d402.jpg,Grape___Black_rot
img_95e3dbb1.jpg,Tomato___Tomato_Yellow_Leaf_Curl_Virus
img_af0ca3eb.jpg,"Pepper,_bell___healthy"
img_2c0292db.jpg,Peach___healthy
img_52e4d897.jpg,Tomato___Leaf_Mold
img_30e454ec.jpg,Strawberry___Leaf_scorch
img_30b5f986.jpg,"Pepper,_bell___healthy"
img_2a4dfe23.jpg,Strawberry___Leaf_scorch
img_c100e4b1.jpg,Apple___Apple_scab
img_0b8ec427.jpg,Orange___Haunglongbing_(Citrus_greening)
img_71724f8c.jpg,Tomato___Tomato_mosaic_virus
img_65fa4b2f.jpg,Tomato___healthy
img_bf95de39.jpg,Tomato___Spider_mites Two-spotted_spider_mite
img_640a4f94.jpg,Soybean___healthy
img_47bb1a78.jpg,Squash___Powdery_mildew
img_f18f200b.jpg,Peach___Bacterial_spot
img_65c1196d.jpg,Tomato___Tomato_mosaic_virus
img_f5e92167.jpg,Apple___healthy
img_77644817.jpg,Tomato___Septoria_leaf_spot
img_bceed09b.jpg,Tomato___Spider_mites Two-spotted_spider_mite
img_bc82b37e.jpg,Soybean___healthy
img_0fc6459e.jpg,Potato___Late_blight
img_2c2a4be1.jpg,Peach___Bacterial_spot
img_54612de8.jpg,Apple___healthy
img_1061d55a.jpg,Grape___Black_rot
img_6422bea8.jpg,Apple___healthy
img_59709202.jpg,Orange___Haunglongbing_(Citrus_greening)
img_9ac6ce88.jpg,Squash___Powdery_mildew
img_9e64b4b9.jpg,Strawberry___Leaf_scorch
img_91749b27.jpg,Orange___Haunglongbing_(Citrus_greening)
img_d7fab117.jpg,Orange___Haunglongbing_(Citrus_greening)
img_2d995949.jpg,Tomato___Septoria_leaf_spot
img_645e8998.jpg,Squash___Powdery_mildew
img_751729e4.jpg,Peach___Bacterial_spot
img_c86d2e99.jpg,Blueberry___healthy
img_ed2343da.jpg,Tomato___Septoria_leaf_spot
img_cafef88e.jpg,Apple___healthy
img_d78a77c2.jpg,Orange___Haunglongbing_(Citrus_greening)
img_1fb7fb11.jpg,Corn_(maize)___Common_rust_
img_d1e0da48.jpg,Tomato___Spider_mites Two-spotted_spider_mite
img_5eea7cc8.jpg,Corn_(maize)___Common_rust_
img_c1a895e6.jpg,Strawberry___Leaf_scorch
img_3ce47df8.jpg,Corn_(maize)___Northern_Leaf_Blight
img_81a9141d.jpg,Grape___Leaf_blight_(Isariopsis_Leaf_Spot)
img_b55f9946.jpg,Tomato___Tomato_Yellow_Leaf_Curl_Virus
img_e4e7ec99.jpg,Blueberry___healthy
img_8294f13e.jpg,Soybean___healthy
img_ce337bc7.jpg,Tomato___Leaf_Mold
img_240b1ec6.jpg,Peach___Bacterial_spot
img_27bdb742.jpg,"Pepper,_bell___healthy"
img_b009c051.jpg,Soybean___healthy
img_ee2ba485.jpg,Tomato___Bacterial_spot
img_8524063b.jpg,Tomato___Tomato_Yellow_Leaf_Curl_Virus
img_6f0a3e09.jpg,Grape___Black_rot
img_207dbebb.jpg,Soybean___healthy
img_815494f8.jpg,Tomato___Early_blight
img_89538e53.jpg,Apple___Black_rot
img_47c4e25a.jpg,Apple___Black_rot
img_1d45ea08.jpg,Soybean___healthy
img_68577a5e.jpg,Potato___healthy
img_08d18fea.jpg,Apple___healthy
img_98a3f1fa.jpg,Soybean___healthy
img_f2065fec.jpg,Tomato___Target_Spot
img_1bd8e6aa.jpg,Tomato___Tomato_Yellow_Leaf_Curl_Virus
img_e62afca2.jpg,Tomato___healthy
img_21e45759.jpg,Orange___Haunglongbing_(Citrus_greening)
img_089639dd.jpg,Potato___Late_blight
img_05e69da0.jpg,Squash___Powdery_mildew
img_87a5b7e4.jpg,Tomato___Tomato_Yellow_Leaf_Curl_Virus
img_11dcbc74.jpg,Tomato___healthy
img_30f442f2.jpg,Tomato___Tomato_Yellow_Leaf_Curl_Virus
img_14693c20.jpg,Tomato___Bacterial_spot
img_973b1cd8.jpg,Tomato___healthy
img_6e1a12b6.jpg,"Pepper,_bell___Bacterial_spot"
img_769a3652.jpg,Corn_(maize)___Cercospora_leaf_spot Gray_leaf_spot
img_e681863a.jpg,Cherry_(including_sour)___Powdery_mildew
img_220651b6.jpg,Tomato___Spider_mites Two-spotted_spider_mite
img_8cf2d4fb.jpg,Soybean___healthy
img_96d45e99.jpg,Peach___Bacterial_spot
img_87d07f67.jpg,Tomato___Spider_mites Two-spotted_spider_mite
img_900c2fd3.jpg,Tomato___Tomato_Yellow_Leaf_Curl_Virus
img_bc879893.jpg,Tomato___Tomato_Yellow_Leaf_Curl_Virus
img_30841e25.jpg,Orange___Haunglongbing_(Citrus_greening)
img_40dd14f1.jpg,Soybean___healthy
img_8c4ae1c3.jpg,Apple___Apple_scab
img_92855eba.jpg,Tomato___Bacterial_spot
img_99b9c396.jpg,Apple___Black_rot
img_b1f20665.jpg,Orange___Haunglongbing_(Citrus_greening)
img_25cbb86a.jpg,Tomato___Tomato_Yellow_Leaf_Curl_Virus
img_8f18741c.jpg,Blueberry___healthy
img_54ecaf79.jpg,Blueberry___healthy
img_a55a69ed.jpg,Tomato___Spider_mites Two-spotted_spider_mite
img_d7e2077c.jpg,Tomato___Tomato_Yellow_Leaf_Curl_Virus
img_6a6e241f.jpg,Orange___Haunglongbing_(Citrus_greening)
img_c5d6c40e.jpg,Tomato___Spider_mites Two-spotted_spider_mite
img_13e0e532.jpg,Orange___Haunglongbing_(Citrus_greening)
img_c69fae4e.jpg,Apple___Black_rot
img_d90c7443.jpg,"Pepper,_bell___healthy"
img_6bf32330.jpg,Cherry_(including_sour)___healthy
img_97736faf.jpg,Tomato___Late_blight
img_22bda267.jpg,Peach___Bacterial_spot
img_6290e0f7.jpg,Corn_(maize)___Northern_Leaf_Blight
img_93f43ec4.jpg,Soybean___healthy
img_5c0ba8d8.jpg,Grape___Esca_(Black_Measles)
img_9efe1be6.jpg,Grape___Leaf_blight_(Isariopsis_Leaf_Spot)
img_0f3e6578.jpg,Potato___healthy
img_8c6ac344.jpg,Corn_(maize)___Common_rust_
img_3663dbe9.jpg,Potato___Late_blight
img_eb0f4483.jpg,Cherry_(including_sour)___Powdery_mildew
img_445d2bad.jpg,Tomato___healthy
img_924ab20b.jpg,Soybean___healthy
img_7fc65a56.jpg,Potato___Late_blight
img_ebb38327.jpg,Squash___Powdery_mildew
img_88ba30de.jpg,"Pepper,_bell___healthy"
img_049dea7c.jpg,Grape___Esca_(Black_Measles)
img_4538be5c.jpg,Orange___Haunglongbing_(Citrus_greening)
img_cf3c3083.jpg,Tomato___Tomato_Yellow_Leaf_Curl_Virus
img_0816ac67.jpg,Grape___Leaf_blight_(Isariopsis_Leaf_Spot)
img_e1b7f9fe.jpg,Soybean___healthy
img_0027026d.jpg,Orange___Haunglongbing_(Citrus_greening)
img_71fa66d2.jpg,Grape___Leaf_blight_(Isariopsis_Leaf_Spot)
img_43529ba2.jpg,Tomato___Early_blight
img_1569ec36.jpg,Corn_(maize)___Cercospora_leaf_spot Gray_leaf_spot
img_07761741.jpg,Grape___Leaf_blight_(Isariopsis_Leaf_Spot)
img_4bdc1690.jpg,Tomato___healthy
img_49449ac0.jpg,Tomato___Bacterial_spot
img_170cf922.jpg,Soybean___healthy
img_d5b2af40.jpg,Tomato___Spider_mites Two-spotted_spider_mite
img_93f24a6e.jpg,Potato___Early_blight
img_5b35d365.jpg,Apple___Black_rot
img_63d1f49b.jpg,"Pepper,_bell___Bacterial_spot"
img_df92cfb4.jpg,"Pepper,_bell___healthy"
img_9b4f775e.jpg,Tomato___Target_Spot
img_ccd0b2b6.jpg,Squash___Powdery_mildew
img_3cfb0f58.jpg,Potato___healthy
img_41acbb9c.jpg,Potato___Early_blight
img_2511e955.jpg,Grape___Esca_(Black_Measles)
img_5198a0de.jpg,Blueberry___healthy
img_8d0f7eef.jpg,Apple___healthy
img_2617a2ea.jpg,Peach___Bacterial_spot
img_74842faa.jpg,Soybean___healthy
img_5af6df08.jpg,Peach___Bacterial_spot
img_6b842209.jpg,Soybean___healthy
img_2164b286.jpg,Blueberry___healthy
img_74a0a6de.jpg,Tomato___Tomato_Yellow_Leaf_Curl_Virus
img_9f4c536a.jpg,Cherry_(including_sour)___Powdery_mildew
img_868c222b.jpg,Tomato___Leaf_Mold
img_7ea1e7ec.jpg,Apple___Black_rot
img_bfba78ae.jpg,Grape___Esca_(Black_Measles)
img_937fb8fb.jpg,Squash___Powdery_mildew
img_ba377256.jpg,Tomato___healthy
img_a06e0f6a.jpg,Strawberry___Leaf_scorch
img_27452e4c.jpg,Tomato___Leaf_Mold
img_77ecf066.jpg,Apple___healthy
img_90247955.jpg,Tomato___Early_blight
img_37eaa0b3.jpg,Peach___Bacterial_spot
img_52dcb603.jpg,Tomato___Tomato_Yellow_Leaf_Curl_Virus
img_2e62b3fc.jpg,Tomato___Target_Spot
img_99341d58.jpg,Soybean___healthy
img_5a4a8e4a.jpg,Tomato___healthy
img_0123f23a.jpg,Tomato___Bacterial_spot
img_8db5dd8b.jpg,Grape___Black_rot
img_81838930.jpg,Orange___Haunglongbing_(Citrus_greening)
img_c5aa19a1.jpg,Blueberry___healthy
img_5351f949.jpg,Soybean___healthy
img_203a852b.jpg,Tomato___Bacterial_spot
img_17a9fe1f.jpg,Grape___Black_rot
img_3e1baaf5.jpg,Tomato___Early_blight
img_b6baf224.jpg,Blueberry___healthy
img_e1e8bc31.jpg,Tomato___Tomato_Yellow_Leaf_Curl_Virus
img_5c2b4f7b.jpg,Tomato___Tomato_Yellow_Leaf_Curl_Virus
img_159ce1ad.jpg,Orange___Haunglongbing_(Citrus_greening)
img_3312ad35.jpg,Soybean___healthy
img_46743b63.jpg,Soybean___healthy
img_5003d239.jpg,Orange___Haunglongbing_(Citrus_greening)
img_7a8a64b6.jpg,Potato___Late_blight
img_a2a71620.jpg,Apple___Black_rot
img_01c069ec.jpg,Strawberry___Leaf_scorch
img_2ffa0e18.jpg,Tomato___Bacterial_spot
img_5c9d1c53.jpg,Peach___Bacterial_spot
img_76100dbe.jpg,Squash___Powdery_mildew
img_7e71a4a7.jpg,Tomato___Spider_mites Two-spotted_spider_mite
img_b7c69b2b.jpg,Cherry_(including_sour)___Powdery_mildew
img_9a8103f2.jpg,Tomato___Spider_mites Two-spotted_spider_mite
img_f22b4e3c.jpg,Tomato___Septoria_leaf_spot
img_106f22dd.jpg,Tomato___Septoria_leaf_spot
img_3a49f65d.jpg,Grape___Black_rot
img_4dc40faa.jpg,Tomato___Tomato_Yellow_Leaf_Curl_Virus
img_78169c1e.jpg,Tomato___Early_blight
img_a031b17e.jpg,Cherry_(including_sour)___Powdery_mildew
img_6f3fd956.jpg,Soybean___healthy
img_32ff48e1.jpg,Soybean___healthy
img_f120b32c.jpg,Grape___Esca_(Black_Measles)
img_da08a295.jpg,Peach___Bacterial_spot
img_5b4c7dc8.jpg,Tomato___Septoria_leaf_spot
img_59385512.jpg,Tomato___Early_blight
img_01620a8d.jpg,Peach___Bacterial_spot
img_505c08f3.jpg,Potato___Late_blight
img_e5a57c1f.jpg,Grape___Esca_(Black_Measles)
img_3435693b.jpg,Squash___Powdery_mildew
img_df16c72d.jpg,Tomato___Tomato_Yellow_Leaf_Curl_Virus
img_f3dd2eea.jpg,Tomato___Target_Spot
img_07de091c.jpg,Squash___Powdery_mildew
img_9c353e2e.jpg,Soybean___healthy
img_c88aa5c4.jpg,Potato___Late_blight
img_1a4e1bc3.jpg,Corn_(maize)___Northern_Leaf_Blight
img_fe003855.jpg,Tomato___Target_Spot
img_53acb864.jpg,Tomato___Tomato_Yellow_Leaf_Curl_Virus
img_dca12f20.jpg,Squash___Powdery_mildew
img_34b3ba8a.jpg,Orange___Haunglongbing_(Citrus_greening)
img_17f30b95.jpg,Tomato___Septoria_leaf_spot
img_6fdb97b1.jpg,Grape___Black_rot
img_9aff914a.jpg,Tomato___Tomato_Yellow_Leaf_Curl_Virus
img_8b93e3cd.jpg,Orange___Haunglongbing_(Citrus_greening)
img_0b26edcb.jpg,Grape___Leaf_blight_(Isariopsis_Leaf_Spot)
img_b3d9ff66.jpg,Tomato___Late_blight
img_12175158.jpg,Tomato___Leaf_Mold
img_cba97fc0.jpg,Cherry_(including_sour)___healthy
img_e1757609.jpg,Peach___healthy
img_ed4908ab.jpg,Tomato___Bacterial_spot
img_649632d5.jpg,Grape___Leaf_blight_(Isariopsis_Leaf_Spot)
img_09ec13e9.jpg,Peach___Bacterial_spot
img_e283babb.jpg,Tomato___healthy
img_11111e52.jpg,Soybean___healthy
img_54a06edf.jpg,Apple___Black_rot
img_019feb40.jpg,Apple___Black_rot
img_bbf9bd24.jpg,Tomato___Late_blight
img_4f36805e.jpg,Corn_(maize)___Northern_Leaf_Blight
img_e3bb43c1.jpg,Apple___healthy
img_bf8fa223.jpg,Orange___Haunglongbing_(Citrus_greening)
img_ae817df2.jpg,Orange___Haunglongbing_(Citrus_greening)
img_50ead714.jpg,Soybean___healthy
img_a0c6cf7f.jpg,Squash___Powdery_mildew
img_131dc248.jpg,Blueberry___healthy
img_2741a15f.jpg,Corn_(maize)___Common_rust_
img_055fba0c.jpg,Tomato___Bacterial_spot
img_9d9fb7fb.jpg,Grape___Leaf_blight_(Isariopsis_Leaf_Spot)
img_9dae0cd8.jpg,Potato___Early_blight
img_6600be37.jpg,Tomato___Septoria_leaf_spot
img_f5d182c9.jpg,Tomato___Tomato_Yellow_Leaf_Curl_Virus
img_1a1f2e09.jpg,Soybean___healthy
img_a9bd4485.jpg,Orange___Haunglongbing_(Citrus_greening)
img_0974e88f.jpg,Corn_(maize)___healthy
img_95fe0d9a.jpg,Grape___Black_rot
img_d5f179fe.jpg,Soybean___healthy
img_6c2330be.jpg,Tomato___Bacterial_spot
img_5646126a.jpg,Tomato___Bacterial_spot
img_d97bf948.jpg,Apple___Apple_scab
img_e901314a.jpg,"Pepper,_bell___healthy"
img_9c669d52.jpg,Orange___Haunglongbing_(Citrus_greening)
img_cc108000.jpg,Tomato___Tomato_Yellow_Leaf_Curl_Virus
img_5fdd611d.jpg,Tomato___Target_Spot
img_198c29cb.jpg,Tomato___Tomato_Yellow_Leaf_Curl_Virus
img_517889da.jpg,Apple___Cedar_apple_rust
img_4e41d0f5.jpg,Tomato___Tomato_Yellow_Leaf_Curl_Virus
img_3a0d42d2.jpg,Squash___Powdery_mildew
img_8c610b0c.jpg,Orange___Haunglongbing_(Citrus_greening)
img_aa1276c3.jpg,Tomato___Septoria_leaf_spot
img_e0fdabca.jpg,Grape___Esca_(Black_Measles)
img_ce2516d5.jpg,Soybean___healthy
img_eeeb0ef0.jpg,Orange___Haunglongbing_(Citrus_greening)
img_ec824cf3.jpg,Potato___Early_blight
img_2b4b30fc.jpg,Orange___Haunglongbing_(Citrus_greening)
img_598df936.jpg,Peach___Bacterial_spot
img_a6f8da7a.jpg,Potato___Early_blight
img_5764d407.jpg,Potato___Early_blight
img_69f1721b.jpg,Corn_(maize)___Northern_Leaf_Blight
img_25afac85.jpg,Blueberry___healthy
img_7518ba01.jpg,Soybean___healthy
img_55c5613c.jpg,Peach___Bacterial_spot
img_ee7d6852.jpg,Strawberry___Leaf_scorch
img_0517f12f.jpg,Strawberry___Leaf_scorch
img_75286b78.jpg,Corn_(maize)___Northern_Leaf_Blight
img_d5be8145.jpg,Corn_(maize)___Northern_Leaf_Blight
img_fc3c57dc.jpg,Tomato___Septoria_leaf_spot
img_d6257906.jpg,Tomato___Spider_mites Two-spotted_spider_mite
img_4bda6112.jpg,Orange___Haunglongbing_(Citrus_greening)
img_4895fe53.jpg,Orange___Haunglongbing_(Citrus_greening)
img_6944aef4.jpg,Corn_(maize)___Common_rust_
img_3fe6b0e1.jpg,Cherry_(including_sour)___healthy
img_0459675d.jpg,Orange___Haunglongbing_(Citrus_greening)
img_0f85df49.jpg,Grape___Leaf_blight_(Isariopsis_Leaf_Spot)
img_5474415a.jpg,Tomato___Tomato_Yellow_Leaf_Curl_Virus
img_de159e96.jpg,Squash___Powdery_mildew
img_b422f183.jpg,Orange___Haunglongbing_(Citrus_greening)
img_43e073c9.jpg,Squash___Powdery_mildew
img_13b08f8b.jpg,Tomato___Bacterial_spot
img_ca1c496e.jpg,Grape___Black_rot
img_6eff580b.jpg,Potato___Late_blight
img_ed2c395e.jpg,Tomato___Bacterial_spot
img_f6e2d56e.jpg,Tomato___Septoria_leaf_spot
img_88e92c64.jpg,Tomato___Tomato_Yellow_Leaf_Curl_Virus
img_0e92ce6e.jpg,Apple___Black_rot
img_487a24be.jpg,Tomato___Bacterial_spot
img_ec2fbbd5.jpg,Tomato___Late_blight
img_be0076f8.jpg,Potato___Late_blight
img_76b7fa8e.jpg,Orange___Haunglongbing_(Citrus_greening)
img_f48ef018.jpg,Blueberry___healthy
img_d9e73250.jpg,Potato___Late_blight
img_45da063c.jpg,Peach___Bacterial_spot
img_585746bd.jpg,Grape___Esca_(Black_Measles)
img_585a4966.jpg,Orange___Haunglongbing_(Citrus_greening)
img_0a76998f.jpg,Tomato___Target_Spot
img_3d652a34.jpg,Apple___healthy
img_7f818811.jpg,Tomato___Tomato_Yellow_Leaf_Curl_Virus
img_8747b9a0.jpg,Squash___Powdery_mildew
img_0c1aef18.jpg,Tomato___healthy
img_2fa026fe.jpg,Tomato___Tomato_Yellow_Leaf_Curl_Virus
img_cc356d89.jpg,Tomato___Bacterial_spot
img_304661a1.jpg,Grape___Leaf_blight_(Isariopsis_Leaf_Spot)
img_f9295bd4.jpg,Peach___Bacterial_spot
img_c21ba139.jpg,Tomato___Late_blight
img_a70889ad.jpg,Strawberry___Leaf_scorch
img_da75e7d3.jpg,Corn_(maize)___Cercospora_leaf_spot Gray_leaf_spot
img_4f0af346.jpg,Blueberry___healthy
img_ef0839bc.jpg,Apple___healthy
img_355faf8e.jpg,Corn_(maize)___Common_rust_
img_d31eb55c.jpg,Soybean___healthy
img_c76a721e.jpg,Soybean___healthy
img_466b092f.jpg,Tomato___Tomato_Yellow_Leaf_Curl_Virus
img_30a4a308.jpg,Soybean___healthy
img_1461b23b.jpg,Soybean___healthy
img_31da1940.jpg,Tomato___Early_blight
img_6b82decd.jpg,"Pepper,_bell___healthy"
img_6f3d7e6d.jpg,Grape___healthy
img_1cccf4ee.jpg,Tomato___Late_blight
img_bcb58001.jpg,Soybean___healthy
img_7d8b0acd.jpg,Tomato___Leaf_Mold
img_c09753f3.jpg,Grape___Esca_(Black_Measles)
img_6c2387ff.jpg,Tomato___Bacterial_spot
img_76a81357.jpg,Blueberry___healthy
img_073399c4.jpg,"Pepper,_bell___Bacterial_spot"
img_eac63f66.jpg,Peach___healthy
img_b664b73e.jpg,Tomato___Tomato_mosaic_virus
img_1adde181.jpg,Soybean___healthy
img_c3e538db.jpg,"Pepper,_bell___healthy"
img_4391d408.jpg,Orange___Haunglongbing_(Citrus_greening)
img_2a614a03.jpg,Tomato___Spider_mites Two-spotted_spider_mite
img_22072a46.jpg,"Pepper,_bell___Bacterial_spot"
img_95fd0392.jpg,Tomato___Septoria_leaf_spot
img_c3d5d1da.jpg,Orange___Haunglongbing_(Citrus_greening)
img_5382e895.jpg,Soybean___healthy
img_ab04f0a1.jpg,Tomato___Bacterial_spot
img_a9a82feb.jpg,Corn_(maize)___healthy
img_aa685862.jpg,Orange___Haunglongbing_(Citrus_greening)
img_d1956e6f.jpg,Grape___Esca_(Black_Measles)
img_69f0037a.jpg,Grape___Black_rot
img_d483440a.jpg,Squash___Powdery_mildew
img_cf178777.jpg,Tomato___Leaf_Mold
img_37f842e7.jpg,Tomato___Tomato_mosaic_virus
img_faffbc50.jpg,Squash___Powdery_mildew
img_ab233082.jpg,Tomato___Bacterial_spot
img_4ec16947.jpg,"Pepper,_bell___healthy"
img_07a13141.jpg,Peach___Bacterial_spot
img_83cadc04.jpg,Tomato___Tomato_Yellow_Leaf_Curl_Virus
img_0451ee4a.jpg,Soybean___healthy
img_c5f38c5c.jpg,Tomato___Late_blight
img_54e9aa0e.jpg,Orange___Haunglongbing_(Citrus_greening)
img_eb41b671.jpg,Corn_(maize)___Common_rust_
img_6f32d40e.jpg,Tomato___Septoria_leaf_spot
img_4b5153d5.jpg,Tomato___Tomato_Yellow_Leaf_Curl_Virus
img_be2fad1b.jpg,Tomato___Spider_mites Two-spotted_spider_mite
img_8fd2bca0.jpg,Grape___Black_rot
img_502de970.jpg,Tomato___Tomato_Yellow_Leaf_Curl_Virus
img_091ffd2f.jpg,Squash___Powdery_mildew
img_6a2b1f02.jpg,Soybean___healthy
img_82eb6f35.jpg,Orange___Haunglongbing_(Citrus_greening)
img_33bf3ad4.jpg,Tomato___Tomato_Yellow_Leaf_Curl_Virus
img_1e7d1ca7.jpg,Potato___Early_blight
img_5ee24e83.jpg,Peach___Bacterial_spot
img_4b78f816.jpg,Grape___Black_rot
img_69546e6f.jpg,Orange___Haunglongbing_(Citrus_greening)
img_130196cd.jpg,Soybean___healthy
img_70b1e03e.jpg,Soybean___healthy
img_c3e8dfec.jpg,Soybean___healthy
img_d2791fe7.jpg,Grape___healthy
img_a883d56c.jpg,Strawberry___Leaf_scorch
img_51068edd.jpg,Squash___Powdery_mildew
img_49a01e58.jpg,Peach___Bacterial_spot
img_19835d0c.jpg,Tomato___Tomato_Yellow_Leaf_Curl_Virus
img_d8af2b3a.jpg,Tomato___Tomato_Yellow_Leaf_Curl_Virus
img_fd765089.jpg,Raspberry___healthy
img_8ab2ad31.jpg,Potato___Late_blight
img_385fec44.jpg,Orange___Haunglongbing_(Citrus_greening)
img_11e153f6.jpg,Grape___Leaf_blight_(Isariopsis_Leaf_Spot)
img_634cfdb6.jpg,Tomato___Leaf_Mold
img_3ed6287a.jpg,Grape___Esca_(Black_Measles)
img_1e4a0dd5.jpg,Corn_(maize)___Northern_Leaf_Blight
img_a017b945.jpg,Tomato___Spider_mites Two-spotted_spider_mite
img_1e6c103e.jpg,Tomato___Tomato_Yellow_Leaf_Curl_Virus
img_0fd43a5d.jpg,Tomato___Late_blight
img_6bfafbf8.jpg,Tomato___Spider_mites Two-spotted_spider_mite
img_288d3661.jpg,Potato___Early_blight
img_5d742846.jpg,Orange___Haunglongbing_(Citrus_greening)
img_39d2b749.jpg,Tomato___Tomato_Yellow_Leaf_Curl_Virus
img_0d8e1a4d.jpg,"Pepper,_bell___healthy"
img_d17c1d10.jpg,Orange___Haunglongbing_(Citrus_greening)
img_f2a5a27d.jpg,Grape___Black_rot
img_5ff6999f.jpg,Tomato___healthy
img_429084bf.jpg,Tomato___Tomato_Yellow_Leaf_Curl_Virus
img_708de461.jpg,Soybean___healthy
img_942f2944.jpg,Cherry_(including_sour)___Powdery_mildew
img_4991da82.jpg,Potato___Late_blight
img_09dc5493.jpg,Strawberry___Leaf_scorch
img_d00c8e0f.jpg,Tomato___Tomato_Yellow_Leaf_Curl_Virus
img_27a46a2b.jpg,Grape___Leaf_blight_(Isariopsis_Leaf_Spot)
img_e3fc1106.jpg,Strawberry___healthy
img_9e8ad54d.jpg,Orange___Haunglongbing_(Citrus_greening)
img_a4b7b0e7.jpg,Peach___healthy
img_0223fbcb.jpg,Tomato___Tomato_Yellow_Leaf_Curl_Virus
img_1a796bfb.jpg,Peach___Bacterial_spot
img_c649ff3d.jpg,Grape___Leaf_blight_(Isariopsis_Leaf_Spot)
img_e8a4a01f.jpg,Tomato___healthy
img_425d7e4a.jpg,Tomato___Early_blight
img_d1bfe07a.jpg,Orange___Haunglongbing_(Citrus_greening)
img_8bb70790.jpg,"Pepper,_bell___Bacterial_spot"
img_1884cc37.jpg,Grape___Esca_(Black_Measles)
img_0d85cee6.jpg,Tomato___Septoria_leaf_spot
img_438ac9a5.jpg,Soybean___healthy
img_a6b00482.jpg,Soybean___healthy
img_585807c8.jpg,Squash___Powdery_mildew
img_cb0af0e8.jpg,Soybean___healthy
img_fd7f6dd8.jpg,Grape___Black_rot
img_f3435f94.jpg,Orange___Haunglongbing_(Citrus_greening)
img_a7360d0f.jpg,Soybean___healthy
img_9c265fae.jpg,Grape___Black_rot
img_e2795662.jpg,Tomato___healthy
img_3bdc3bc1.jpg,Tomato___Tomato_mosaic_virus
img_a2282f66.jpg,Soybean___healthy
img_2a1ca6e8.jpg,Cherry_(including_sour)___Powdery_mildew
img_05088ff3.jpg,Apple___healthy
img_4e12bdfd.jpg,Soybean___healthy
img_2437be37.jpg,Soybean___healthy
img_430defb7.jpg,Squash___Powdery_mildew
img_2bf029f1.jpg,Blueberry___healthy
img_f2dd9dd6.jpg,Potato___Late_blight
img_9bff97bb.jpg,Apple___Apple_scab
img_5d912101.jpg,Blueberry___healthy
img_74ede686.jpg,Corn_(maize)___Northern_Leaf_Blight
img_3a0ddae4.jpg,Peach___Bacterial_spot
img_706d2990.jpg,Grape___Esca_(Black_Measles)
img_699bba2c.jpg,Tomato___Late_blight
img_cc16c2a4.jpg,Tomato___Tomato_Yellow_Leaf_Curl_Virus
img_53bdc01d.jpg,Orange___Haunglongbing_(Citrus_greening)
img_7ba0b0f0.jpg,Soybean___healthy
img_742cca2a.jpg,Apple___healthy
img_605c5e8e.jpg,Orange___Haunglongbing_(Citrus_greening)
img_c95b71ae.jpg,Tomato___healthy
img_8412cb81.jpg,Cherry_(including_sour)___healthy
img_bb80565c.jpg,Tomato___Tomato_Yellow_Leaf_Curl_Virus
img_f31baeaf.jpg,Apple___Black_rot
img_427be6b9.jpg,Tomato___Tomato_Yellow_Leaf_Curl_Virus
img_6101b910.jpg,Tomato___Late_blight
img_b6570dd4.jpg,Tomato___Target_Spot
img_f2e6fe92.jpg,Soybean___healthy
img_83da5fbe.jpg,Soybean___healthy
img_41c39868.jpg,Tomato___Septoria_leaf_spot
img_f83db054.jpg,Orange___Haunglongbing_(Citrus_greening)
img_c03032e6.jpg,Soybean___healthy
img_08da2a52.jpg,Potato___Early_blight
img_0da6f404.jpg,Orange___Haunglongbing_(Citrus_greening)
img_b88ac9e8.jpg,"Pepper,_bell___healthy"
img_295c9a26.jpg,Tomato___Septoria_leaf_spot
img_07e9b955.jpg,Squash___Powdery_mildew
img_095b7a95.jpg,Tomato___Tomato_Yellow_Leaf_Curl_Virus
img_52224dc2.jpg,Tomato___Late_blight
img_b8d0b7e3.jpg,Tomato___Leaf_Mold
img_d4ffe699.jpg,Tomato___healthy
img_b68092f6.jpg,Strawberry___Leaf_scorch
img_c1a7b34b.jpg,Orange___Haunglongbing_(Citrus_greening)
img_830986ba.jpg,Tomato___Tomato_Yellow_Leaf_Curl_Virus
img_28320b5e.jpg,"Pepper,_bell___healthy"
img_97571e3f.jpg,Apple___healthy
img_274a942e.jpg,Tomato___Spider_mites Two-spotted_spider_mite
img_c6c162ff.jpg,Corn_(maize)___healthy
img_a1e4ae69.jpg,Tomato___Bacterial_spot
img_7b4b05f3.jpg,Corn_(maize)___Common_rust_
img_9cf39043.jpg,Orange___Haunglongbing_(Citrus_greening)
img_aa299ccb.jpg,Tomato___Tomato_mosaic_virus
img_f331f3ea.jpg,Potato___Early_blight
img_55eb9e69.jpg,Grape___Leaf_blight_(Isariopsis_Leaf_Spot)
img_a47c1c8e.jpg,Tomato___Tomato_Yellow_Leaf_Curl_Virus
img_a823930d.jpg,Tomato___Tomato_Yellow_Leaf_Curl_Virus
img_6ef53d9f.jpg,Peach___Bacterial_spot
img_35fc1787.jpg,Peach___Bacterial_spot
img_fbc2a2fb.jpg,Orange___Haunglongbing_(Citrus_greening)
img_1a36c169.jpg,Cherry_(including_sour)___Powdery_mildew
img_b5bfbcc0.jpg,"Pepper,_bell___Bacterial_spot"
img_e54447dc.jpg,Soybean___healthy
img_9f36af62.jpg,Tomato___healthy
img_150e5e92.jpg,Corn_(maize)___Common_rust_
img_bcdbd63c.jpg,Apple___Black_rot
img_028c914e.jpg,Potato___healthy
img_8c8ac172.jpg,Grape___Black_rot
img_93d45d1d.jpg,Apple___Apple_scab
img_1aae2e7f.jpg,Tomato___Target_Spot
img_3c686a28.jpg,Corn_(maize)___healthy
img_8e17aba4.jpg,Cherry_(including_sour)___healthy
img_2912c447.jpg,Grape___Leaf_blight_(Isariopsis_Leaf_Spot)
img_a3254012.jpg,Grape___Black_rot
img_9a79ce75.jpg,Tomato___Target_Spot
img_0d2dd4af.jpg,Orange___Haunglongbing_(Citrus_greening)
img_fd2f598f.jpg,Cherry_(including_sour)___Powdery_mildew
img_edc12140.jpg,Corn_(maize)___Northern_Leaf_Blight
img_43b3c6a0.jpg,Tomato___Bacterial_spot
img_16d31ed4.jpg,Tomato___Spider_mites Two-spotted_spider_mite
img_34568541.jpg,Tomato___Early_blight
img_5ac4c92f.jpg,Tomato___Tomato_Yellow_Leaf_Curl_Virus
img_ba7ae188.jpg,Apple___healthy
img_72baca2c.jpg,Orange___Haunglongbing_(Citrus_greening)
img_22c54d97.jpg,Tomato___Tomato_Yellow_Leaf_Curl_Virus
img_4f29b4dd.jpg,Raspberry___healthy
img_e5941923.jpg,Blueberry___healthy
img_ce5cf1c3.jpg,"Pepper,_bell___healthy"
img_6ff05c46.jpg,Tomato___healthy
img_58cd5cc6.jpg,Soybean___healthy
img_021ce5cb.jpg,Soybean___healthy
img_395f956e.jpg,Soybean___healthy
img_07590948.jpg,"Pepper,_bell___healthy"
img_dfb2d06f.jpg,Potato___Early_blight
img_9f433020.jpg,Tomato___Spider_mites Two-spotted_spider_mite
img_86cbf40c.jpg,Tomato___Tomato_Yellow_Leaf_Curl_Virus
img_5e88078f.jpg,Blueberry___healthy
img_e83d64ca.jpg,Tomato___Tomato_Yellow_Leaf_Curl_Virus
img_b5fad5f9.jpg,Potato___Late_blight
img_0898c6c6.jpg,Corn_(maize)___Northern_Leaf_Blight
img_76926a6a.jpg,Tomato___Early_blight
img_a754d5a4.jpg,Orange___Haunglongbing_(Citrus_greening)
img_ba81905a.jpg,Grape___Esca_(Black_Measles)
img_68a01f7f.jpg,Corn_(maize)___Northern_Leaf_Blight
img_384e6961.jpg,Tomato___Septoria_leaf_spot
img_69400b37.jpg,Strawberry___Leaf_scorch
img_64def43f.jpg,"Pepper,_bell___Bacterial_spot"
img_1c3531b8.jpg,Tomato___Late_blight
img_099ea9ea.jpg,Peach___Bacterial_spot
img_02dc8ee3.jpg,Blueberry___healthy
img_c5453eac.jpg,Orange___Haunglongbing_(Citrus_greening)
img_20dd0930.jpg,Potato___Late_blight
img_68974379.jpg,Corn_(maize)___Common_rust_
img_0d634f2a.jpg,Tomato___Leaf_Mold
img_ad810ae9.jpg,Corn_(maize)___Northern_Leaf_Blight
img_5a5248c5.jpg,Orange___Haunglongbing_(Citrus_greening)
img_20ea8ca5.jpg,Tomato___Septoria_leaf_spot
img_08e4014c.jpg,Tomato___healthy
img_51fe6700.jpg,Tomato___Bacterial_spot
img_88e05422.jpg,Tomato___Late_blight
img_aafe1b47.jpg,Tomato___Septoria_leaf_spot
img_b7651259.jpg,Tomato___Septoria_leaf_spot
img_e64eb626.jpg,Peach___Bacterial_spot
img_b56809be.jpg,Apple___Black_rot
img_831b9fd6.jpg,"Pepper,_bell___Bacterial_spot"
img_976d300e.jpg,Tomato___healthy
img_b3a4687e.jpg,Soybean___healthy
img_08fcd803.jpg,Potato___Late_blight
img_9adf3824.jpg,Soybean___healthy
img_a846eff1.jpg,"Pepper,_bell___healthy"
img_6fd996c0.jpg,Tomato___Tomato_Yellow_Leaf_Curl_Virus
img_670c0a78.jpg,Tomato___Tomato_Yellow_Leaf_Curl_Virus
img_89401467.jpg,Tomato___Early_blight
img_67015029.jpg,Tomato___Tomato_Yellow_Leaf_Curl_Virus
img_1c0ab5d2.jpg,Orange___Haunglongbing_(Citrus_greening)
img_272ca623.jpg,Orange___Haunglongbing_(Citrus_greening)
img_4b8eb0a0.jpg,Grape___Esca_(Black_Measles)
img_c1b912c0.jpg,Orange___Haunglongbing_(Citrus_greening)
img_4ce8661a.jpg,Tomato___Spider_mites Two-spotted_spider_mite
img_38a1b986.jpg,Cherry_(including_sour)___Powdery_mildew
img_d656cc70.jpg,Apple___Apple_scab
img_92e9b744.jpg,Tomato___Early_blight
img_3557d7bb.jpg,Soybean___healthy
img_0679f386.jpg,Squash___Powdery_mildew
img_92e6e9e4.jpg,Cherry_(including_sour)___Powdery_mildew
img_f62a56ce.jpg,Tomato___healthy
img_fa493a68.jpg,Soybean___healthy
img_64b39df3.jpg,Grape___Black_rot
img_7af59cf4.jpg,"Pepper,_bell___healthy"
img_ea73f639.jpg,Apple___healthy
img_a3860715.jpg,Tomato___Tomato_Yellow_Leaf_Curl_Virus
img_cbd2883d.jpg,Tomato___Target_Spot
img_66bbf5b4.jpg,Grape___Esca_(Black_Measles)
img_d8d8f8e8.jpg,Cherry_(including_sour)___Powdery_mildew
img_85b69ce6.jpg,Corn_(maize)___Cercospora_leaf_spot Gray_leaf_spot
img_3beacdc6.jpg,Squash___Powdery_mildew
img_65d353ec.jpg,Tomato___Tomato_Yellow_Leaf_Curl_Virus
img_67444774.jpg,Cherry_(including_sour)___Powdery_mildew
img_19f046b1.jpg,Soybean___healthy
img_b5129beb.jpg,Cherry_(including_sour)___Powdery_mildew
img_d6b9eaa2.jpg,Tomato___Early_blight
img_a1b67725.jpg,Grape___Black_rot
img_e9d2619c.jpg,Tomato___Bacterial_spot
img_a4aa1227.jpg,Tomato___Early_blight
img_061f7341.jpg,Soybean___healthy
img_9c4b3acf.jpg,Grape___Black_rot
img_8c8480f3.jpg,Soybean___healthy
img_4a63c15c.jpg,Tomato___Late_blight
img_03377709.jpg,Tomato___Tomato_Yellow_Leaf_Curl_Virus
img_23451673.jpg,Blueberry___healthy
img_c41f3e26.jpg,"Pepper,_bell___Bacterial_spot"
img_c38c7ef4.jpg,"Pepper,_bell___healthy"
img_4390b8f5.jpg,Cherry_(including_sour)___Powdery_mildew
img_4b7f8000.jpg,Orange___Haunglongbing_(Citrus_greening)
img_1bb763df.jpg,Corn_(maize)___Cercospora_leaf_spot Gray_leaf_spot
img_a9bddc7f.jpg,Soybean___healthy
img_e87d4aab.jpg,Grape___Leaf_blight_(Isariopsis_Leaf_Spot)
img_81fea5f8.jpg,Grape___Esca_(Black_Measles)
img_586a532a.jpg,Potato___Late_blight
img_f8579b89.jpg,Corn_(maize)___Cercospora_leaf_spot Gray_leaf_spot
img_e56617a1.jpg,Tomato___Spider_mites Two-spotted_spider_mite
img_84bc5b41.jpg,Tomato___Late_blight
img_0b98266d.jpg,Corn_(maize)___healthy
img_66721f15.jpg,Apple___Apple_scab
img_15e9f6e7.jpg,Tomato___Spider_mites Two-spotted_spider_mite
img_0eac939a.jpg,Corn_(maize)___healthy
img_8b44c170.jpg,Peach___healthy
img_f513727b.jpg,Tomato___Tomato_Yellow_Leaf_Curl_Virus
img_04ddd2a9.jpg,Soybean___healthy
img_fc525e18.jpg,"Pepper,_bell___Bacterial_spot"
img_e0422c68.jpg,Apple___healthy
img_03b90ee6.jpg,Tomato___Septoria_leaf_spot
img_ae257897.jpg,Orange___Haunglongbing_(Citrus_greening)
img_03da0f48.jpg,Soybean___healthy
img_94c50578.jpg,Soybean___healthy
img_da2345c6.jpg,Tomato___Tomato_Yellow_Leaf_Curl_Virus
img_2cecb772.jpg,Orange___Haunglongbing_(Citrus_greening)
img_00bf1d7d.jpg,Tomato___Tomato_Yellow_Leaf_Curl_Virus
img_11fd4b35.jpg,Grape___Black_rot
img_ed0fb14c.jpg,Potato___Late_blight
img_750f40c4.jpg,Tomato___Bacterial_spot
img_66bad8ed.jpg,Tomato___Spider_mites Two-spotted_spider_mite
img_973b9d80.jpg,"Pepper,_bell___Bacterial_spot"
img_8207fb87.jpg,Peach___Bacterial_spot
img_efed6e03.jpg,Apple___Black_rot
img_74bfaab3.jpg,Strawberry___Leaf_scorch
img_51303356.jpg,Blueberry___healthy
img_3b899fdd.jpg,Tomato___Spider_mites Two-spotted_spider_mite
img_c763f194.jpg,Orange___Haunglongbing_(Citrus_greening)
img_6d82ebe9.jpg,Corn_(maize)___healthy
img_c3d8146c.jpg,Tomato___Tomato_Yellow_Leaf_Curl_Virus
img_32478938.jpg,Blueberry___healthy
img_a5393fef.jpg,Squash___Powdery_mildew
img_10445a3e.jpg,Tomato___Tomato_Yellow_Leaf_Curl_Virus
img_c58ee60a.jpg,Soybean___healthy
img_ede43174.jpg,Corn_(maize)___Cercospora_leaf_spot Gray_leaf_spot
img_a750231a.jpg,Soybean___healthy
img_f04a9639.jpg,Potato___healthy
img_a8d304e5.jpg,Grape___Black_rot
img_bacc23bd.jpg,Soybean___healthy
img_97fdb160.jpg,Soybean___healthy
img_06c2fef2.jpg,Peach___Bacterial_spot
img_2d7cafb3.jpg,Orange___Haunglongbing_(Citrus_greening)
img_4ebd7f86.jpg,Peach___Bacterial_spot
img_b48dfd64.jpg,"Pepper,_bell___healthy"
img_d1917521.jpg,Blueberry___healthy
img_9c46dc35.jpg,Tomato___Spider_mites Two-spotted_spider_mite
img_a5e74025.jpg,Orange___Haunglongbing_(Citrus_greening)
img_e5929c9d.jpg,Cherry_(including_sour)___healthy
img_7940ce0a.jpg,Tomato___Septoria_leaf_spot
img_78125038.jpg,Blueberry___healthy
img_bef378a3.jpg,Squash___Powdery_mildew
img_c9a003ce.jpg,Strawberry___Leaf_scorch
img_63d5bca6.jpg,Tomato___Spider_mites Two-spotted_spider_mite
img_0fb2a6ef.jpg,Strawberry___Leaf_scorch
img_b0787fe0.jpg,Tomato___Bacterial_spot
img_cf24d677.jpg,Soybean___healthy
img_5536d78d.jpg,Grape___Leaf_blight_(Isariopsis_Leaf_Spot)
img_89dcd169.jpg,Grape___Esca_(Black_Measles)
img_1f0aa6ad.jpg,Corn_(maize)___Northern_Leaf_Blight
img_7e6bca35.jpg,Tomato___Tomato_Yellow_Leaf_Curl_Virus
img_6956a307.jpg,Tomato___Late_blight
img_5248031a.jpg,Tomato___Tomato_Yellow_Leaf_Curl_Virus
img_478b343f.jpg,Tomato___Spider_mites Two-spotted_spider_mite
img_1dafe87a.jpg,Squash___Powdery_mildew
img_cdb440b0.jpg,Blueberry___healthy
img_b201cd33.jpg,Tomato___Tomato_Yellow_Leaf_Curl_Virus
img_114e8d55.jpg,Tomato___Late_blight
img_9fc56848.jpg,Potato___Early_blight
img_9bf3a000.jpg,Corn_(maize)___Common_rust_
img_6be433ca.jpg,other
img_71f30a4a.jpg,Potato___Late_blight
img_99784162.jpg,Tomato___Tomato_Yellow_Leaf_Curl_Virus
img_604ff8e6.jpg,Soybean___healthy
img_8ea768a7.jpg,Tomato___Spider_mites Two-spotted_spider_mite
img_957a74ad.jpg,Squash___Powdery_mildew
img_f6804fd9.jpg,Blueberry___healthy
img_10435970.jpg,Grape___Leaf_blight_(Isariopsis_Leaf_Spot)
img_4ea92f29.jpg,Tomato___Tomato_Yellow_Leaf_Curl_Virus
img_d7b406fb.jpg,Tomato___Tomato_Yellow_Leaf_Curl_Virus
img_01afe9ed.jpg,Soybean___healthy
img_c125d7c5.jpg,Corn_(maize)___Northern_Leaf_Blight
img_f1950983.jpg,"Pepper,_bell___Bacterial_spot"
img_9ec6840d.jpg,Corn_(maize)___Common_rust_
img_293704c7.jpg,Grape___Black_rot
img_35ce3724.jpg,"Pepper,_bell___healthy"
img_ea418711.jpg,Tomato___healthy
img_bdde70ee.jpg,Peach___Bacterial_spot
img_fb81f39a.jpg,Tomato___Bacterial_spot
img_2d04a056.jpg,Corn_(maize)___Northern_Leaf_Blight
img_0ec5fc1f.jpg,Blueberry___healthy
img_ccae9946.jpg,Tomato___Late_blight
img_c37ae547.jpg,Cherry_(including_sour)___Powdery_mildew
img_88c2dfb4.jpg,Tomato___Late_blight
img_b206ee2a.jpg,Tomato___Tomato_Yellow_Leaf_Curl_Virus
img_a225ef40.jpg,Tomato___Late_blight
img_5ae4fed5.jpg,Squash___Powdery_mildew
img_dab4d1c3.jpg,Tomato___Spider_mites Two-spotted_spider_mite
img_4a6587d3.jpg,Potato___Late_blight
img_28104f47.jpg,Grape___healthy
img_4746f72e.jpg,Grape___Leaf_blight_(Isariopsis_Leaf_Spot)
img_a4768f85.jpg,Strawberry___Leaf_scorch
img_e52615b0.jpg,Tomato___healthy
img_133c0d2b.jpg,Corn_(maize)___Northern_Leaf_Blight
img_347c0457.jpg,Potato___Late_blight
img_5713dfba.jpg,Grape___Black_rot
img_4edebc00.jpg,Orange___Haunglongbing_(Citrus_greening)
img_77f029e0.jpg,Orange___Haunglongbing_(Citrus_greening)
img_15fede31.jpg,Soybean___healthy
img_d572b83d.jpg,Tomato___Early_blight
img_f9639eaf.jpg,Grape___Esca_(Black_Measles)
img_ccfc9247.jpg,Grape___Esca_(Black_Measles)
img_e0c268f9.jpg,Tomato___Target_Spot
img_f0a52058.jpg,Soybean___healthy
img_dc484046.jpg,Orange___Haunglongbing_(Citrus_greening)
img_52afc577.jpg,Strawberry___Leaf_scorch
img_941df793.jpg,Tomato___Tomato_Yellow_Leaf_Curl_Virus
img_6b7f9c6d.jpg,Tomato___Septoria_leaf_spot
img_130b09f4.jpg,Tomato___Late_blight
img_4c2a3abf.jpg,"Pepper,_bell___healthy"
img_be6a5bca.jpg,"Pepper,_bell___Bacterial_spot"
img_7be0b1e6.jpg,Tomato___Tomato_Yellow_Leaf_Curl_Virus
img_552718b6.jpg,Tomato___Tomato_Yellow_Leaf_Curl_Virus
img_84593391.jpg,Soybean___healthy
img_56b4b663.jpg,Tomato___Tomato_Yellow_Leaf_Curl_Virus
img_caf3e111.jpg,Tomato___Leaf_Mold
img_e309e97e.jpg,Tomato___Septoria_leaf_spot
img_a4db7bcb.jpg,Tomato___Tomato_Yellow_Leaf_Curl_Virus
img_f5cbf143.jpg,Blueberry___healthy
img_b056c79f.jpg,Potato___Late_blight
img_c7827125.jpg,Tomato___Bacterial_spot
img_d71f9e3f.jpg,Orange___Haunglongbing_(Citrus_greening)
img_e274b1c3.jpg,Orange___Haunglongbing_(Citrus_greening)
img_696cbc82.jpg,Tomato___Tomato_Yellow_Leaf_Curl_Virus
img_9eb70a88.jpg,Peach___Bacterial_spot
img_8c556b1a.jpg,Orange___Haunglongbing_(Citrus_greening)
img_42117517.jpg,Soybean___healthy
img_b5af5cbe.jpg,Tomato___Tomato_Yellow_Leaf_Curl_Virus
img_86d8b39b.jpg,Corn_(maize)___Cercospora_leaf_spot Gray_leaf_spot
img_ffb24144.jpg,Soybean___healthy
img_16a22354.jpg,Apple___healthy
img_79834194.jpg,Squash___Powdery_mildew
img_f0ff9e30.jpg,Strawberry___Leaf_scorch
img_29408c9e.jpg,"Pepper,_bell___Bacterial_spot"
img_bad22239.jpg,Soybean___healthy
img_03493e8b.jpg,Soybean___healthy
img_1bbfcc43.jpg,Cherry_(including_sour)___Powdery_mildew
img_2432f376.jpg,Tomato___Tomato_Yellow_Leaf_Curl_Virus
img_a83d3f23.jpg,Corn_(maize)___Common_rust_
img_7b078d8f.jpg,Grape___healthy
img_759e7adf.jpg,Tomato___Tomato_Yellow_Leaf_Curl_Virus
img_0967ad50.jpg,Apple___healthy
img_102a25ed.jpg,Orange___Haunglongbing_(Citrus_greening)
img_72c37e4c.jpg,Tomato___Septoria_leaf_spot
img_c2de9c44.jpg,Blueberry___healthy
img_2c623a8f.jpg,Tomato___healthy
img_b6c0457a.jpg,Apple___healthy
img_3c62e8c7.jpg,Tomato___Leaf_Mold
img_e79ebacd.jpg,Tomato___Bacterial_spot
img_871273ba.jpg,Soybean___healthy
img_abb2d822.jpg,Grape___Esca_(Black_Measles)
img_33c23e83.jpg,Strawberry___Leaf_scorch
img_e0dbb524.jpg,Tomato___Target_Spot
img_ea01eba5.jpg,Grape___Esca_(Black_Measles)
img_9b114c75.jpg,Soybean___healthy
img_3bf45acf.jpg,Soybean___healthy
img_662c4651.jpg,"Pepper,_bell___Bacterial_spot"
img_de5045e4.jpg,Tomato___Bacterial_spot
img_97846656.jpg,Potato___Late_blight
img_37c76e54.jpg,Tomato___Leaf_Mold
img_b66dbf42.jpg,Tomato___Tomato_Yellow_Leaf_Curl_Virus
img_1e34cc96.jpg,Tomato___Bacterial_spot
img_c54af8ec.jpg,Tomato___Target_Spot
img_246befed.jpg,"Pepper,_bell___healthy"
img_839aa4a1.jpg,Grape___healthy
img_974b897c.jpg,Tomato___Late_blight
img_21e29d19.jpg,Strawberry___healthy
img_505cccfd.jpg,Soybean___healthy
img_8973a7bb.jpg,Orange___Haunglongbing_(Citrus_greening)
img_006cae88.jpg,Soybean___healthy
img_8bf02d5e.jpg,Grape___Leaf_blight_(Isariopsis_Leaf_Spot)
img_bd56a353.jpg,Cherry_(including_sour)___healthy
img_cb9daea6.jpg,Tomato___Tomato_Yellow_Leaf_Curl_Virus
img_7ed2a230.jpg,Tomato___Bacterial_spot
img_a71244ff.jpg,Potato___Late_blight
img_7bb66e58.jpg,Tomato___Spider_mites Two-spotted_spider_mite
img_eec02f97.jpg,Orange___Haunglongbing_(Citrus_greening)
img_5c3950c6.jpg,Grape___Esca_(Black_Measles)
img_8955572a.jpg,Tomato___Spider_mites Two-spotted_spider_mite
img_e93349eb.jpg,Corn_(maize)___healthy
img_c7669d38.jpg,Orange___Haunglongbing_(Citrus_greening)
img_f5b6cc0a.jpg,Peach___Bacterial_spot
img_1a30e1fe.jpg,Grape___Leaf_blight_(Isariopsis_Leaf_Spot)
img_95bd48c6.jpg,Tomato___Spider_mites Two-spotted_spider_mite
img_1f66aa07.jpg,Grape___Esca_(Black_Measles)
img_fa2a5d82.jpg,Corn_(maize)___Northern_Leaf_Blight
img_6c08e47f.jpg,Grape___Esca_(Black_Measles)
img_222254df.jpg,Orange___Haunglongbing_(Citrus_greening)
img_1d1074e5.jpg,Orange___Haunglongbing_(Citrus_greening)
img_34104cbe.jpg,Tomato___Bacterial_spot
img_8e6f823c.jpg,"Pepper,_bell___healthy"
img_1d216f73.jpg,Tomato___Tomato_Yellow_Leaf_Curl_Virus
img_8c1f7db2.jpg,Tomato___Tomato_mosaic_virus
img_9acd34fc.jpg,Squash___Powdery_mildew
img_69e1f38e.jpg,Corn_(maize)___Northern_Leaf_Blight
img_f0a18eee.jpg,Corn_(maize)___Common_rust_
img_a8874032.jpg,Corn_(maize)___Common_rust_
img_4d270620.jpg,Blueberry___healthy
img_5c504ab4.jpg,Tomato___Tomato_Yellow_Leaf_Curl_Virus
img_64587915.jpg,Grape___Black_rot
img_0e4f11cd.jpg,Tomato___Tomato_Yellow_Leaf_Curl_Virus
img_6ef0c2b1.jpg,Squash___Powdery_mildew
img_34db124a.jpg,Tomato___Spider_mites Two-spotted_spider_mite
img_5a3ea7a3.jpg,Corn_(maize)___Common_rust_
img_a097b51d.jpg,Orange___Haunglongbing_(Citrus_greening)
img_65b4c4f6.jpg,Potato___Late_blight
img_c13c483a.jpg,Tomato___Spider_mites Two-spotted_spider_mite
img_8ee09361.jpg,Potato___Early_blight
img_2c40a984.jpg,Blueberry___healthy
img_5bc8c622.jpg,Blueberry___healthy
img_1c32e3ca.jpg,Peach___Bacterial_spot
img_4875b601.jpg,Tomato___Target_Spot
img_3dde8e1c.jpg,Blueberry___healthy
img_64b94da3.jpg,Grape___Black_rot
img_2f136471.jpg,Tomato___healthy
img_a0b1f8d8.jpg,Tomato___Spider_mites Two-spotted_spider_mite
img_7b6d2352.jpg,Soybean___healthy
img_52a21988.jpg,Cherry_(including_sour)___Powdery_mildew
img_052c8908.jpg,Soybean___healthy
img_87042b99.jpg,Soybean___healthy
img_1461d9dd.jpg,Tomato___Spider_mites Two-spotted_spider_mite
img_20ab81c5.jpg,Raspberry___healthy
img_c64573ff.jpg,Cherry_(including_sour)___Powdery_mildew
img_127fddd5.jpg,Tomato___Tomato_Yellow_Leaf_Curl_Virus
img_5f7991cb.jpg,Strawberry___Leaf_scorch
img_5afd7b94.jpg,Blueberry___healthy
img_1ab2fc68.jpg,Tomato___Septoria_leaf_spot
img_2b3560be.jpg,Soybean___healthy
img_753072e7.jpg,Tomato___Spider_mites Two-spotted_spider_mite
img_ac3d9b69.jpg,Tomato___Leaf_Mold
img_711a8fcf.jpg,Orange___Haunglongbing_(Citrus_greening)
img_c57b42e3.jpg,Tomato___Tomato_Yellow_Leaf_Curl_Virus
img_2b842d46.jpg,Tomato___Late_blight
img_790b370a.jpg,Grape___Esca_(Black_Measles)
img_a73b375c.jpg,Cherry_(including_sour)___healthy
img_c8906e07.jpg,Tomato___Target_Spot
img_ab35e326.jpg,Tomato___Leaf_Mold
img_6fe96245.jpg,Strawberry___Leaf_scorch
img_591290cd.jpg,Apple___Apple_scab
img_e7453d6d.jpg,Potato___Early_blight
img_fa2043a9.jpg,Apple___healthy
img_35ffd84e.jpg,Apple___Cedar_apple_rust
img_713a8173.jpg,Tomato___Tomato_Yellow_Leaf_Curl_Virus
img_1f210f2b.jpg,Tomato___Septoria_leaf_spot
img_2c911328.jpg,Grape___Black_rot
img_8551d9a1.jpg,Orange___Haunglongbing_(Citrus_greening)
img_6fe99931.jpg,"Pepper,_bell___healthy"
img_9c5caae5.jpg,Tomato___Tomato_Yellow_Leaf_Curl_Virus
img_51ee2862.jpg,Tomato___Early_blight
img_77d46660.jpg,Cherry_(including_sour)___Powdery_mildew
img_dac6a062.jpg,Tomato___Target_Spot
img_14177cda.jpg,Peach___Bacterial_spot
img_3212a472.jpg,Tomato___Target_Spot
img_e9cdaaf9.jpg,Tomato___Bacterial_spot
img_5b774ba2.jpg,Tomato___Tomato_Yellow_Leaf_Curl_Virus
img_82dedeb6.jpg,Tomato___Tomato_Yellow_Leaf_Curl_Virus
img_000cd3f8.jpg,Tomato___Bacterial_spot
img_a892c6ff.jpg,Tomato___Tomato_Yellow_Leaf_Curl_Virus
img_9ce223b2.jpg,Corn_(maize)___Northern_Leaf_Blight
img_d48adf7f.jpg,"Pepper,_bell___healthy"
img_c95fc91d.jpg,Tomato___Tomato_Yellow_Leaf_Curl_Virus
img_14601fb2.jpg,Strawberry___Leaf_scorch
img_00220d65.jpg,Apple___healthy
img_cc97340a.jpg,Apple___healthy
img_7c115611.jpg,Squash___Powdery_mildew
img_d9c601a6.jpg,Corn_(maize)___Northern_Leaf_Blight
img_1fb6f371.jpg,Soybean___healthy
img_dc3353ae.jpg,Orange___Haunglongbing_(Citrus_greening)
img_7f7cd95c.jpg,Tomato___Late_blight
img_d4496ed9.jpg,Peach___Bacterial_spot
img_9de6ca91.jpg,Tomato___Spider_mites Two-spotted_spider_mite
img_029e036f.jpg,Grape___Leaf_blight_(Isariopsis_Leaf_Spot)
img_e401c60f.jpg,Corn_(maize)___healthy
img_6da24a82.jpg,Soybean___healthy
img_dc3b449d.jpg,Strawberry___healthy
img_4bd66e7b.jpg,Peach___healthy
img_00e8c6eb.jpg,Corn_(maize)___Common_rust_
img_86603b9a.jpg,Strawberry___Leaf_scorch
img_ef83a704.jpg,Tomato___Target_Spot
img_5e41f917.jpg,Tomato___Late_blight
img_7dfacb6b.jpg,Cherry_(including_sour)___healthy
img_39ab2915.jpg,Tomato___healthy
img_eba91f6a.jpg,"Pepper,_bell___healthy"
img_99bab22d.jpg,Strawberry___Leaf_scorch
img_40d1b043.jpg,Orange___Haunglongbing_(Citrus_greening)
img_d2f40e9d.jpg,Soybean___healthy
img_c0e0edf8.jpg,Tomato___Spider_mites Two-spotted_spider_mite
img_7c167f11.jpg,Orange___Haunglongbing_(Citrus_greening)
img_711b8985.jpg,Potato___Early_blight
img_21b553d8.jpg,Tomato___healthy
img_9cb4d619.jpg,Tomato___Target_Spot
img_2487a510.jpg,Orange___Haunglongbing_(Citrus_greening)
img_12edecc6.jpg,Squash___Powdery_mildew
img_9e0a6df7.jpg,Squash___Powdery_mildew
img_8812d895.jpg,Tomato___Target_Spot
img_1f38fe67.jpg,Cherry_(including_sour)___Powdery_mildew
img_41d47f1b.jpg,Tomato___Tomato_Yellow_Leaf_Curl_Virus
img_29203031.jpg,Tomato___Spider_mites Two-spotted_spider_mite
img_dce11f99.jpg,Corn_(maize)___Common_rust_
img_f7909aa1.jpg,Peach___Bacterial_spot
img_fd9be331.jpg,Raspberry___healthy
img_bfe00721.jpg,Tomato___Septoria_leaf_spot
img_f650c58f.jpg,Corn_(maize)___healthy
img_705babbb.jpg,Tomato___Target_Spot
img_c3237853.jpg,Tomato___Septoria_leaf_spot
img_de51d775.jpg,Tomato___Tomato_Yellow_Leaf_Curl_Virus
img_5b2eb4d6.jpg,Tomato___Late_blight
img_95d029c8.jpg,Tomato___Tomato_Yellow_Leaf_Curl_Virus
img_f3838100.jpg,Tomato___Early_blight
img_47f1bc0c.jpg,Tomato___Tomato_Yellow_Leaf_Curl_Virus
img_4a657ced.jpg,Potato___Late_blight
img_b36e8147.jpg,Squash___Powdery_mildew
img_e0345153.jpg,Blueberry___healthy
img_d297c4b4.jpg,Tomato___Spider_mites Two-spotted_spider_mite
img_724829be.jpg,Grape___Leaf_blight_(Isariopsis_Leaf_Spot)
img_ccc3d5ef.jpg,Orange___Haunglongbing_(Citrus_greening)
img_b34d5e86.jpg,Soybean___healthy
img_9bff5c9c.jpg,Tomato___Tomato_Yellow_Leaf_Curl_Virus
img_8ae1cab8.jpg,Peach___Bacterial_spot
img_c1f1df6b.jpg,Soybean___healthy
img_24d62dc7.jpg,Corn_(maize)___Northern_Leaf_Blight
img_6953a0de.jpg,Cherry_(including_sour)___Powdery_mildew
img_ff42e688.jpg,Grape___Black_rot
img_a7e84726.jpg,Tomato___Tomato_Yellow_Leaf_Curl_Virus
img_55ebab37.jpg,Tomato___Early_blight
img_1468846b.jpg,Corn_(maize)___Northern_Leaf_Blight
img_44147e8d.jpg,Grape___Leaf_blight_(Isariopsis_Leaf_Spot)
img_8cf919a9.jpg,Orange___Haunglongbing_(Citrus_greening)
img_876e9183.jpg,Orange___Haunglongbing_(Citrus_greening)
img_12c67c66.jpg,Tomato___Septoria_leaf_spot
img_e0520ca6.jpg,Cherry_(including_sour)___healthy
img_8d0a910e.jpg,Raspberry___healthy
img_9099fed8.jpg,Apple___Black_rot
img_bf5d6314.jpg,Tomato___Septoria_leaf_spot
img_d74313b7.jpg,Soybean___healthy
img_66a41043.jpg,"Pepper,_bell___Bacterial_spot"
img_769eb47c.jpg,Tomato___Bacterial_spot
img_cc1bc5fd.jpg,Tomato___Bacterial_spot
img_212bfb04.jpg,Tomato___Tomato_Yellow_Leaf_Curl_Virus
img_638f6450.jpg,Tomato___Late_blight
img_d0cc8eb9.jpg,Blueberry___healthy
img_6169d3c7.jpg,Squash___Powdery_mildew
img_8ba2b7d4.jpg,Cherry_(including_sour)___healthy
img_446e370e.jpg,Orange___Haunglongbing_(Citrus_greening)
img_b0b0cbaa.jpg,Squash___Powdery_mildew
img_2575cc32.jpg,Tomato___Tomato_Yellow_Leaf_Curl_Virus
img_5674ff1f.jpg,Corn_(maize)___Common_rust_
img_bd548aca.jpg,Corn_(maize)___Cercospora_leaf_spot Gray_leaf_spot
img_bad9ad8b.jpg,Apple___healthy
img_a11a2899.jpg,Squash___Powdery_mildew
img_6e43a582.jpg,Potato___Early_blight
img_e7caf664.jpg,Tomato___Septoria_leaf_spot
img_9b4beeea.jpg,Soybean___healthy
img_e9d61ed7.jpg,Grape___Esca_(Black_Measles)
img_86727609.jpg,Soybean___healthy
img_88550bf3.jpg,Tomato___Early_blight
img_64c75e78.jpg,Tomato___Late_blight
img_c86900ec.jpg,Tomato___Tomato_Yellow_Leaf_Curl_Virus
img_eefbafa0.jpg,Grape___Black_rot
img_58b2b232.jpg,Orange___Haunglongbing_(Citrus_greening)
img_a54411f0.jpg,Tomato___Target_Spot
img_609d3c08.jpg,Soybean___healthy
img_ac45c98c.jpg,Grape___Leaf_blight_(Isariopsis_Leaf_Spot)
img_45e276ad.jpg,Tomato___healthy
img_1b88ccdf.jpg,Apple___healthy
img_81f9d2e3.jpg,Tomato___Tomato_Yellow_Leaf_Curl_Virus
img_64be3501.jpg,Corn_(maize)___Common_rust_
img_fd9ded7a.jpg,Tomato___Target_Spot
img_b0650e6c.jpg,Tomato___Target_Spot
img_374f8961.jpg,Tomato___Early_blight
img_e19fec78.jpg,Orange___Haunglongbing_(Citrus_greening)
img_48e98ef0.jpg,Soybean___healthy
img_b56fbcfd.jpg,Tomato___Tomato_Yellow_Leaf_Curl_Virus
img_8d145823.jpg,Peach___Bacterial_spot
img_97e5c7e8.jpg,Tomato___Tomato_Yellow_Leaf_Curl_Virus
img_a34a9a9a.jpg,Corn_(maize)___Common_rust_
img_930bcdaf.jpg,Tomato___Tomato_Yellow_Leaf_Curl_Virus
img_a8cc3f03.jpg,Tomato___Bacterial_spot
img_165975a6.jpg,Strawberry___Leaf_scorch
img_d3adb423.jpg,Tomato___Septoria_leaf_spot
img_4f1d0034.jpg,Tomato___Tomato_Yellow_Leaf_Curl_Virus
img_61e76dd8.jpg,"Pepper,_bell___healthy"
img_bfea121b.jpg,Strawberry___Leaf_scorch
img_c59052b4.jpg,Grape___Black_rot
img_566ce608.jpg,Orange___Haunglongbing_(Citrus_greening)
img_063478a3.jpg,Orange___Haunglongbing_(Citrus_greening)
img_000f221b.jpg,Tomato___Septoria_leaf_spot
img_d299d153.jpg,Tomato___Tomato_Yellow_Leaf_Curl_Virus
img_09da05cf.jpg,Tomato___Tomato_Yellow_Leaf_Curl_Virus
img_7c42bf0a.jpg,Grape___Leaf_blight_(Isariopsis_Leaf_Spot)
img_6c6385a3.jpg,Tomato___Septoria_leaf_spot
img_48bea3c1.jpg,Soybean___healthy
img_e9e1b6d7.jpg,Tomato___Early_blight
img_f96b5dc2.jpg,Tomato___Tomato_Yellow_Leaf_Curl_Virus
img_ca8c9bea.jpg,Tomato___Spider_mites Two-spotted_spider_mite
img_bd042d61.jpg,Tomato___Tomato_Yellow_Leaf_Curl_Virus
img_2009076e.jpg,Tomato___Tomato_Yellow_Leaf_Curl_Virus
img_10ba4ed0.jpg,Tomato___Tomato_Yellow_Leaf_Curl_Virus
img_e598dafc.jpg,Corn_(maize)___Common_rust_
img_1d952e4d.jpg,Grape___Black_rot
img_03aa35fd.jpg,"Pepper,_bell___healthy"
img_ed1040e3.jpg,Tomato___Late_blight
img_282c7b12.jpg,Soybean___healthy
img_4d340529.jpg,Tomato___Tomato_Yellow_Leaf_Curl_Virus
img_a2620188.jpg,Potato___Late_blight
img_e4f54d97.jpg,Peach___Bacterial_spot
img_a0b0beaf.jpg,Corn_(maize)___healthy
img_497de5ab.jpg,"Pepper,_bell___Bacterial_spot"
img_2e71bbf1.jpg,Grape___Esca_(Black_Measles)
img_9cebda84.jpg,Tomato___Leaf_Mold
img_9938cf95.jpg,Corn_(maize)___Common_rust_
img_60320d77.jpg,Squash___Powdery_mildew
img_2dbd73dd.jpg,Tomato___Bacterial_spot
img_2a37ac56.jpg,Corn_(maize)___Northern_Leaf_Blight
img_f5445676.jpg,Cherry_(including_sour)___healthy
img_6e2ede0c.jpg,Potato___Early_blight
img_c70d5ac3.jpg,Potato___Early_blight
img_7a1d45a5.jpg,Orange___Haunglongbing_(Citrus_greening)
img_5f217802.jpg,Peach___Bacterial_spot
img_1294f6c4.jpg,Corn_(maize)___healthy
img_37ca41b5.jpg,Peach___Bacterial_spot
img_aa128500.jpg,Potato___Late_blight
img_71f45274.jpg,Tomato___Septoria_leaf_spot
img_74849548.jpg,Tomato___Target_Spot
img_bd73568e.jpg,Squash___Powdery_mildew
img_197b3e2e.jpg,Peach___Bacterial_spot
img_70fc9095.jpg,Cherry_(including_sour)___healthy
img_6f143830.jpg,Apple___healthy
img_0f55f923.jpg,Soybean___healthy
img_98730cff.jpg,Grape___Leaf_blight_(Isariopsis_Leaf_Spot)
img_47020195.jpg,"Pepper,_bell___healthy"
img_6b5d32fa.jpg,Grape___Esca_(Black_Measles)
img_33cbd92e.jpg,Soybean___healthy
img_660d7df0.jpg,"Pepper,_bell___healthy"
img_5b8b35a3.jpg,Peach___Bacterial_spot
img_ecc14044.jpg,Tomato___Tomato_Yellow_Leaf_Curl_Virus
img_9bf6b973.jpg,Strawberry___healthy
img_836b98ea.jpg,Potato___Early_blight
img_6aab46fe.jpg,Tomato___Tomato_mosaic_virus
img_061de1e8.jpg,Soybean___healthy
img_5efe7b0c.jpg,Orange___Haunglongbing_(Citrus_greening)
img_ec2da235.jpg,Cherry_(including_sour)___healthy
img_6ab2a964.jpg,Corn_(maize)___Northern_Leaf_Blight
img_319e75fd.jpg,Apple___healthy
img_c2d6f8b4.jpg,Squash___Powdery_mildew
img_16b552ab.jpg,Soybean___healthy
img_3386ac25.jpg,Tomato___Target_Spot
img_96818a4d.jpg,Corn_(maize)___Common_rust_
img_1b2df6ff.jpg,Grape___Leaf_blight_(Isariopsis_Leaf_Spot)
img_c273d2b5.jpg,Soybean___healthy
img_e530b064.jpg,Orange___Haunglongbing_(Citrus_greening)
img_dc04a68e.jpg,Corn_(maize)___healthy
img_1f1ed8e1.jpg,Soybean___healthy
img_6c192e2d.jpg,"Pepper,_bell___healthy"
img_8344edaa.jpg,Tomato___Late_blight
img_134ace83.jpg,Cherry_(including_sour)___healthy
img_dc919024.jpg,Tomato___Tomato_Yellow_Leaf_Curl_Virus
img_ac3a3438.jpg,Orange___Haunglongbing_(Citrus_greening)
img_aee6eeec.jpg,Tomato___Spider_mites Two-spotted_spider_mite
img_a3c7eefd.jpg,Tomato___Tomato_Yellow_Leaf_Curl_Virus
img_00d12e4a.jpg,Tomato___Late_blight
img_27a22f93.jpg,Tomato___Tomato_Yellow_Leaf_Curl_Virus
img_28930efc.jpg,Soybean___healthy
img_2440f8dc.jpg,"Pepper,_bell___healthy"
img_e8ae5129.jpg,Apple___healthy
img_e85e4514.jpg,Peach___Bacterial_spot
img_72185331.jpg,Orange___Haunglongbing_(Citrus_greening)
img_8149ec71.jpg,Tomato___Late_blight
img_22bdcdc6.jpg,"Pepper,_bell___healthy"
img_24e84b06.jpg,Squash___Powdery_mildew
img_b5b9f5ad.jpg,Orange___Haunglongbing_(Citrus_greening)
img_7634453b.jpg,Tomato___Target_Spot
img_917de9a2.jpg,Tomato___Tomato_Yellow_Leaf_Curl_Virus
img_28334813.jpg,Tomato___Late_blight
img_0131a035.jpg,Grape___Esca_(Black_Measles)
img_01253185.jpg,Tomato___Tomato_Yellow_Leaf_Curl_Virus
img_7892671a.jpg,Corn_(maize)___Common_rust_
img_3ce96ae1.jpg,Soybean___healthy
img_d62133d1.jpg,Tomato___Tomato_Yellow_Leaf_Curl_Virus
img_3e03c80c.jpg,Apple___Cedar_apple_rust
img_db28cab7.jpg,Tomato___Septoria_leaf_spot
img_0e619301.jpg,Potato___Early_blight
img_c68eb145.jpg,Soybean___healthy
img_43bb81d0.jpg,Grape___Esca_(Black_Measles)
img_5dd23b05.jpg,Soybean___healthy
img_d1056ae0.jpg,Cherry_(including_sour)___Powdery_mildew
img_2c630df9.jpg,Tomato___Tomato_Yellow_Leaf_Curl_Virus
img_f85c2813.jpg,Grape___Leaf_blight_(Isariopsis_Leaf_Spot)
img_1f055e4a.jpg,Cherry_(including_sour)___Powdery_mildew
img_d1c327e7.jpg,Orange___Haunglongbing_(Citrus_greening)
img_69efd143.jpg,Grape___Leaf_blight_(Isariopsis_Leaf_Spot)
img_00f58938.jpg,Tomato___Tomato_Yellow_Leaf_Curl_Virus
img_a84a80e6.jpg,Tomato___Tomato_Yellow_Leaf_Curl_Virus
img_3c739a42.jpg,Tomato___Bacterial_spot
img_ff20f730.jpg,Strawberry___Leaf_scorch
img_d2ca463b.jpg,Tomato___Late_blight
img_cdec88aa.jpg,Tomato___Tomato_Yellow_Leaf_Curl_Virus
img_24cda081.jpg,Soybean___healthy
img_cd43a7bc.jpg,Tomato___Target_Spot
img_ad3780c8.jpg,Orange___Haunglongbing_(Citrus_greening)
img_61a8ece6.jpg,Potato___Early_blight
img_51af63b0.jpg,Corn_(maize)___Northern_Leaf_Blight
img_7b6d3e7a.jpg,Orange___Haunglongbing_(Citrus_greening)
img_b9914208.jpg,Apple___healthy
img_2329eecb.jpg,Tomato___healthy
img_cefc008c.jpg,Tomato___healthy
img_5401b8dd.jpg,Apple___healthy
img_80520863.jpg,Soybean___healthy
img_30504f7b.jpg,"Pepper,_bell___healthy"
img_ca775826.jpg,"Pepper,_bell___healthy"
img_a979e1a4.jpg,Blueberry___healthy
img_27a3f7a3.jpg,Cherry_(including_sour)___healthy
img_0994802e.jpg,Soybean___healthy
img_3b193ed6.jpg,Corn_(maize)___healthy
img_d9dabe00.jpg,Corn_(maize)___healthy
img_fe48248f.jpg,Grape___Esca_(Black_Measles)
img_a7a97ab4.jpg,Tomato___Spider_mites Two-spotted_spider_mite
img_8cf3194f.jpg,Strawberry___Leaf_scorch
img_cfe0c796.jpg,Tomato___Target_Spot
img_513fbfcb.jpg,"Pepper,_bell___healthy"
img_6b74cde4.jpg,Soybean___healthy
img_1e6a27a0.jpg,Tomato___Tomato_Yellow_Leaf_Curl_Virus
img_6baaf46b.jpg,Squash___Powdery_mildew
img_4ced1340.jpg,Tomato___Target_Spot
img_e0c52491.jpg,Squash___Powdery_mildew
img_fc362958.jpg,Tomato___Leaf_Mold
img_331fd0ee.jpg,Orange___Haunglongbing_(Citrus_greening)
img_576c39a8.jpg,Apple___Black_rot
img_fa106ded.jpg,Orange___Haunglongbing_(Citrus_greening)
img_9617cb22.jpg,Grape___Esca_(Black_Measles)
img_ece17510.jpg,Tomato___Tomato_Yellow_Leaf_Curl_Virus
img_2c310d91.jpg,Tomato___Early_blight
img_fe4664ed.jpg,Tomato___Bacterial_spot
img_6052ffdf.jpg,Peach___Bacterial_spot
img_3220d153.jpg,Squash___Powdery_mildew
img_3d229b67.jpg,Apple___healthy
img_d7d5b44a.jpg,Soybean___healthy
img_b3ace569.jpg,Tomato___Spider_mites Two-spotted_spider_mite
img_1b46c2d9.jpg,Orange___Haunglongbing_(Citrus_greening)
img_62408834.jpg,Squash___Powdery_mildew
img_0fa8d458.jpg,Soybean___healthy
img_2ca94e4d.jpg,Strawberry___Leaf_scorch
img_b5597646.jpg,Soybean___healthy
img_65236242.jpg,Grape___Black_rot
img_c58018ec.jpg,Corn_(maize)___Northern_Leaf_Blight
img_fde6df40.jpg,Peach___Bacterial_spot
img_2b185bc0.jpg,Corn_(maize)___Northern_Leaf_Blight
img_e6507bee.jpg,Tomato___Bacterial_spot
img_2e85e7c0.jpg,Tomato___healthy
img_753b4ce4.jpg,Tomato___healthy
img_1284b1b5.jpg,Grape___Esca_(Black_Measles)
img_ca69df36.jpg,Orange___Haunglongbing_(Citrus_greening)
img_8a48b8f9.jpg,Peach___Bacterial_spot
img_96b826fd.jpg,Orange___Haunglongbing_(Citrus_greening)
img_7800db8e.jpg,Tomato___Bacterial_spot
img_16c392e7.jpg,Squash___Powdery_mildew
img_d2fe4837.jpg,Tomato___Bacterial_spot
img_6a776e28.jpg,Tomato___Tomato_Yellow_Leaf_Curl_Virus
img_862e4bde.jpg,Soybean___healthy
img_b37b97cb.jpg,Tomato___Tomato_Yellow_Leaf_Curl_Virus
img_652710b0.jpg,Tomato___Tomato_Yellow_Leaf_Curl_Virus
img_eced333c.jpg,Tomato___Early_blight
img_02c72557.jpg,"Pepper,_bell___Bacterial_spot"
img_f87cff17.jpg,Tomato___Bacterial_spot
img_1204dd4f.jpg,Blueberry___healthy
img_7a2bf278.jpg,Tomato___Bacterial_spot
img_d1669ce6.jpg,Apple___healthy
img_37f00936.jpg,Corn_(maize)___healthy
img_9fbeb520.jpg,Tomato___healthy
img_346dafa1.jpg,Potato___Early_blight
img_877cb0b7.jpg,Soybean___healthy
img_3eb9e481.jpg,Squash___Powdery_mildew
img_1e295664.jpg,Blueberry___healthy
img_43312186.jpg,Potato___Late_blight
img_45d200b7.jpg,Tomato___Late_blight
img_ec081d38.jpg,Cherry_(including_sour)___healthy
img_9a4d13b6.jpg,Grape___Black_rot
img_38ecf3a4.jpg,Strawberry___Leaf_scorch
img_b1a72beb.jpg,Orange___Haunglongbing_(Citrus_greening)
img_b0007ac7.jpg,Cherry_(including_sour)___Powdery_mildew
img_a3501d4c.jpg,Apple___healthy
img_678274c2.jpg,Apple___healthy
img_f72b513c.jpg,Apple___Black_rot
img_b2112947.jpg,Tomato___Bacterial_spot
img_c2afc4e2.jpg,Tomato___Septoria_leaf_spot
img_63c85965.jpg,Soybean___healthy
img_26263497.jpg,Strawberry___Leaf_scorch
img_62ae1c89.jpg,Grape___Esca_(Black_Measles)
img_3dab855e.jpg,Grape___Black_rot
img_89ed015a.jpg,Tomato___Tomato_Yellow_Leaf_Curl_Virus
img_d95f4813.jpg,Tomato___Bacterial_spot
img_ecc06d3e.jpg,Grape___Black_rot
img_e19d1d7e.jpg,Grape___Leaf_blight_(Isariopsis_Leaf_Spot)
img_904db14c.jpg,Corn_(maize)___Common_rust_
img_03b39249.jpg,Orange___Haunglongbing_(Citrus_greening)
img_a4294a6c.jpg,Corn_(maize)___Northern_Leaf_Blight
img_54502916.jpg,Strawberry___healthy
img_28cb48b0.jpg,Soybean___healthy
img_af465dde.jpg,Soybean___healthy
img_38daaaad.jpg,Potato___Late_blight
img_daa5659c.jpg,Tomato___Late_blight
img_1bdadde6.jpg,Soybean___healthy
img_e79bb557.jpg,Squash___Powdery_mildew
img_bf7a5964.jpg,Blueberry___healthy
img_65a14291.jpg,Orange___Haunglongbing_(Citrus_greening)
img_6b1a9a77.jpg,Orange___Haunglongbing_(Citrus_greening)
img_e6cc3547.jpg,Tomato___Late_blight
img_519462e2.jpg,Apple___healthy
img_4510ffea.jpg,Tomato___Leaf_Mold
img_c6dd6c98.jpg,Grape___Esca_(Black_Measles)
img_478a5b3b.jpg,Apple___Black_rot
img_d9deacee.jpg,"Pepper,_bell___healthy"
img_92f94c92.jpg,Blueberry___healthy
img_cb23d71b.jpg,Apple___Black_rot
img_0936c7a6.jpg,Grape___Black_rot
img_927c7223.jpg,Blueberry___healthy
img_9337c8a0.jpg,Tomato___Early_blight
img_b9e2680b.jpg,"Pepper,_bell___Bacterial_spot"
img_ad76165d.jpg,Tomato___Tomato_Yellow_Leaf_Curl_Virus
img_d6a3e937.jpg,Tomato___Tomato_Yellow_Leaf_Curl_Virus
img_18960242.jpg,Cherry_(including_sour)___healthy
img_b43fc72b.jpg,Blueberry___healthy
img_2cef6b1e.jpg,Potato___healthy
img_f2ab1042.jpg,Apple___healthy
img_7d2e859d.jpg,Peach___Bacterial_spot
img_a1509e7a.jpg,Apple___Black_rot
img_0cea66e1.jpg,Tomato___Spider_mites Two-spotted_spider_mite
img_3c24e563.jpg,Apple___Black_rot
img_a9bb9cf5.jpg,Orange___Haunglongbing_(Citrus_greening)
img_02c6fed6.jpg,Tomato___healthy
img_07f67c44.jpg,Tomato___Tomato_Yellow_Leaf_Curl_Virus
img_4bc46082.jpg,Tomato___Early_blight
img_6fcef12a.jpg,Tomato___Septoria_leaf_spot
img_eb8b91d0.jpg,Grape___healthy
img_a360aa59.jpg,Orange___Haunglongbing_(Citrus_greening)
img_014b4f87.jpg,Apple___Apple_scab
img_42f0828c.jpg,Peach___Bacterial_spot
img_0c76f656.jpg,Strawberry___Leaf_scorch
img_949bf660.jpg,Apple___Cedar_apple_rust
img_e922f657.jpg,Raspberry___healthy
img_6ee12ab5.jpg,Potato___Early_blight
img_57c88ee1.jpg,Apple___healthy
img_c6fafa9a.jpg,Tomato___Spider_mites Two-spotted_spider_mite
img_51702e54.jpg,Soybean___healthy
img_6ab39b42.jpg,Tomato___Tomato_Yellow_Leaf_Curl_Virus
img_717a8b4f.jpg,Grape___healthy
img_c2e287c5.jpg,Soybean___healthy
img_78bf9935.jpg,Peach___Bacterial_spot
img_bab6073a.jpg,Tomato___Late_blight
img_cd59a5f1.jpg,Peach___Bacterial_spot
img_fd72d2f9.jpg,Peach___healthy
img_d6ad00dd.jpg,Orange___Haunglongbing_(Citrus_greening)
img_4924cfd7.jpg,Tomato___Target_Spot
img_ddca0ad3.jpg,Orange___Haunglongbing_(Citrus_greening)
img_2fe51f5e.jpg,Tomato___Late_blight
img_46608dc9.jpg,Tomato___Tomato_Yellow_Leaf_Curl_Virus
img_ae9ae0aa.jpg,Strawberry___Leaf_scorch
img_3557ae42.jpg,Tomato___Tomato_Yellow_Leaf_Curl_Virus
img_18bdbf40.jpg,"Pepper,_bell___healthy"
img_957cc8d8.jpg,Tomato___Spider_mites Two-spotted_spider_mite
img_74b6ef35.jpg,Tomato___Late_blight
img_38898e91.jpg,Orange___Haunglongbing_(Citrus_greening)
img_02ae3787.jpg,Soybean___healthy
img_88d25324.jpg,Potato___Late_blight
img_61538775.jpg,Orange___Haunglongbing_(Citrus_greening)
img_8e147d43.jpg,Soybean___healthy
img_3ff9d057.jpg,Potato___Late_blight
img_27db9052.jpg,Corn_(maize)___Northern_Leaf_Blight
img_d3fbd583.jpg,Corn_(maize)___Northern_Leaf_Blight
img_b02104d3.jpg,Tomato___Septoria_leaf_spot
img_d5243f91.jpg,Orange___Haunglongbing_(Citrus_greening)
img_bd988bcf.jpg,Potato___Early_blight
img_7b9689eb.jpg,"Pepper,_bell___Bacterial_spot"
img_6788a393.jpg,Tomato___Bacterial_spot
img_dadd7618.jpg,Tomato___Bacterial_spot
img_46ed52d9.jpg,Orange___Haunglongbing_(Citrus_greening)
img_c21fae2a.jpg,Orange___Haunglongbing_(Citrus_greening)
img_e7d51325.jpg,Tomato___Target_Spot
img_c891ac71.jpg,"Pepper,_bell___Bacterial_spot"
img_afe3d4f5.jpg,Tomato___healthy
img_55ba22ba.jpg,Tomato___Leaf_Mold
img_6ccb8f44.jpg,Tomato___Early_blight
img_9e5bdcf1.jpg,Apple___Black_rot
img_818c6aae.jpg,Apple___Apple_scab
img_b2dc4813.jpg,Peach___Bacterial_spot
img_7073a18f.jpg,Orange___Haunglongbing_(Citrus_greening)
img_5c1f9c4d.jpg,Apple___Cedar_apple_rust
img_cf7792e6.jpg,Tomato___Tomato_Yellow_Leaf_Curl_Virus
img_d8de53c9.jpg,Tomato___Septoria_leaf_spot
img_cd4b89e4.jpg,Peach___Bacterial_spot
img_95cffa9d.jpg,Tomato___Spider_mites Two-spotted_spider_mite
img_d201c9d6.jpg,Strawberry___Leaf_scorch
img_857412ff.jpg,Cherry_(including_sour)___Powdery_mildew
img_30db0600.jpg,Tomato___Septoria_leaf_spot
img_5546f3eb.jpg,Tomato___Tomato_Yellow_Leaf_Curl_Virus
img_2ab8ecdb.jpg,Raspberry___healthy
img_3140ff79.jpg,Orange___Haunglongbing_(Citrus_greening)
img_d0adcc3a.jpg,Soybean___healthy
img_1c33b6ca.jpg,Soybean___healthy
img_3afe24e5.jpg,Tomato___Tomato_Yellow_Leaf_Curl_Virus
img_8d319bef.jpg,Blueberry___healthy
img_7e957b70.jpg,Tomato___Tomato_Yellow_Leaf_Curl_Virus
img_cd75843a.jpg,Tomato___Tomato_Yellow_Leaf_Curl_Virus
img_37d46091.jpg,Grape___Esca_(Black_Measles)
img_50ecfede.jpg,Squash___Powdery_mildew
img_72d3441a.jpg,Cherry_(including_sour)___Powdery_mildew
img_b9894d6d.jpg,Soybean___healthy
img_8bf91693.jpg,Cherry_(including_sour)___Powdery_mildew
img_3810c9f1.jpg,Tomato___Bacterial_spot
img_b5d4ffef.jpg,Soybean___healthy
img_3f2e21b8.jpg,Tomato___Tomato_Yellow_Leaf_Curl_Virus
img_063c1732.jpg,Grape___Black_rot
img_474cae7a.jpg,Orange___Haunglongbing_(Citrus_greening)
img_24e2cee7.jpg,Squash___Powdery_mildew
img_6c7321a3.jpg,Tomato___Tomato_Yellow_Leaf_Curl_Virus
img_074406d1.jpg,Peach___Bacterial_spot
img_10a14ce6.jpg,Tomato___Early_blight
img_569ec0bc.jpg,Squash___Powdery_mildew
img_29eacf05.jpg,Grape___healthy
img_fd025adf.jpg,Peach___healthy
img_87a4c575.jpg,Orange___Haunglongbing_(Citrus_greening)
img_0b45f862.jpg,Peach___Bacterial_spot
img_d9d19d17.jpg,Tomato___healthy
img_e0cfeb50.jpg,Cherry_(including_sour)___Powdery_mildew
img_a6adcba9.jpg,Tomato___Early_blight
img_6ace0d4e.jpg,Peach___Bacterial_spot
img_7f3b2922.jpg,Tomato___Septoria_leaf_spot
img_9d4698d4.jpg,Soybean___healthy
img_b90c037d.jpg,Peach___Bacterial_spot
img_e2ac210d.jpg,Corn_(maize)___healthy
img_13065d21.jpg,Tomato___Tomato_mosaic_virus
img_d4c0a1cc.jpg,"Pepper,_bell___healthy"
img_0d4ca8f7.jpg,Soybean___healthy
img_d7fc4e8d.jpg,Tomato___Septoria_leaf_spot
img_5209f76f.jpg,Tomato___Tomato_mosaic_virus
img_10bd4c0d.jpg,Tomato___Tomato_Yellow_Leaf_Curl_Virus
img_3114e007.jpg,Corn_(maize)___Common_rust_
img_a60c8943.jpg,Potato___Early_blight
img_79b585fc.jpg,Grape___Esca_(Black_Measles)
img_800ab727.jpg,Tomato___Early_blight
img_e8cbc3b1.jpg,Tomato___Tomato_Yellow_Leaf_Curl_Virus
img_4120348e.jpg,Grape___Esca_(Black_Measles)
img_002cbec1.jpg,Tomato___Target_Spot
img_61d6a06a.jpg,Tomato___Tomato_Yellow_Leaf_Curl_Virus
img_fb2b3cfd.jpg,Soybean___healthy
img_71260938.jpg,Tomato___Tomato_Yellow_Leaf_Curl_Virus
img_e50c841f.jpg,Potato___Late_blight
img_c4a73c5e.jpg,Potato___Late_blight
img_3acf9a22.jpg,Soybean___healthy
img_cc79cd01.jpg,Tomato___Early_blight
img_944c4b4e.jpg,Tomato___Early_blight
img_a8dd00e0.jpg,Strawberry___Leaf_scorch
img_7d4f5308.jpg,Potato___Early_blight
img_03d9e827.jpg,"Pepper,_bell___healthy"
img_7c99392a.jpg,Tomato___Late_blight
img_cb501942.jpg,Orange___Haunglongbing_(Citrus_greening)
img_e000e84d.jpg,Tomato___Septoria_leaf_spot
img_cc0a22ea.jpg,Apple___healthy
img_0964f63b.jpg,Soybean___healthy
img_f08f63df.jpg,Tomato___Tomato_Yellow_Leaf_Curl_Virus
img_39e94f4f.jpg,Tomato___Early_blight
img_4f7d51e8.jpg,Squash___Powdery_mildew
img_101a5a9b.jpg,Soybean___healthy
img_fabebaaa.jpg,Orange___Haunglongbing_(Citrus_greening)
img_9b7805dc.jpg,Strawberry___healthy
img_e7ef452e.jpg,Soybean___healthy
img_74c03c37.jpg,Squash___Powdery_mildew
img_77c7638d.jpg,Soybean___healthy
img_1911dba9.jpg,Apple___Apple_scab
img_44339ef8.jpg,Tomato___Target_Spot
img_285732dc.jpg,Apple___healthy
img_a67a0543.jpg,Peach___Bacterial_spot
img_822e5143.jpg,Orange___Haunglongbing_(Citrus_greening)
img_b8c8d3c0.jpg,Orange___Haunglongbing_(Citrus_greening)
img_e6b4b2b5.jpg,Tomato___Tomato_mosaic_virus
img_d2b38e5f.jpg,Blueberry___healthy
img_f111fc66.jpg,"Pepper,_bell___Bacterial_spot"
img_e6eaec3e.jpg,Cherry_(including_sour)___healthy
img_8acea709.jpg,Tomato___healthy
img_ba14f3c0.jpg,Soybean___healthy
img_b8e7023e.jpg,Grape___Leaf_blight_(Isariopsis_Leaf_Spot)
img_9eb2e90c.jpg,Tomato___Bacterial_spot
img_d3d2bb0f.jpg,Tomato___Leaf_Mold
img_a9c39271.jpg,Soybean___healthy
img_01fcdaf9.jpg,Apple___Black_rot
img_6b0f0dcd.jpg,Tomato___Tomato_mosaic_virus
img_06fb3b47.jpg,Grape___Black_rot
img_f87d329e.jpg,Squash___Powdery_mildew
img_c9936c82.jpg,Orange___Haunglongbing_(Citrus_greening)
img_d3714dc1.jpg,Tomato___healthy
img_a73fbcf7.jpg,Apple___healthy
img_f8e2563d.jpg,Grape___Black_rot
img_5ae86551.jpg,Soybean___healthy
img_5e7e7c4f.jpg,Orange___Haunglongbing_(Citrus_greening)
img_1b092d91.jpg,Grape___Leaf_blight_(Isariopsis_Leaf_Spot)
img_0d5b8be4.jpg,Squash___Powdery_mildew
img_49f9565c.jpg,Orange___Haunglongbing_(Citrus_greening)
img_22dd7c8f.jpg,Apple___Black_rot
img_20097ea2.jpg,Soybean___healthy
img_2caa7b42.jpg,Corn_(maize)___Cercospora_leaf_spot Gray_leaf_spot
img_2afffb24.jpg,Apple___Black_rot
img_2249f0f5.jpg,Orange___Haunglongbing_(Citrus_greening)
img_04b58c19.jpg,Orange___Haunglongbing_(Citrus_greening)
img_529bfbf6.jpg,Peach___Bacterial_spot
img_71c684a6.jpg,Orange___Haunglongbing_(Citrus_greening)
img_4e7d5bd0.jpg,Tomato___Septoria_leaf_spot
img_606f14c9.jpg,Grape___Esca_(Black_Measles)
img_a2f39ea5.jpg,Grape___Leaf_blight_(Isariopsis_Leaf_Spot)
img_8806ba8f.jpg,Corn_(maize)___Cercospora_leaf_spot Gray_leaf_spot
img_b5aaeff8.jpg,Corn_(maize)___Northern_Leaf_Blight
img_ecb4c70e.jpg,Tomato___Bacterial_spot
img_4380bd2e.jpg,Orange___Haunglongbing_(Citrus_greening)
img_94b559a0.jpg,Peach___Bacterial_spot
img_21f6e6bb.jpg,Tomato___Bacterial_spot
img_cd82afc3.jpg,Potato___Early_blight
img_44339601.jpg,Potato___Late_blight
img_992b044d.jpg,Corn_(maize)___Cercospora_leaf_spot Gray_leaf_spot
img_bf673166.jpg,Grape___Esca_(Black_Measles)
img_4f9c6641.jpg,Orange___Haunglongbing_(Citrus_greening)
img_5c925596.jpg,Apple___healthy
img_4d706c52.jpg,Grape___healthy
img_0e8b526f.jpg,Tomato___Tomato_Yellow_Leaf_Curl_Virus
img_55099712.jpg,Tomato___Target_Spot
img_55418fff.jpg,Grape___Black_rot
img_426730c6.jpg,Tomato___Spider_mites Two-spotted_spider_mite
img_5679c125.jpg,Corn_(maize)___Northern_Leaf_Blight
img_a79d18ac.jpg,Orange___Haunglongbing_(Citrus_greening)
img_ccb06614.jpg,Soybean___healthy
img_4b820617.jpg,Soybean___healthy
img_40f61d28.jpg,Soybean___healthy
img_64677998.jpg,Orange___Haunglongbing_(Citrus_greening)
img_c1bd3894.jpg,Peach___Bacterial_spot
img_22d8574d.jpg,Squash___Powdery_mildew
img_cad1916a.jpg,Grape___healthy
img_04096d54.jpg,"Pepper,_bell___healthy"
img_044ed051.jpg,Grape___Black_rot
img_f5cdb3ec.jpg,Tomato___Septoria_leaf_spot
img_3f8a31b9.jpg,Orange___Haunglongbing_(Citrus_greening)
img_daa8c6ec.jpg,Orange___Haunglongbing_(Citrus_greening)
img_b8cd4838.jpg,Squash___Powdery_mildew
img_af6cd57f.jpg,Tomato___Tomato_mosaic_virus
img_c9397137.jpg,Blueberry___healthy
img_2064e22f.jpg,"Pepper,_bell___healthy"
img_1262046e.jpg,Strawberry___Leaf_scorch
img_f394fb13.jpg,Tomato___Tomato_Yellow_Leaf_Curl_Virus
img_46b6196a.jpg,Grape___Leaf_blight_(Isariopsis_Leaf_Spot)
img_29a500b9.jpg,Orange___Haunglongbing_(Citrus_greening)
img_21b95f5a.jpg,"Pepper,_bell___healthy"
img_d2227b07.jpg,Tomato___Leaf_Mold
img_619b8b20.jpg,Tomato___Tomato_Yellow_Leaf_Curl_Virus
img_766611b9.jpg,Orange___Haunglongbing_(Citrus_greening)
img_5c708b7c.jpg,Squash___Powdery_mildew
img_60844fd0.jpg,Tomato___Tomato_Yellow_Leaf_Curl_Virus
img_a6388f0c.jpg,Tomato___Early_blight
img_523e9fe4.jpg,Tomato___Tomato_Yellow_Leaf_Curl_Virus
img_283807e0.jpg,Tomato___Spider_mites Two-spotted_spider_mite
img_a8fda438.jpg,Squash___Powdery_mildew
img_463594ab.jpg,Tomato___Septoria_leaf_spot
img_1132c388.jpg,Tomato___Leaf_Mold
img_cb27dd85.jpg,Corn_(maize)___healthy
img_ec8d659d.jpg,Tomato___Septoria_leaf_spot
img_28d0aa11.jpg,Orange___Haunglongbing_(Citrus_greening)
img_1e8348fd.jpg,Corn_(maize)___Common_rust_
img_f08eea05.jpg,Tomato___healthy
img_3aed37c2.jpg,Apple___Black_rot
img_7387e789.jpg,Tomato___Tomato_Yellow_Leaf_Curl_Virus
img_4204513a.jpg,Corn_(maize)___Common_rust_
img_2b89db8d.jpg,Orange___Haunglongbing_(Citrus_greening)
img_9d39b540.jpg,Cherry_(including_sour)___Powdery_mildew
img_38f50889.jpg,Orange___Haunglongbing_(Citrus_greening)
img_1f5d3ad3.jpg,Peach___Bacterial_spot
img_81116c77.jpg,Tomato___Early_blight
img_da5529ea.jpg,Tomato___healthy
img_54711483.jpg,Tomato___Target_Spot
img_4e78a493.jpg,"Pepper,_bell___healthy"
img_5c89fd7b.jpg,Tomato___Tomato_Yellow_Leaf_Curl_Virus
img_e0d709d9.jpg,Tomato___Tomato_Yellow_Leaf_Curl_Virus
img_4b451553.jpg,Cherry_(including_sour)___healthy
img_6d93ab43.jpg,Potato___Late_blight
img_e8b44f0a.jpg,Corn_(maize)___Northern_Leaf_Blight
img_7d573355.jpg,Orange___Haunglongbing_(Citrus_greening)
img_b6fba2ca.jpg,Orange___Haunglongbing_(Citrus_greening)
img_5581bcae.jpg,Apple___healthy
img_e167e18c.jpg,Strawberry___Leaf_scorch
img_5e2cd282.jpg,Grape___Black_rot
img_7b25e69f.jpg,Corn_(maize)___Common_rust_
img_0ed5c566.jpg,Corn_(maize)___healthy
img_b1585e4d.jpg,Tomato___Tomato_Yellow_Leaf_Curl_Virus
img_127f6710.jpg,Soybean___healthy
img_c9331fde.jpg,Peach___Bacterial_spot
img_dc7b4690.jpg,Orange___Haunglongbing_(Citrus_greening)
img_aa1d015b.jpg,Tomato___healthy
img_515a55f7.jpg,Cherry_(including_sour)___healthy
img_a8cf3b71.jpg,Tomato___healthy
img_7d217441.jpg,Corn_(maize)___Northern_Leaf_Blight
img_ed8162c1.jpg,Orange___Haunglongbing_(Citrus_greening)
img_446222f6.jpg,Orange___Haunglongbing_(Citrus_greening)
img_d0166f3b.jpg,Cherry_(including_sour)___healthy
img_b1e5a227.jpg,Tomato___Tomato_Yellow_Leaf_Curl_Virus
img_08fb63df.jpg,Tomato___Tomato_Yellow_Leaf_Curl_Virus
img_b4c96afe.jpg,Orange___Haunglongbing_(Citrus_greening)
img_b75e6ba2.jpg,Strawberry___Leaf_scorch
img_04b62d23.jpg,Tomato___Late_blight
img_f9acd86f.jpg,Peach___Bacterial_spot
img_ac6da9b9.jpg,Corn_(maize)___Common_rust_
img_cc58405b.jpg,"Pepper,_bell___Bacterial_spot"
img_0db5b437.jpg,Grape___Black_rot
img_92091721.jpg,Tomato___Tomato_Yellow_Leaf_Curl_Virus
img_6ceb3bca.jpg,Tomato___Tomato_mosaic_virus
img_96838c0b.jpg,Tomato___healthy
img_20119a74.jpg,Corn_(maize)___healthy
img_7e3fa9e2.jpg,Tomato___Spider_mites Two-spotted_spider_mite
img_6d9593dd.jpg,Soybean___healthy
img_20af071d.jpg,Tomato___Tomato_Yellow_Leaf_Curl_Virus
img_30af156d.jpg,Potato___Early_blight
img_b7eae319.jpg,Grape___Esca_(Black_Measles)
img_0b172c37.jpg,Corn_(maize)___healthy
img_692b348c.jpg,Tomato___healthy
img_4f9afa9f.jpg,Soybean___healthy
img_78f3adce.jpg,Soybean___healthy
img_d3c4bd95.jpg,Peach___Bacterial_spot
img_9b4abf7c.jpg,Grape___Leaf_blight_(Isariopsis_Leaf_Spot)
img_852233b2.jpg,Grape___Leaf_blight_(Isariopsis_Leaf_Spot)
img_fef81f04.jpg,Squash___Powdery_mildew
img_9195bcb3.jpg,Apple___Black_rot
img_5f1879fc.jpg,Corn_(maize)___Northern_Leaf_Blight
img_4fa4ea3b.jpg,Grape___Leaf_blight_(Isariopsis_Leaf_Spot)
img_32ff4100.jpg,Raspberry___healthy
img_c910157e.jpg,Corn_(maize)___Northern_Leaf_Blight
img_bcea6f03.jpg,Orange___Haunglongbing_(Citrus_greening)
img_8686f541.jpg,Soybean___healthy
img_2d7237f2.jpg,Potato___Early_blight
img_dc25fc52.jpg,"Pepper,_bell___healthy"
img_1cddf255.jpg,Apple___Black_rot
img_354dbe87.jpg,Corn_(maize)___healthy
img_de1ac641.jpg,Squash___Powdery_mildew
img_dbfa7973.jpg,Orange___Haunglongbing_(Citrus_greening)
img_674c169f.jpg,Soybean___healthy
img_d18a0fe0.jpg,Peach___Bacterial_spot
img_87087b32.jpg,Corn_(maize)___Common_rust_
img_7efed983.jpg,Potato___Late_blight
img_80cce394.jpg,Potato___Late_blight
img_5a6ef046.jpg,Corn_(maize)___Common_rust_
img_59ef0ea0.jpg,Tomato___Late_blight
img_47a474d3.jpg,Soybean___healthy
img_498b4ef5.jpg,Tomato___Bacterial_spot
img_5753fdf7.jpg,Soybean___healthy
img_8e39fec5.jpg,Tomato___Bacterial_spot
img_708bd026.jpg,Blueberry___healthy
img_f909eaf1.jpg,Tomato___Leaf_Mold
img_ab5e352d.jpg,Corn_(maize)___Northern_Leaf_Blight
img_d464846c.jpg,Tomato___healthy
img_57dd063c.jpg,Tomato___Tomato_Yellow_Leaf_Curl_Virus
img_bc368c72.jpg,Potato___Early_blight
img_f9be94a3.jpg,Soybean___healthy
img_2459c429.jpg,Potato___Early_blight
img_2563939c.jpg,Soybean___healthy
img_563d2250.jpg,Corn_(maize)___healthy
img_f5ebf573.jpg,Peach___Bacterial_spot
img_0dc346b2.jpg,Potato___Late_blight
img_6595b777.jpg,Tomato___healthy
img_4989d659.jpg,Peach___Bacterial_spot
img_487dd18c.jpg,Corn_(maize)___Northern_Leaf_Blight
img_1f3772fc.jpg,Tomato___Target_Spot
img_fdfd6340.jpg,Strawberry___Leaf_scorch
img_1bc791f9.jpg,Soybean___healthy
img_b688065d.jpg,Tomato___Leaf_Mold
img_a66675ec.jpg,Blueberry___healthy
img_f6fa05ed.jpg,Squash___Powdery_mildew
img_2228cda6.jpg,Soybean___healthy
img_bfe6f392.jpg,Corn_(maize)___Common_rust_
img_b7c856fc.jpg,Tomato___Late_blight
img_07009f68.jpg,Tomato___Tomato_Yellow_Leaf_Curl_Virus
img_04c148b3.jpg,Apple___healthy
img_ed5e2838.jpg,Tomato___Early_blight
img_9d012ea1.jpg,Tomato___Late_blight
img_359dce53.jpg,Apple___healthy
img_000b9454.jpg,Tomato___Tomato_Yellow_Leaf_Curl_Virus
img_5d502aa6.jpg,Potato___Early_blight
img_27973bf1.jpg,Tomato___healthy
img_e047dbb6.jpg,Orange___Haunglongbing_(Citrus_greening)
img_3cf2437f.jpg,Apple___healthy
img_7e8ad3cf.jpg,Grape___Esca_(Black_Measles)
img_69c2d8fa.jpg,Peach___Bacterial_spot
img_62119f9c.jpg,Tomato___Tomato_Yellow_Leaf_Curl_Virus
img_eb736f43.jpg,Tomato___Tomato_Yellow_Leaf_Curl_Virus
img_5f8654d0.jpg,Tomato___Late_blight
img_0ba9a1a9.jpg,Corn_(maize)___healthy
img_274347d3.jpg,Tomato___Early_blight
img_2044fc1f.jpg,Tomato___Tomato_Yellow_Leaf_Curl_Virus
img_3fd010a8.jpg,Tomato___Tomato_Yellow_Leaf_Curl_Virus
img_e2a623f7.jpg,Blueberry___healthy
img_3ec49cc2.jpg,Cherry_(including_sour)___Powdery_mildew
img_276673bb.jpg,Orange___Haunglongbing_(Citrus_greening)
img_ff6cbe19.jpg,Soybean___healthy
img_cbd6df7f.jpg,Tomato___healthy
img_279a6e0f.jpg,Tomato___Target_Spot
img_a46f77e2.jpg,Apple___healthy
img_9d90d5d1.jpg,Tomato___Tomato_Yellow_Leaf_Curl_Virus
img_eeed5e04.jpg,Tomato___Tomato_Yellow_Leaf_Curl_Virus
img_7d332357.jpg,Tomato___Septoria_leaf_spot
img_6c29beb6.jpg,Grape___Black_rot
img_2482f7f6.jpg,Orange___Haunglongbing_(Citrus_greening)
img_80fbd0f1.jpg,Grape___Leaf_blight_(Isariopsis_Leaf_Spot)
img_bed9521a.jpg,Orange___Haunglongbing_(Citrus_greening)
img_43282bad.jpg,Tomato___Spider_mites Two-spotted_spider_mite
img_943cd7bb.jpg,Squash___Powdery_mildew
img_b4ec90c8.jpg,Grape___Esca_(Black_Measles)
img_2c2db90b.jpg,Tomato___Late_blight
img_495042ab.jpg,Soybean___healthy
img_bfb806c6.jpg,Tomato___Tomato_Yellow_Leaf_Curl_Virus
img_4ef526f4.jpg,Peach___Bacterial_spot
img_3088f33c.jpg,Strawberry___Leaf_scorch
img_f97649d3.jpg,Tomato___Late_blight
img_b14000f6.jpg,Tomato___Bacterial_spot
img_76c90cbc.jpg,Soybean___healthy
img_84cf9355.jpg,Tomato___Spider_mites Two-spotted_spider_mite
img_d9c52eff.jpg,"Pepper,_bell___healthy"
img_67efcb3a.jpg,Orange___Haunglongbing_(Citrus_greening)
img_75676ea8.jpg,Corn_(maize)___healthy
img_9e940765.jpg,Tomato___healthy
img_9c3eec69.jpg,Tomato___Early_blight
img_08153fb2.jpg,Tomato___Late_blight
img_2464b3e9.jpg,Corn_(maize)___healthy
img_3fe0985f.jpg,Orange___Haunglongbing_(Citrus_greening)
img_1bbab3ea.jpg,Cherry_(including_sour)___Powdery_mildew
img_b7ab05cb.jpg,Tomato___Late_blight
img_e643f71a.jpg,Soybean___healthy
img_d5a99979.jpg,Orange___Haunglongbing_(Citrus_greening)
img_dfa6fa40.jpg,Tomato___Septoria_leaf_spot
img_069735ce.jpg,Soybean___healthy
img_c6b2384f.jpg,Corn_(maize)___Cercospora_leaf_spot Gray_leaf_spot
img_4a04e975.jpg,Soybean___healthy
img_fc828123.jpg,Tomato___Tomato_Yellow_Leaf_Curl_Virus
img_a7b614b2.jpg,Tomato___Target_Spot
img_31ff4e3e.jpg,Strawberry___Leaf_scorch
img_5f6b5b0f.jpg,Peach___Bacterial_spot
img_d25b3539.jpg,Cherry_(including_sour)___Powdery_mildew
img_fe631a39.jpg,Tomato___Spider_mites Two-spotted_spider_mite
img_455b5e76.jpg,Orange___Haunglongbing_(Citrus_greening)
img_6f068de5.jpg,Tomato___Tomato_Yellow_Leaf_Curl_Virus
img_977e2445.jpg,Orange___Haunglongbing_(Citrus_greening)
img_b110d6b7.jpg,Corn_(maize)___healthy
img_f83c02c0.jpg,Strawberry___Leaf_scorch
img_104c383e.jpg,Tomato___Septoria_leaf_spot
img_abd805ee.jpg,Soybean___healthy
img_53f8417d.jpg,Tomato___healthy
img_9229c732.jpg,Potato___Late_blight
img_a3c84737.jpg,Peach___Bacterial_spot
img_a1cde2d6.jpg,Peach___healthy
img_69cb05fe.jpg,Tomato___healthy
img_d5f8b27e.jpg,Tomato___Tomato_Yellow_Leaf_Curl_Virus
img_d101798e.jpg,Tomato___Spider_mites Two-spotted_spider_mite
img_8e38afd4.jpg,"Pepper,_bell___healthy"
img_2ab8a04d.jpg,Squash___Powdery_mildew
img_ef0f4492.jpg,Orange___Haunglongbing_(Citrus_greening)
img_f17f7bac.jpg,Tomato___Septoria_leaf_spot
img_90177566.jpg,Corn_(maize)___Northern_Leaf_Blight
img_462f3405.jpg,Tomato___Late_blight
img_a17526ea.jpg,Tomato___Tomato_Yellow_Leaf_Curl_Virus
img_8c16312d.jpg,Cherry_(including_sour)___healthy
img_c583c4b9.jpg,Blueberry___healthy
img_20c6b42a.jpg,Tomato___Bacterial_spot
img_3d702fc9.jpg,Tomato___Bacterial_spot
img_b654eb09.jpg,Soybean___healthy
img_3ffe546b.jpg,Tomato___healthy
img_91860ad0.jpg,"Pepper,_bell___healthy"
img_9204b08e.jpg,Tomato___Spider_mites Two-spotted_spider_mite
img_ebc10d5a.jpg,Blueberry___healthy
img_9885fb56.jpg,Tomato___Late_blight
img_4e7d48fc.jpg,Tomato___Tomato_Yellow_Leaf_Curl_Virus
img_e053ece8.jpg,Grape___Esca_(Black_Measles)
img_f6497840.jpg,Tomato___Septoria_leaf_spot
img_50387762.jpg,Apple___Apple_scab
img_781c8b4a.jpg,Cherry_(including_sour)___healthy
img_818145c9.jpg,Tomato___Tomato_Yellow_Leaf_Curl_Virus
img_b2068e08.jpg,Tomato___Spider_mites Two-spotted_spider_mite
img_30e911c4.jpg,"Pepper,_bell___healthy"
img_312bb868.jpg,Tomato___Tomato_Yellow_Leaf_Curl_Virus
img_a14d9d74.jpg,Apple___Black_rot
img_9bfef8ae.jpg,"Pepper,_bell___healthy"
img_f5d1f4e4.jpg,Blueberry___healthy
img_66d6918e.jpg,Tomato___Tomato_Yellow_Leaf_Curl_Virus
img_4d8c6a2b.jpg,Squash___Powdery_mildew
img_aa5c6cfb.jpg,Apple___healthy
img_c126df70.jpg,Raspberry___healthy
img_c78eb4dd.jpg,Potato___Late_blight
img_8d65843c.jpg,Tomato___Spider_mites Two-spotted_spider_mite
img_6aecc944.jpg,Tomato___healthy
img_d4ca8daa.jpg,Soybean___healthy
img_d14a047e.jpg,Blueberry___healthy
img_c1e52adf.jpg,Squash___Powdery_mildew
img_ab2a3e61.jpg,Cherry_(including_sour)___Powdery_mildew
img_42b34b9e.jpg,Corn_(maize)___Common_rust_
img_5cdc49c9.jpg,Grape___Leaf_blight_(Isariopsis_Leaf_Spot)
img_f6d4f486.jpg,Grape___healthy
img_9c8c9b2e.jpg,Tomato___Septoria_leaf_spot
img_f76e4e8c.jpg,Potato___Late_blight
img_6a00084a.jpg,Peach___Bacterial_spot
img_ca05f554.jpg,Tomato___Leaf_Mold
img_3b1fcd97.jpg,Tomato___Tomato_Yellow_Leaf_Curl_Virus
img_a39af22e.jpg,Potato___Early_blight
img_75732d04.jpg,Tomato___Tomato_Yellow_Leaf_Curl_Virus
img_7eab14fb.jpg,Soybean___healthy
img_6af89c87.jpg,Cherry_(including_sour)___healthy
img_23cdb676.jpg,Tomato___healthy
img_e644ce53.jpg,Corn_(maize)___Common_rust_
img_4acfa4aa.jpg,Orange___Haunglongbing_(Citrus_greening)
img_14d0cafd.jpg,Orange___Haunglongbing_(Citrus_greening)
img_b99bdc83.jpg,Tomato___Target_Spot
img_3617340c.jpg,Potato___Late_blight
img_0c1f5737.jpg,Corn_(maize)___Northern_Leaf_Blight
img_1371cdad.jpg,Apple___Black_rot
img_de94bc19.jpg,Corn_(maize)___Cercospora_leaf_spot Gray_leaf_spot
img_97fcb877.jpg,Potato___Early_blight
img_a2f89d3a.jpg,Potato___Late_blight
img_cdf620f1.jpg,Corn_(maize)___healthy
img_c2568dd4.jpg,Soybean___healthy
img_37e0d3e1.jpg,Tomato___Tomato_mosaic_virus
img_f01c4f44.jpg,Tomato___healthy
img_425c0536.jpg,Soybean___healthy
img_c9132804.jpg,Soybean___healthy
img_babd0bcc.jpg,Orange___Haunglongbing_(Citrus_greening)
img_ab795359.jpg,Soybean___healthy
img_80587fd3.jpg,Squash___Powdery_mildew
img_b02d1cdf.jpg,Corn_(maize)___Common_rust_
img_e0441276.jpg,Tomato___Tomato_Yellow_Leaf_Curl_Virus
img_013045f4.jpg,Peach___healthy
img_5146645f.jpg,Corn_(maize)___healthy
img_a7abe1be.jpg,Grape___Black_rot
img_68a71367.jpg,Orange___Haunglongbing_(Citrus_greening)
img_87fb9ce7.jpg,Tomato___Tomato_Yellow_Leaf_Curl_Virus
img_9492a072.jpg,Tomato___Late_blight
img_0df90a91.jpg,Apple___healthy
img_8eaa263b.jpg,Corn_(maize)___Common_rust_
img_bf11190f.jpg,Grape___Leaf_blight_(Isariopsis_Leaf_Spot)
img_1dcdec5d.jpg,Soybean___healthy
img_5c8b0b5e.jpg,Tomato___Tomato_Yellow_Leaf_Curl_Virus
img_d7ea2fa6.jpg,Tomato___Septoria_leaf_spot
img_93f5b15d.jpg,Tomato___Target_Spot
img_917d728a.jpg,Tomato___Tomato_Yellow_Leaf_Curl_Virus
img_e3c0d5aa.jpg,Grape___Leaf_blight_(Isariopsis_Leaf_Spot)
img_f64edfb0.jpg,Corn_(maize)___Common_rust_
img_f4e70dfa.jpg,Tomato___Target_Spot
img_adbcc230.jpg,Tomato___Bacterial_spot
img_38b8a774.jpg,Apple___Apple_scab
img_41808299.jpg,Strawberry___healthy
img_9e627846.jpg,"Pepper,_bell___healthy"
img_bd01c6d7.jpg,Grape___Esca_(Black_Measles)
img_fb978e56.jpg,Tomato___Tomato_Yellow_Leaf_Curl_Virus
img_d8e3a32e.jpg,Blueberry___healthy
img_37ad4dd6.jpg,Blueberry___healthy
img_8209d440.jpg,Soybean___healthy
img_6ef14ba2.jpg,Tomato___Septoria_leaf_spot
img_ca421ca3.jpg,Peach___Bacterial_spot
img_2a657f92.jpg,Tomato___Late_blight
img_f11243ab.jpg,Tomato___Tomato_Yellow_Leaf_Curl_Virus
img_a35bfee1.jpg,Grape___Black_rot
img_4ae90023.jpg,Soybean___healthy
img_21d6b3c3.jpg,Tomato___Bacterial_spot
img_4295c5f4.jpg,Corn_(maize)___Common_rust_
img_9491cba8.jpg,Apple___Black_rot
img_16795303.jpg,Tomato___Tomato_Yellow_Leaf_Curl_Virus
img_2162d0ec.jpg,Tomato___Late_blight
img_2a8bc5b3.jpg,Soybean___healthy
img_3792f835.jpg,Cherry_(including_sour)___Powdery_mildew
img_a58aa9ca.jpg,Tomato___healthy
img_e56290eb.jpg,Orange___Haunglongbing_(Citrus_greening)
img_a6a78fd9.jpg,Strawberry___healthy
img_abd74939.jpg,Peach___Bacterial_spot
img_c6cd5c95.jpg,Strawberry___Leaf_scorch
img_990724bb.jpg,Tomato___Tomato_Yellow_Leaf_Curl_Virus
img_f367f3d0.jpg,Orange___Haunglongbing_(Citrus_greening)
img_06523288.jpg,Orange___Haunglongbing_(Citrus_greening)
img_432e8f84.jpg,Soybean___healthy
img_f3ac1540.jpg,Tomato___Bacterial_spot
img_8a699613.jpg,Strawberry___Leaf_scorch
img_78245ea7.jpg,Grape___Esca_(Black_Measles)
img_7ae4183d.jpg,Grape___Leaf_blight_(Isariopsis_Leaf_Spot)
img_6232fe62.jpg,Soybean___healthy
img_59723cf9.jpg,Orange___Haunglongbing_(Citrus_greening)
img_7e0e45b6.jpg,Tomato___Tomato_Yellow_Leaf_Curl_Virus
img_ed3c99c2.jpg,Peach___Bacterial_spot
img_cca1c332.jpg,Orange___Haunglongbing_(Citrus_greening)
img_d37bc63f.jpg,Tomato___Spider_mites Two-spotted_spider_mite
img_3f66cc93.jpg,"Pepper,_bell___healthy"
img_78be1812.jpg,Tomato___Target_Spot
img_d0d472ed.jpg,Peach___Bacterial_spot
img_fbc4570f.jpg,Orange___Haunglongbing_(Citrus_greening)
img_e88c276f.jpg,Potato___Early_blight
img_e9ec9870.jpg,Peach___healthy
img_555a4afb.jpg,Squash___Powdery_mildew
img_5c8b3716.jpg,Tomato___Tomato_Yellow_Leaf_Curl_Virus
img_d8fdc5d2.jpg,Tomato___Early_blight
img_6b4349d6.jpg,Tomato___Tomato_Yellow_Leaf_Curl_Virus
img_c52f70e1.jpg,Apple___healthy
img_6a9122fe.jpg,Grape___Black_rot
img_3fd01cdf.jpg,Peach___Bacterial_spot
img_0895282c.jpg,Corn_(maize)___Common_rust_
img_139ea5ef.jpg,Peach___Bacterial_spot
img_21bf6c5a.jpg,Tomato___Spider_mites Two-spotted_spider_mite
img_5c0c4431.jpg,Cherry_(including_sour)___healthy
img_db4ff0ac.jpg,Orange___Haunglongbing_(Citrus_greening)
img_93f82ddc.jpg,"Pepper,_bell___Bacterial_spot"
img_018c76b9.jpg,"Pepper,_bell___Bacterial_spot"
img_347e90c4.jpg,Tomato___Late_blight
img_292cbee8.jpg,Corn_(maize)___Cercospora_leaf_spot Gray_leaf_spot
img_47a35e91.jpg,Tomato___Septoria_leaf_spot
img_ae8d97bf.jpg,Peach___Bacterial_spot
img_fbdac274.jpg,Orange___Haunglongbing_(Citrus_greening)
img_95eb44e3.jpg,Tomato___Late_blight
img_7c3b0a1c.jpg,Apple___healthy
img_bb308da4.jpg,Orange___Haunglongbing_(Citrus_greening)
img_0e0b03b8.jpg,Tomato___healthy
img_98472e6a.jpg,Corn_(maize)___healthy
img_91affc1d.jpg,Grape___Leaf_blight_(Isariopsis_Leaf_Spot)
img_9eb7ece5.jpg,Peach___Bacterial_spot
img_9cd2bf3e.jpg,Apple___Apple_scab
img_0a1db800.jpg,Tomato___Bacterial_spot
img_f4a82f9d.jpg,Apple___Cedar_apple_rust
img_b855d8b4.jpg,Peach___healthy
img_951f2fe0.jpg,Tomato___Bacterial_spot
img_64788d72.jpg,Tomato___Spider_mites Two-spotted_spider_mite
img_adfd80f3.jpg,Corn_(maize)___Common_rust_
img_8c09a426.jpg,"Pepper,_bell___Bacterial_spot"
img_efa64bb6.jpg,Soybean___healthy
img_f5a05826.jpg,Tomato___Bacterial_spot
img_88c48d4a.jpg,Tomato___Bacterial_spot
img_5b51c5fe.jpg,Potato___healthy
img_ab21a851.jpg,Squash___Powdery_mildew
img_2f822335.jpg,Apple___Apple_scab
img_a08618af.jpg,Tomato___Target_Spot
img_096de8a4.jpg,"Pepper,_bell___healthy"
img_a174bbd6.jpg,Tomato___Tomato_Yellow_Leaf_Curl_Virus
img_2a07acfc.jpg,Peach___Bacterial_spot
img_6b428aee.jpg,Orange___Haunglongbing_(Citrus_greening)
img_d7f57915.jpg,Blueberry___healthy
img_3f70dc3b.jpg,Grape___Esca_(Black_Measles)
img_932f9e15.jpg,Potato___Late_blight
img_c8e7d423.jpg,Tomato___Target_Spot
img_1ec3a78f.jpg,Peach___Bacterial_spot
img_82a272b0.jpg,Tomato___Tomato_Yellow_Leaf_Curl_Virus
img_4719cd29.jpg,Corn_(maize)___Common_rust_
img_997a87a7.jpg,Tomato___Bacterial_spot
img_2f3bbb06.jpg,Potato___Early_blight
img_ce3ee1ee.jpg,Cherry_(including_sour)___healthy
img_92458ac5.jpg,Strawberry___Leaf_scorch
img_77dc91f5.jpg,Soybean___healthy
img_f81a3c05.jpg,Tomato___Early_blight
img_bfc7b485.jpg,Potato___Early_blight
img_f48d3971.jpg,Corn_(maize)___healthy
img_536a1b52.jpg,Corn_(maize)___healthy
img_c47b1e3b.jpg,Corn_(maize)___Common_rust_
img_7583be5f.jpg,Tomato___Early_blight
img_7cb5c98f.jpg,Tomato___healthy
img_477eaee7.jpg,Tomato___Septoria_leaf_spot
img_40da8f0a.jpg,Orange___Haunglongbing_(Citrus_greening)
img_caf6aef0.jpg,Grape___healthy
img_2294187d.jpg,Peach___Bacterial_spot
img_72b20440.jpg,Tomato___Septoria_leaf_spot
img_6b7dff95.jpg,"Pepper,_bell___healthy"
img_10dd1b9d.jpg,Strawberry___Leaf_scorch
img_63f7d22a.jpg,Tomato___Tomato_Yellow_Leaf_Curl_Virus
img_a10c4e32.jpg,Peach___Bacterial_spot
img_1692417d.jpg,Corn_(maize)___Common_rust_
img_89d36abf.jpg,Peach___Bacterial_spot
img_aeb54f29.jpg,Peach___healthy
img_3bd4498a.jpg,Tomato___Septoria_leaf_spot
img_da4af3aa.jpg,Grape___Esca_(Black_Measles)
img_32af98d5.jpg,Tomato___healthy
img_e9157800.jpg,Cherry_(including_sour)___Powdery_mildew
img_674d4676.jpg,Strawberry___Leaf_scorch
img_978c0f22.jpg,Tomato___healthy
img_9cd88928.jpg,Apple___healthy
img_8ae5ea6b.jpg,Soybean___healthy
img_89cc789b.jpg,Soybean___healthy
img_a510e729.jpg,Apple___Apple_scab
img_1a1bcf3e.jpg,Tomato___Tomato_Yellow_Leaf_Curl_Virus
img_8f90a3e2.jpg,Squash___Powdery_mildew
img_42a3d130.jpg,Soybean___healthy
img_c04e8714.jpg,Orange___Haunglongbing_(Citrus_greening)
img_93b5d96f.jpg,Corn_(maize)___healthy
img_af709ef0.jpg,Corn_(maize)___Common_rust_
img_5c1cb10e.jpg,Tomato___Spider_mites Two-spotted_spider_mite
img_66e1de7b.jpg,Blueberry___healthy
img_df82fc57.jpg,Tomato___Tomato_Yellow_Leaf_Curl_Virus
img_90dfb59f.jpg,Apple___healthy
img_d749ef98.jpg,Orange___Haunglongbing_(Citrus_greening)
img_f56d30bf.jpg,Tomato___Tomato_mosaic_virus
img_9fed90d7.jpg,Soybean___healthy
img_2fd487dd.jpg,Tomato___Bacterial_spot
img_6b5dda15.jpg,Cherry_(including_sour)___healthy
img_a086b5a7.jpg,Tomato___Tomato_Yellow_Leaf_Curl_Virus
img_1ff10c63.jpg,"Pepper,_bell___healthy"
img_a4ff0cc0.jpg,Tomato___healthy
img_ffd249e4.jpg,Corn_(maize)___healthy
img_8d178536.jpg,Soybean___healthy
img_9efb9bcd.jpg,Tomato___Tomato_Yellow_Leaf_Curl_Virus
img_57a4e7e0.jpg,Blueberry___healthy
img_cf5dea8f.jpg,Tomato___Septoria_leaf_spot
img_6cbdcd89.jpg,Grape___healthy
img_c877ba40.jpg,Tomato___Bacterial_spot
img_698866b9.jpg,Peach___Bacterial_spot
img_1324a753.jpg,Tomato___Leaf_Mold
img_ab69fc61.jpg,Corn_(maize)___Common_rust_
img_22740a10.jpg,Tomato___Early_blight
img_d0206469.jpg,Potato___Late_blight
img_1ed3ab86.jpg,Tomato___Target_Spot
img_06035021.jpg,Soybean___healthy
img_901a6f3c.jpg,"Pepper,_bell___Bacterial_spot"
img_3d39d7c4.jpg,Orange___Haunglongbing_(Citrus_greening)
img_8e6844a6.jpg,Tomato___Bacterial_spot
img_7b280472.jpg,Orange___Haunglongbing_(Citrus_greening)
img_ef6371d9.jpg,Grape___Esca_(Black_Measles)
img_9f04177b.jpg,Strawberry___Leaf_scorch
img_496c9bcc.jpg,Corn_(maize)___healthy
img_4ce1a0aa.jpg,Tomato___Tomato_Yellow_Leaf_Curl_Virus
img_0e18bc7f.jpg,Raspberry___healthy
img_b4371d78.jpg,Corn_(maize)___healthy
img_27f2a694.jpg,Tomato___Leaf_Mold
img_6364f9bf.jpg,Tomato___Late_blight
img_86ab0750.jpg,Orange___Haunglongbing_(Citrus_greening)
img_7b4ee714.jpg,Tomato___Target_Spot
img_cd1e4cfd.jpg,Tomato___Late_blight
img_08784b34.jpg,Tomato___Tomato_Yellow_Leaf_Curl_Virus
img_f2496523.jpg,Strawberry___Leaf_scorch
img_ca4dbd4f.jpg,Corn_(maize)___Common_rust_
img_3018afd3.jpg,Tomato___Tomato_Yellow_Leaf_Curl_Virus
img_8769457a.jpg,Tomato___healthy
img_7f8194c9.jpg,Soybean___healthy
img_307f85f5.jpg,Corn_(maize)___healthy
img_6be586ba.jpg,Orange___Haunglongbing_(Citrus_greening)
img_040f7cbe.jpg,Apple___healthy
img_1d6d3ea7.jpg,Soybean___healthy
img_874e936c.jpg,Peach___Bacterial_spot
img_984e016f.jpg,Corn_(maize)___Common_rust_
img_0b47aaaf.jpg,Grape___Leaf_blight_(Isariopsis_Leaf_Spot)
img_7e9c59b1.jpg,Corn_(maize)___Northern_Leaf_Blight
img_c8dcf2f6.jpg,Tomato___Target_Spot
img_fae13d11.jpg,Tomato___Target_Spot
img_72c51a49.jpg,Potato___Late_blight
img_5c4cf79d.jpg,Strawberry___Leaf_scorch
img_1b5dbad1.jpg,Cherry_(including_sour)___Powdery_mildew
img_ac40d7c3.jpg,Squash___Powdery_mildew
img_347c0d3e.jpg,Tomato___Leaf_Mold
img_a43cfcca.jpg,"Pepper,_bell___Bacterial_spot"
img_e67bd693.jpg,Grape___Leaf_blight_(Isariopsis_Leaf_Spot)
img_d1a66cfa.jpg,Tomato___Bacterial_spot
img_22e13815.jpg,Corn_(maize)___healthy
img_8ee9b92e.jpg,Cherry_(including_sour)___Powdery_mildew
img_56f9e147.jpg,Tomato___Spider_mites Two-spotted_spider_mite
img_439b324b.jpg,Strawberry___Leaf_scorch
img_1a383100.jpg,Grape___Black_rot
img_c86b824f.jpg,Soybean___healthy
img_da0a1c17.jpg,Tomato___Septoria_leaf_spot
img_71ce76b4.jpg,Tomato___Tomato_mosaic_virus
img_9cdc0328.jpg,Tomato___Target_Spot
img_d71687ff.jpg,Grape___Leaf_blight_(Isariopsis_Leaf_Spot)
img_a5efff21.jpg,Corn_(maize)___Northern_Leaf_Blight
img_57483cea.jpg,Tomato___Septoria_leaf_spot
img_ac25dd78.jpg,"Pepper,_bell___healthy"
img_ac0408b7.jpg,Tomato___Tomato_Yellow_Leaf_Curl_Virus
img_8174cc3a.jpg,Cherry_(including_sour)___healthy
img_c2ec4133.jpg,Tomato___Tomato_Yellow_Leaf_Curl_Virus
img_9122848a.jpg,Tomato___Spider_mites Two-spotted_spider_mite
img_1556f495.jpg,Peach___Bacterial_spot
img_32696a7b.jpg,Apple___Black_rot
img_09902673.jpg,Tomato___Early_blight
img_0d91b19c.jpg,"Pepper,_bell___Bacterial_spot"
img_e9acc806.jpg,Peach___Bacterial_spot
img_e68186fb.jpg,Grape___Black_rot
img_b41e8e4a.jpg,Grape___Esca_(Black_Measles)
img_dff0f0fb.jpg,Raspberry___healthy
img_3c186390.jpg,Tomato___Bacterial_spot
img_3ebe0982.jpg,Apple___Black_rot
img_cfa7990a.jpg,Tomato___Tomato_Yellow_Leaf_Curl_Virus
img_9e137d87.jpg,Soybean___healthy
img_9d8ac4ad.jpg,Cherry_(including_sour)___Powdery_mildew
img_6e2ae2bb.jpg,Cherry_(including_sour)___healthy
img_6a66d86b.jpg,Soybean___healthy
img_b61d5899.jpg,Peach___Bacterial_spot
img_a5837c95.jpg,Soybean___healthy
img_d98056ef.jpg,Corn_(maize)___healthy
img_a05e718e.jpg,Squash___Powdery_mildew
img_cea7ae52.jpg,Blueberry___healthy
img_5fa4400a.jpg,Cherry_(including_sour)___healthy
img_882d3746.jpg,"Pepper,_bell___healthy"
img_064d5df9.jpg,Tomato___Late_blight
img_217324bf.jpg,Apple___healthy
img_df7f0cc9.jpg,Soybean___healthy
img_ba7598df.jpg,Tomato___Tomato_Yellow_Leaf_Curl_Virus
img_ca4eb21f.jpg,Tomato___Bacterial_spot
img_13334666.jpg,Tomato___Leaf_Mold
img_7e9f55f8.jpg,Tomato___Target_Spot
img_d9cfc5a8.jpg,Tomato___Bacterial_spot
img_87765f5c.jpg,Tomato___Tomato_Yellow_Leaf_Curl_Virus
img_87ba0d6e.jpg,Tomato___Tomato_Yellow_Leaf_Curl_Virus
img_223c10ac.jpg,Soybean___healthy
img_c00ccc7e.jpg,Tomato___healthy
img_403ed2e7.jpg,Orange___Haunglongbing_(Citrus_greening)
img_a34d8331.jpg,Orange___Haunglongbing_(Citrus_greening)
img_95cd6804.jpg,Soybean___healthy
img_a02832e5.jpg,"Pepper,_bell___Bacterial_spot"
img_fa2123d7.jpg,Peach___Bacterial_spot
img_f427d8f1.jpg,Tomato___Tomato_Yellow_Leaf_Curl_Virus
img_1d4f2d5b.jpg,Potato___Early_blight
img_77e41e73.jpg,Corn_(maize)___Northern_Leaf_Blight
img_d6d9360a.jpg,Orange___Haunglongbing_(Citrus_greening)
img_d6649348.jpg,Tomato___Bacterial_spot
img_417e9e7e.jpg,Soybean___healthy
img_33e2bb35.jpg,Tomato___Tomato_Yellow_Leaf_Curl_Virus
img_bad00d27.jpg,Peach___Bacterial_spot
img_e2a6c300.jpg,Potato___Late_blight
img_8e5011c7.jpg,Apple___healthy
img_78c138f7.jpg,Strawberry___Leaf_scorch
img_d1e7718b.jpg,Squash___Powdery_mildew
img_ad90ca1e.jpg,Cherry_(including_sour)___healthy
img_e3d6fff2.jpg,Cherry_(including_sour)___Powdery_mildew
img_3e92260c.jpg,Grape___Leaf_blight_(Isariopsis_Leaf_Spot)
img_21bcbc92.jpg,Tomato___Tomato_Yellow_Leaf_Curl_Virus
img_4f85cf06.jpg,Grape___Black_rot
img_31f93e14.jpg,Orange___Haunglongbing_(Citrus_greening)
img_0a0bb203.jpg,Cherry_(including_sour)___Powdery_mildew
img_19ff8d2c.jpg,Grape___healthy
img_c4a2b5a3.jpg,Soybean___healthy
img_bfc904d7.jpg,Corn_(maize)___Northern_Leaf_Blight
img_7d1620ab.jpg,"Pepper,_bell___Bacterial_spot"
img_09bb5ef7.jpg,Tomato___Tomato_Yellow_Leaf_Curl_Virus
img_64b64caa.jpg,Tomato___Target_Spot
img_e9d59736.jpg,Orange___Haunglongbing_(Citrus_greening)
img_e60dc1a4.jpg,Tomato___Late_blight
img_510faf2b.jpg,Potato___Late_blight
img_6e6e1042.jpg,Orange___Haunglongbing_(Citrus_greening)
img_593f9ef6.jpg,Tomato___Late_blight
img_7c042b28.jpg,Squash___Powdery_mildew
img_49281ab6.jpg,Tomato___Tomato_Yellow_Leaf_Curl_Virus
img_d9b962fd.jpg,"Pepper,_bell___healthy"
img_fa295571.jpg,Corn_(maize)___healthy
img_192dc427.jpg,Tomato___Bacterial_spot
img_26f8d37c.jpg,Tomato___Bacterial_spot
img_bf97304d.jpg,Squash___Powdery_mildew
img_88084a37.jpg,Soybean___healthy
img_b13c5a26.jpg,Apple___healthy
img_992daa58.jpg,Grape___Black_rot
img_dd78f315.jpg,Orange___Haunglongbing_(Citrus_greening)
img_55383485.jpg,Corn_(maize)___healthy
img_e8b48f39.jpg,Grape___Black_rot
img_707616c7.jpg,Orange___Haunglongbing_(Citrus_greening)
img_2b93d8a5.jpg,Tomato___Spider_mites Two-spotted_spider_mite
img_56defb27.jpg,Strawberry___Leaf_scorch
img_6104d6d5.jpg,Cherry_(including_sour)___Powdery_mildew
img_b9a58031.jpg,"Pepper,_bell___Bacterial_spot"
img_6e4c3ed1.jpg,Tomato___Spider_mites Two-spotted_spider_mite
img_4f0a32b9.jpg,Soybean___healthy
img_6a79c279.jpg,Grape___Leaf_blight_(Isariopsis_Leaf_Spot)
img_3f649679.jpg,Soybean___healthy
img_7dc3a5be.jpg,Orange___Haunglongbing_(Citrus_greening)
img_b1b612a0.jpg,Grape___Leaf_blight_(Isariopsis_Leaf_Spot)
img_9aebb167.jpg,Grape___healthy
img_c5f80432.jpg,Apple___healthy
img_8223130a.jpg,Tomato___Bacterial_spot
img_6ed35331.jpg,Tomato___Tomato_Yellow_Leaf_Curl_Virus
img_fa294671.jpg,Tomato___Bacterial_spot
img_1752e5a9.jpg,Soybean___healthy
img_3bc26b48.jpg,Squash___Powdery_mildew
img_b3bcaa19.jpg,Grape___Black_rot
img_d04731f5.jpg,Strawberry___Leaf_scorch
img_44e5466d.jpg,Tomato___Tomato_Yellow_Leaf_Curl_Virus
img_74bfaa21.jpg,Soybean___healthy
img_8bf2db38.jpg,Soybean___healthy
img_aa36d263.jpg,Peach___Bacterial_spot
img_b22309a4.jpg,Cherry_(including_sour)___healthy
img_def64180.jpg,Tomato___Tomato_Yellow_Leaf_Curl_Virus
img_1f211ff3.jpg,Orange___Haunglongbing_(Citrus_greening)
img_13251e54.jpg,Apple___Apple_scab
img_2f4038b4.jpg,Tomato___Spider_mites Two-spotted_spider_mite
img_ba291080.jpg,"Pepper,_bell___healthy"
img_6e25ef4f.jpg,"Pepper,_bell___Bacterial_spot"
img_1c46b95e.jpg,Tomato___Bacterial_spot
img_8776b388.jpg,Tomato___Spider_mites Two-spotted_spider_mite
img_9a694a29.jpg,Cherry_(including_sour)___Powdery_mildew
img_a5417873.jpg,Grape___Leaf_blight_(Isariopsis_Leaf_Spot)
img_a295dd51.jpg,Blueberry___healthy
img_ddcccbe0.jpg,"Pepper,_bell___healthy"
img_4e5a1e18.jpg,Tomato___Bacterial_spot
img_9203b6dd.jpg,"Pepper,_bell___healthy"
img_2b0c1255.jpg,Squash___Powdery_mildew
img_a5edb1f6.jpg,Tomato___Late_blight
img_4b52e304.jpg,Corn_(maize)___healthy
img_c2d265e3.jpg,Tomato___Tomato_Yellow_Leaf_Curl_Virus
img_7f44c538.jpg,Tomato___Tomato_Yellow_Leaf_Curl_Virus
img_99cca17e.jpg,Cherry_(including_sour)___healthy
img_9074cb21.jpg,Soybean___healthy
img_7d77ef11.jpg,Tomato___Septoria_leaf_spot
img_765179fb.jpg,Blueberry___healthy
img_533d9dcd.jpg,Apple___healthy
img_ec9daa98.jpg,Tomato___healthy
img_cc7b03bb.jpg,Tomato___Bacterial_spot
img_181323cf.jpg,Apple___healthy
img_d588707c.jpg,Strawberry___healthy
img_c0cecfba.jpg,"Pepper,_bell___healthy"
img_12dba938.jpg,Corn_(maize)___healthy
img_fdb6a2ab.jpg,Strawberry___healthy
img_bbd106a7.jpg,Blueberry___healthy
img_a58ba7ff.jpg,Blueberry___healthy
img_39160fa6.jpg,Tomato___Septoria_leaf_spot
img_09e8f0b4.jpg,Peach___Bacterial_spot
img_2d17ebe5.jpg,Tomato___Target_Spot
img_adee6331.jpg,Tomato___Leaf_Mold
img_106935f8.jpg,Apple___healthy
img_fd7ef663.jpg,Cherry_(including_sour)___healthy
img_d4551fe8.jpg,Orange___Haunglongbing_(Citrus_greening)
img_09d8cab1.jpg,Tomato___Septoria_leaf_spot
img_cea99569.jpg,Orange___Haunglongbing_(Citrus_greening)
img_4d1649c2.jpg,Squash___Powdery_mildew
img_7654e7c2.jpg,Tomato___Late_blight
img_5d3ed84a.jpg,Tomato___Spider_mites Two-spotted_spider_mite
img_0a5e13e5.jpg,Corn_(maize)___Common_rust_
img_a3cb11c8.jpg,Tomato___Septoria_leaf_spot
img_5f98183a.jpg,Orange___Haunglongbing_(Citrus_greening)
img_1edc4924.jpg,Cherry_(including_sour)___healthy
img_c60ddfc9.jpg,Corn_(maize)___Common_rust_
img_5a909ea0.jpg,Tomato___Bacterial_spot
img_ca14e0fd.jpg,Tomato___healthy
img_e50f8fdb.jpg,"Pepper,_bell___Bacterial_spot"
img_6254db64.jpg,Tomato___Septoria_leaf_spot
img_f9d765f3.jpg,Apple___healthy
img_5f041020.jpg,Grape___Esca_(Black_Measles)
img_f6225344.jpg,Tomato___Bacterial_spot
img_4c358e63.jpg,Peach___Bacterial_spot
img_9d0da608.jpg,Tomato___Tomato_Yellow_Leaf_Curl_Virus
img_68c35dc3.jpg,Tomato___Septoria_leaf_spot
img_cd18c519.jpg,Grape___healthy
img_39f26550.jpg,Tomato___Tomato_Yellow_Leaf_Curl_Virus
img_d343e8fb.jpg,Cherry_(including_sour)___Powdery_mildew
img_a5ad4a1a.jpg,Orange___Haunglongbing_(Citrus_greening)
img_f8f74279.jpg,Soybean___healthy
img_cd6e64f6.jpg,Tomato___Late_blight
img_9fc1ed25.jpg,Soybean___healthy
img_4b1c9a56.jpg,Tomato___Tomato_Yellow_Leaf_Curl_Virus
img_ada6a17d.jpg,Orange___Haunglongbing_(Citrus_greening)
img_064d9155.jpg,Tomato___Tomato_Yellow_Leaf_Curl_Virus
img_d2a05fee.jpg,Orange___Haunglongbing_(Citrus_greening)
img_7985da0a.jpg,Orange___Haunglongbing_(Citrus_greening)
img_87274643.jpg,Peach___Bacterial_spot
img_eca0dc43.jpg,Tomato___Tomato_Yellow_Leaf_Curl_Virus
img_218e43d5.jpg,"Pepper,_bell___healthy"
img_d1c0d925.jpg,Corn_(maize)___Common_rust_
img_25ee50f3.jpg,Orange___Haunglongbing_(Citrus_greening)
img_61625803.jpg,Soybean___healthy
img_52c7b3b7.jpg,Tomato___healthy
img_a632a9cb.jpg,Soybean___healthy
img_60e557f9.jpg,Tomato___Tomato_Yellow_Leaf_Curl_Virus
img_a09c6b09.jpg,"Pepper,_bell___Bacterial_spot"
img_29d5e2af.jpg,Orange___Haunglongbing_(Citrus_greening)
img_b6c295fe.jpg,Orange___Haunglongbing_(Citrus_greening)
img_89b65474.jpg,Tomato___Spider_mites Two-spotted_spider_mite
img_4eee6142.jpg,Orange___Haunglongbing_(Citrus_greening)
img_e119b5bf.jpg,Soybean___healthy
img_4e915b3b.jpg,Tomato___Spider_mites Two-spotted_spider_mite
img_875c2453.jpg,Apple___healthy
img_ba4df49e.jpg,Apple___Apple_scab
img_035436b6.jpg,Tomato___Tomato_Yellow_Leaf_Curl_Virus
img_ea61b7db.jpg,Corn_(maize)___Northern_Leaf_Blight
img_d8d755ca.jpg,Tomato___Tomato_Yellow_Leaf_Curl_Virus
img_585a3fcc.jpg,Tomato___Late_blight
img_310456be.jpg,Tomato___Tomato_Yellow_Leaf_Curl_Virus
img_6a71574a.jpg,Squash___Powdery_mildew
img_6fcc83aa.jpg,Grape___healthy
img_872e2221.jpg,"Pepper,_bell___Bacterial_spot"
img_22b9b09c.jpg,Soybean___healthy
img_202f394e.jpg,Tomato___Septoria_leaf_spot
img_334eba0d.jpg,Tomato___Late_blight
img_e2529618.jpg,Tomato___Bacterial_spot
img_3322e674.jpg,Potato___Early_blight
img_708cefce.jpg,Tomato___Tomato_Yellow_Leaf_Curl_Virus
img_a31b1e1b.jpg,Tomato___Spider_mites Two-spotted_spider_mite
img_942e01ac.jpg,"Pepper,_bell___healthy"
img_fb1119fc.jpg,Orange___Haunglongbing_(Citrus_greening)
img_546dad1d.jpg,Tomato___healthy
img_7ad34ec0.jpg,Squash___Powdery_mildew
img_5db1ce3f.jpg,Tomato___Early_blight
img_472481d7.jpg,Cherry_(including_sour)___Powdery_mildew
img_0e8348a6.jpg,Corn_(maize)___Northern_Leaf_Blight
img_83c7fb23.jpg,Potato___Late_blight
img_7d2b1a24.jpg,Soybean___healthy
img_3f647309.jpg,Grape___healthy
img_d56e33ec.jpg,Potato___Early_blight
img_f8f6a463.jpg,Apple___healthy
img_1ca93789.jpg,Strawberry___healthy
img_6eb96857.jpg,Corn_(maize)___Northern_Leaf_Blight
img_6e697f54.jpg,Tomato___Tomato_Yellow_Leaf_Curl_Virus
img_e32a3ee3.jpg,Peach___Bacterial_spot
img_2f426dbc.jpg,Peach___Bacterial_spot
img_4378414a.jpg,Orange___Haunglongbing_(Citrus_greening)
img_e895a238.jpg,Orange___Haunglongbing_(Citrus_greening)
img_ac71d020.jpg,Tomato___Tomato_Yellow_Leaf_Curl_Virus
img_66c5a0b3.jpg,Tomato___Tomato_Yellow_Leaf_Curl_Virus
img_1a5d38da.jpg,Soybean___healthy
img_8b2a22cd.jpg,Orange___Haunglongbing_(Citrus_greening)
img_4753de80.jpg,Apple___Black_rot
img_a161b246.jpg,Soybean___healthy
img_9bf41753.jpg,Grape___Leaf_blight_(Isariopsis_Leaf_Spot)
img_0cd91848.jpg,Corn_(maize)___healthy
img_410f304f.jpg,Apple___healthy
img_6edc64f4.jpg,Tomato___Spider_mites Two-spotted_spider_mite
img_8d5467f5.jpg,Tomato___Tomato_Yellow_Leaf_Curl_Virus
img_e1ea5c23.jpg,Peach___Bacterial_spot
img_a5f8b05a.jpg,Raspberry___healthy
img_c7f47afe.jpg,Soybean___healthy
img_fb3d9e4f.jpg,Strawberry___healthy
img_1368d1ad.jpg,Cherry_(including_sour)___healthy
img_d48a63b6.jpg,Apple___Apple_scab
img_3ee90cac.jpg,Tomato___Bacterial_spot
img_a4554a03.jpg,Squash___Powdery_mildew
img_5503cc27.jpg,Orange___Haunglongbing_(Citrus_greening)
img_7c7be8b0.jpg,Potato___healthy
img_6878fe26.jpg,Orange___Haunglongbing_(Citrus_greening)
img_23e212cb.jpg,Apple___Cedar_apple_rust
img_3f493f68.jpg,Squash___Powdery_mildew
img_a8db46c0.jpg,Peach___Bacterial_spot
img_e68275ce.jpg,Raspberry___healthy
img_9ca6edc9.jpg,Squash___Powdery_mildew
img_98f57499.jpg,"Pepper,_bell___healthy"
img_96e5bd8d.jpg,Tomato___Tomato_Yellow_Leaf_Curl_Virus
img_d5be8bf8.jpg,Corn_(maize)___healthy
img_4b3da5da.jpg,Tomato___Tomato_mosaic_virus
img_21b6f329.jpg,Tomato___Tomato_Yellow_Leaf_Curl_Virus
img_c80ab3c9.jpg,Tomato___Leaf_Mold
img_07604718.jpg,Grape___Black_rot
img_5cbf1667.jpg,Corn_(maize)___Cercospora_leaf_spot Gray_leaf_spot
img_c6c936c2.jpg,Cherry_(including_sour)___healthy
img_240959ae.jpg,Cherry_(including_sour)___Powdery_mildew
img_a1299863.jpg,"Pepper,_bell___Bacterial_spot"
img_3d4be239.jpg,Soybean___healthy
img_4db9cb56.jpg,Tomato___Target_Spot
img_d2d213c7.jpg,Soybean___healthy
img_94aff6ba.jpg,Tomato___Late_blight
img_9bceb926.jpg,Tomato___Bacterial_spot
img_7ddca75a.jpg,Orange___Haunglongbing_(Citrus_greening)
img_41e64b4e.jpg,Corn_(maize)___Northern_Leaf_Blight
img_a576cfd8.jpg,Apple___healthy
img_ce541f60.jpg,Tomato___Late_blight
img_784f9006.jpg,Tomato___Tomato_Yellow_Leaf_Curl_Virus
img_48c5759a.jpg,Corn_(maize)___healthy
img_b1c2a8e4.jpg,Tomato___Tomato_Yellow_Leaf_Curl_Virus
img_aaf63298.jpg,Orange___Haunglongbing_(Citrus_greening)
img_49b027e9.jpg,Tomato___Spider_mites Two-spotted_spider_mite
img_85ad2ac5.jpg,Tomato___Target_Spot
img_8c541250.jpg,Cherry_(including_sour)___healthy
img_f7679a69.jpg,Grape___Black_rot
img_6c0db703.jpg,Potato___Early_blight
img_464de800.jpg,Orange___Haunglongbing_(Citrus_greening)
img_f85d9f7e.jpg,Soybean___healthy
img_a87e1565.jpg,"Pepper,_bell___Bacterial_spot"
img_15fa09d9.jpg,Soybean___healthy
img_7462209d.jpg,Orange___Haunglongbing_(Citrus_greening)
img_20424f8a.jpg,"Pepper,_bell___healthy"
img_32b82ce4.jpg,Tomato___Septoria_leaf_spot
img_f8ead321.jpg,Tomato___Septoria_leaf_spot
img_72ff92ae.jpg,Grape___Black_rot
img_78d9f89b.jpg,Tomato___Early_blight
img_e7c81e04.jpg,Squash___Powdery_mildew
img_8858a70a.jpg,Tomato___Bacterial_spot
img_4efdb8e6.jpg,Orange___Haunglongbing_(Citrus_greening)
img_aaee2d74.jpg,Tomato___Late_blight
img_8a391bc0.jpg,Apple___Black_rot
img_eddb8e4d.jpg,Apple___healthy
img_f58e7805.jpg,Tomato___Target_Spot
img_f9b1c845.jpg,Orange___Haunglongbing_(Citrus_greening)
img_78649b0e.jpg,Cherry_(including_sour)___Powdery_mildew
img_bf60fb4f.jpg,Tomato___Septoria_leaf_spot
img_d5690ecf.jpg,Soybean___healthy
img_44259f72.jpg,Tomato___Tomato_Yellow_Leaf_Curl_Virus
img_d052e3b8.jpg,Tomato___Tomato_Yellow_Leaf_Curl_Virus
img_8da75f6d.jpg,Tomato___Spider_mites Two-spotted_spider_mite
img_e5effb18.jpg,Soybean___healthy
img_ca76c2fe.jpg,Cherry_(including_sour)___Powdery_mildew
img_805ec5c1.jpg,"Pepper,_bell___healthy"
img_f8c8407d.jpg,Orange___Haunglongbing_(Citrus_greening)
img_5a086c98.jpg,Grape___healthy
img_1dfe489e.jpg,Tomato___Spider_mites Two-spotted_spider_mite
img_2cbfcadf.jpg,Orange___Haunglongbing_(Citrus_greening)
img_4b7b9744.jpg,Tomato___healthy
img_995efad2.jpg,Tomato___Tomato_Yellow_Leaf_Curl_Virus
img_1f01d7fc.jpg,Tomato___Late_blight
img_45a7ad6f.jpg,Soybean___healthy
img_8f680d6f.jpg,Peach___Bacterial_spot
img_20ee8713.jpg,Squash___Powdery_mildew
img_c2e51205.jpg,Tomato___Late_blight
img_d13d45f8.jpg,Tomato___healthy
img_22bdf93c.jpg,"Pepper,_bell___healthy"
img_a68fe270.jpg,Tomato___Tomato_Yellow_Leaf_Curl_Virus
img_8e225892.jpg,Strawberry___healthy
img_c317679e.jpg,Tomato___Tomato_Yellow_Leaf_Curl_Virus
img_e0de730c.jpg,Tomato___Bacterial_spot
img_b6f7113d.jpg,Orange___Haunglongbing_(Citrus_greening)
img_531e1612.jpg,Soybean___healthy
img_68524b45.jpg,"Pepper,_bell___Bacterial_spot"
img_c9b3428b.jpg,Tomato___Tomato_Yellow_Leaf_Curl_Virus
img_390c8c68.jpg,Tomato___Septoria_leaf_spot
img_fad1668e.jpg,Tomato___Tomato_Yellow_Leaf_Curl_Virus
img_3f446a8a.jpg,Tomato___Tomato_Yellow_Leaf_Curl_Virus
img_fc9d3747.jpg,Orange___Haunglongbing_(Citrus_greening)
img_36452384.jpg,Apple___Cedar_apple_rust
img_6ce8f790.jpg,Tomato___Tomato_mosaic_virus
img_414fa673.jpg,Tomato___Target_Spot
img_40446c0f.jpg,Potato___Early_blight
img_8db0a79c.jpg,Soybean___healthy
img_1e8ce6c6.jpg,Peach___Bacterial_spot
img_a7d7f38d.jpg,Corn_(maize)___Northern_Leaf_Blight
img_d86c4b5a.jpg,Blueberry___healthy
img_2ecd60bb.jpg,Soybean___healthy
img_775b3610.jpg,Peach___healthy
img_0ffc26ad.jpg,Tomato___Septoria_leaf_spot
img_b1b7ed6b.jpg,Tomato___Target_Spot
img_95f862c6.jpg,Orange___Haunglongbing_(Citrus_greening)
img_19213e1c.jpg,Soybean___healthy
img_f6119cdd.jpg,Orange___Haunglongbing_(Citrus_greening)
img_5d3ab0b5.jpg,Cherry_(including_sour)___Powdery_mildew
img_5afbee1d.jpg,Grape___Black_rot
img_e96d3b51.jpg,Potato___Late_blight
img_aaaf484b.jpg,"Pepper,_bell___Bacterial_spot"
img_e3ee942d.jpg,Tomato___Early_blight
img_e8d037a9.jpg,"Pepper,_bell___healthy"
img_6dfc74e6.jpg,Blueberry___healthy
img_0005cc83.jpg,Potato___Early_blight
img_af3e0e01.jpg,Peach___Bacterial_spot
img_dfafba0a.jpg,Tomato___Tomato_Yellow_Leaf_Curl_Virus
img_d8ae9bb5.jpg,Cherry_(including_sour)___healthy
img_02757dc0.jpg,Blueberry___healthy
img_33b8d6a6.jpg,Tomato___Tomato_Yellow_Leaf_Curl_Virus
img_c505fa8a.jpg,Grape___Esca_(Black_Measles)
img_679be6dc.jpg,Tomato___Tomato_Yellow_Leaf_Curl_Virus
img_65ac8a5b.jpg,Tomato___healthy
img_111c0866.jpg,Tomato___Tomato_Yellow_Leaf_Curl_Virus
img_edda17cb.jpg,Tomato___Bacterial_spot
img_1aecdd7c.jpg,Tomato___Spider_mites Two-spotted_spider_mite
img_cb833b94.jpg,Tomato___healthy
img_2f10b375.jpg,Tomato___Spider_mites Two-spotted_spider_mite
img_1f284a75.jpg,Grape___healthy
img_4d92350a.jpg,Apple___healthy
img_295190b0.jpg,Soybean___healthy
img_440372fc.jpg,"Pepper,_bell___healthy"
img_274a34a1.jpg,Tomato___Tomato_Yellow_Leaf_Curl_Virus
img_f8c88d3e.jpg,Apple___Cedar_apple_rust
img_abaf9fa9.jpg,Tomato___Tomato_Yellow_Leaf_Curl_Virus
img_1af84dc1.jpg,Grape___Leaf_blight_(Isariopsis_Leaf_Spot)
img_476cf596.jpg,Corn_(maize)___Cercospora_leaf_spot Gray_leaf_spot
img_16fa2a36.jpg,Corn_(maize)___Northern_Leaf_Blight
img_6da690c7.jpg,Orange___Haunglongbing_(Citrus_greening)
img_d0ede2c0.jpg,Orange___Haunglongbing_(Citrus_greening)
img_d9b8208f.jpg,Soybean___healthy
img_6c54fa73.jpg,Grape___Black_rot
img_deb18b66.jpg,Apple___Black_rot
img_6b3c8857.jpg,Tomato___Tomato_Yellow_Leaf_Curl_Virus
img_e1926464.jpg,Tomato___Target_Spot
img_0a0e3acf.jpg,Cherry_(including_sour)___Powdery_mildew
img_1c293c17.jpg,Tomato___Tomato_Yellow_Leaf_Curl_Virus
img_7dd47a4d.jpg,Tomato___Late_blight
img_5a5f5c03.jpg,Soybean___healthy
img_13f4ebb2.jpg,Soybean___healthy
img_750fd85d.jpg,Cherry_(including_sour)___Powdery_mildew
img_4efd427a.jpg,Orange___Haunglongbing_(Citrus_greening)
img_be92c510.jpg,Soybean___healthy
img_c8350d56.jpg,Potato___Early_blight
img_43a78b65.jpg,Orange___Haunglongbing_(Citrus_greening)
img_dd0c0c31.jpg,Tomato___Late_blight
img_63bd9604.jpg,Soybean___healthy
img_c7cc1176.jpg,Grape___Esca_(Black_Measles)
img_c321da21.jpg,Tomato___Tomato_Yellow_Leaf_Curl_Virus
img_815fa4fe.jpg,Potato___healthy
img_c31c0844.jpg,Potato___Early_blight
img_81d2b48e.jpg,Tomato___Early_blight
img_f84e7eae.jpg,Soybean___healthy
img_f2198e17.jpg,Apple___healthy
img_383e64cf.jpg,Tomato___Late_blight
img_72832e7e.jpg,Grape___Leaf_blight_(Isariopsis_Leaf_Spot)
img_106d3042.jpg,Potato___Late_blight
img_1972652d.jpg,Strawberry___healthy
img_12a2fc55.jpg,Orange___Haunglongbing_(Citrus_greening)
img_a603ea4d.jpg,Potato___Late_blight
img_6816f412.jpg,Soybean___healthy
img_e7ab5575.jpg,Grape___Black_rot
img_033939cd.jpg,Soybean___healthy
img_7749b4c9.jpg,Tomato___Tomato_Yellow_Leaf_Curl_Virus
img_77da4c11.jpg,Orange___Haunglongbing_(Citrus_greening)
img_ae569a4f.jpg,Soybean___healthy
img_23790f5c.jpg,Tomato___Tomato_Yellow_Leaf_Curl_Virus
img_8cef5811.jpg,Squash___Powdery_mildew
img_390b9945.jpg,Cherry_(including_sour)___Powdery_mildew
img_926648a9.jpg,"Pepper,_bell___healthy"
img_b6a286a0.jpg,Tomato___Bacterial_spot
img_a9ea75d6.jpg,Tomato___Leaf_Mold
img_2e62a842.jpg,Potato___healthy
img_02ad873d.jpg,Potato___Late_blight
img_b1203351.jpg,Tomato___Early_blight
img_e81bcbdc.jpg,Tomato___Target_Spot
img_83b19243.jpg,Peach___healthy
img_26160b16.jpg,Grape___Esca_(Black_Measles)
img_abc06544.jpg,Tomato___Target_Spot
img_557907c9.jpg,Peach___Bacterial_spot
img_2de4cb2b.jpg,Tomato___Tomato_Yellow_Leaf_Curl_Virus
img_35a639e1.jpg,Tomato___Spider_mites Two-spotted_spider_mite
img_cd646943.jpg,Soybean___healthy
img_7380c632.jpg,Soybean___healthy
img_de4bdd3c.jpg,Soybean___healthy
img_22e01caf.jpg,Strawberry___Leaf_scorch
img_58048b23.jpg,Peach___Bacterial_spot
img_b2ffd6f6.jpg,Tomato___Tomato_Yellow_Leaf_Curl_Virus
img_b51b1734.jpg,Soybean___healthy
img_55d25869.jpg,Corn_(maize)___healthy
img_9a1a42bb.jpg,Tomato___Leaf_Mold
img_4a2917de.jpg,Blueberry___healthy
img_30f342a7.jpg,Orange___Haunglongbing_(Citrus_greening)
img_fd0187d2.jpg,Soybean___healthy
img_77bfd15d.jpg,Tomato___Tomato_Yellow_Leaf_Curl_Virus
img_82dabc18.jpg,Tomato___Tomato_Yellow_Leaf_Curl_Virus
img_856146ca.jpg,Strawberry___Leaf_scorch
img_5e748cca.jpg,Apple___Apple_scab
img_7b81e6b6.jpg,Grape___Esca_(Black_Measles)
img_5eccb966.jpg,Tomato___Bacterial_spot
img_5773913a.jpg,Strawberry___Leaf_scorch
img_dd7496f9.jpg,Tomato___Spider_mites Two-spotted_spider_mite
img_715ec6a8.jpg,Blueberry___healthy
img_b9d3c0a5.jpg,Tomato___Late_blight
img_c8975e6b.jpg,Orange___Haunglongbing_(Citrus_greening)
img_fb5851b4.jpg,Apple___healthy
img_be467ae0.jpg,Tomato___Septoria_leaf_spot
img_425bf2a6.jpg,Corn_(maize)___Northern_Leaf_Blight
img_0536c75e.jpg,"Pepper,_bell___Bacterial_spot"
img_be29080b.jpg,Tomato___Septoria_leaf_spot
img_4b0958ff.jpg,Grape___Black_rot
img_8f696328.jpg,Tomato___Late_blight
img_c8d1f07a.jpg,Soybean___healthy
img_ad3ccac1.jpg,Peach___Bacterial_spot
img_146cd558.jpg,Soybean___healthy
img_f4d91e12.jpg,Tomato___Septoria_leaf_spot
img_384e7f6d.jpg,Orange___Haunglongbing_(Citrus_greening)
img_1c21f23f.jpg,Corn_(maize)___Northern_Leaf_Blight
img_cbc44b48.jpg,Orange___Haunglongbing_(Citrus_greening)
img_12850e6c.jpg,Orange___Haunglongbing_(Citrus_greening)
img_b30c4251.jpg,Orange___Haunglongbing_(Citrus_greening)
img_f1ff0686.jpg,Soybean___healthy
img_d81169d5.jpg,Grape___Leaf_blight_(Isariopsis_Leaf_Spot)
img_86a79658.jpg,Tomato___Septoria_leaf_spot
img_b0f6419a.jpg,Grape___Leaf_blight_(Isariopsis_Leaf_Spot)
img_6c5213a3.jpg,Apple___healthy
img_2f39d5d3.jpg,Soybean___healthy
img_bbeca8ca.jpg,Orange___Haunglongbing_(Citrus_greening)
img_20613dc2.jpg,Soybean___healthy
img_5c4f66e7.jpg,Orange___Haunglongbing_(Citrus_greening)
img_fdcc8821.jpg,Apple___healthy
img_c084f82e.jpg,Soybean___healthy
img_eabd36a1.jpg,Tomato___Bacterial_spot
img_3bbc10f5.jpg,Grape___Leaf_blight_(Isariopsis_Leaf_Spot)
img_2a7a73ea.jpg,Tomato___Tomato_Yellow_Leaf_Curl_Virus
img_6aa79987.jpg,Tomato___Late_blight
img_769336af.jpg,Soybean___healthy
img_5a8fd4b7.jpg,Cherry_(including_sour)___healthy
img_0c7d9afd.jpg,Orange___Haunglongbing_(Citrus_greening)
img_0ff0e9a2.jpg,Strawberry___Leaf_scorch
img_310685b6.jpg,Tomato___Septoria_leaf_spot
img_5f91a288.jpg,Orange___Haunglongbing_(Citrus_greening)
img_5afab88d.jpg,Tomato___Tomato_Yellow_Leaf_Curl_Virus
img_5c11fcdd.jpg,Orange___Haunglongbing_(Citrus_greening)
img_224a7a84.jpg,Tomato___Leaf_Mold
img_ac8540c4.jpg,Blueberry___healthy
img_bebcc006.jpg,Soybean___healthy
img_85a37087.jpg,Tomato___Tomato_Yellow_Leaf_Curl_Virus
img_abdf677b.jpg,Corn_(maize)___healthy
img_4370b995.jpg,Strawberry___healthy
img_f746800e.jpg,Corn_(maize)___healthy
img_5ffebab2.jpg,"Pepper,_bell___Bacterial_spot"
img_5844e463.jpg,Orange___Haunglongbing_(Citrus_greening)
img_afa05c21.jpg,Corn_(maize)___Common_rust_
img_03bd4968.jpg,Tomato___Target_Spot
img_97b982a3.jpg,Orange___Haunglongbing_(Citrus_greening)
img_4efd285b.jpg,Tomato___Bacterial_spot
img_0f65efd0.jpg,Strawberry___Leaf_scorch
img_f1929637.jpg,Soybean___healthy
img_af05d73d.jpg,Squash___Powdery_mildew
img_449f40b0.jpg,Orange___Haunglongbing_(Citrus_greening)
img_45c747c0.jpg,Apple___Apple_scab
img_6e68215b.jpg,Tomato___healthy
img_35c61940.jpg,Strawberry___Leaf_scorch
img_e514cbbc.jpg,Tomato___Target_Spot
img_341e42a6.jpg,Soybean___healthy
img_b05ea2cb.jpg,Orange___Haunglongbing_(Citrus_greening)
img_9616866d.jpg,Corn_(maize)___Cercospora_leaf_spot Gray_leaf_spot
img_19300dba.jpg,Tomato___Late_blight
img_04f9c63e.jpg,Soybean___healthy
img_5cb201f5.jpg,"Pepper,_bell___Bacterial_spot"
img_9b00abae.jpg,Tomato___Tomato_Yellow_Leaf_Curl_Virus
img_75b34f85.jpg,Blueberry___healthy
img_a856ae2c.jpg,Tomato___Leaf_Mold
img_0f62da8b.jpg,Grape___Esca_(Black_Measles)
img_5efe0307.jpg,Corn_(maize)___healthy
img_978f96e3.jpg,Grape___healthy
img_92bc1ce2.jpg,Grape___Black_rot
img_f084b065.jpg,Cherry_(including_sour)___Powdery_mildew
img_3b710a60.jpg,Orange___Haunglongbing_(Citrus_greening)
img_902f0f27.jpg,"Pepper,_bell___healthy"
img_cf72cc96.jpg,"Pepper,_bell___healthy"
img_a5b3e05f.jpg,Corn_(maize)___Common_rust_
img_7f05f95b.jpg,Soybean___healthy
img_cb879934.jpg,Orange___Haunglongbing_(Citrus_greening)
img_8de81a9f.jpg,"Pepper,_bell___healthy"
img_558302c3.jpg,Tomato___Tomato_Yellow_Leaf_Curl_Virus
img_597411bc.jpg,Squash___Powdery_mildew
img_183e045b.jpg,Cherry_(including_sour)___Powdery_mildew
img_4983c7d7.jpg,Tomato___Bacterial_spot
img_49410d21.jpg,Grape___Leaf_blight_(Isariopsis_Leaf_Spot)
img_431540bf.jpg,Tomato___healthy
img_d9315b1d.jpg,Grape___Leaf_blight_(Isariopsis_Leaf_Spot)
img_df7a98b2.jpg,Tomato___Leaf_Mold
img_31ec981b.jpg,Tomato___Target_Spot
img_f6f168b1.jpg,Soybean___healthy
img_04beb975.jpg,Peach___Bacterial_spot
img_2420dbdc.jpg,Grape___Black_rot
img_1a968012.jpg,Orange___Haunglongbing_(Citrus_greening)
img_db88ea58.jpg,Soybean___healthy
img_cdef151f.jpg,Tomato___healthy
img_60361ec4.jpg,Tomato___Tomato_mosaic_virus
img_dfcf348e.jpg,"Pepper,_bell___Bacterial_spot"
img_3404731e.jpg,Peach___Bacterial_spot
img_98c145e6.jpg,Soybean___healthy
img_46fa186f.jpg,"Pepper,_bell___Bacterial_spot"
img_0cdf6830.jpg,Grape___Black_rot
img_f21b2de6.jpg,Tomato___Tomato_Yellow_Leaf_Curl_Virus
img_4fc21761.jpg,Orange___Haunglongbing_(Citrus_greening)
img_542e9bd2.jpg,Squash___Powdery_mildew
img_081ac04e.jpg,Tomato___Early_blight
img_ed8f3192.jpg,Corn_(maize)___Common_rust_
img_863d45fd.jpg,Tomato___Tomato_Yellow_Leaf_Curl_Virus
img_3ea1c856.jpg,Orange___Haunglongbing_(Citrus_greening)
img_bc967d1c.jpg,Corn_(maize)___Common_rust_
img_90332bd3.jpg,Soybean___healthy
img_6e7a3c36.jpg,Raspberry___healthy
img_340290e2.jpg,Peach___Bacterial_spot
img_928196c5.jpg,Peach___Bacterial_spot
img_a052a1dc.jpg,Peach___Bacterial_spot
img_3428741d.jpg,Soybean___healthy
img_1d780545.jpg,Tomato___Leaf_Mold
img_ec429131.jpg,Tomato___Tomato_Yellow_Leaf_Curl_Virus
img_a1bbf927.jpg,Orange___Haunglongbing_(Citrus_greening)
img_4a6c8bbb.jpg,"Pepper,_bell___Bacterial_spot"
img_dbfaa3bd.jpg,Tomato___Bacterial_spot
img_db23bb56.jpg,Tomato___Late_blight
img_6cc267a8.jpg,Tomato___Late_blight
img_d1dad358.jpg,Tomato___healthy
img_89719d09.jpg,Grape___Black_rot
img_17ab0213.jpg,Grape___Black_rot
img_dfc2a45f.jpg,Soybean___healthy
img_01e740da.jpg,Cherry_(including_sour)___Powdery_mildew
img_f2529609.jpg,Strawberry___healthy
img_5e5d330d.jpg,Tomato___Tomato_Yellow_Leaf_Curl_Virus
img_3034104c.jpg,Peach___healthy
img_7aad5d6f.jpg,Tomato___Tomato_Yellow_Leaf_Curl_Virus
img_5848b06f.jpg,"Pepper,_bell___healthy"
img_ef985b2f.jpg,Soybean___healthy
img_7f5f0c1b.jpg,Tomato___Septoria_leaf_spot
img_3879eee6.jpg,Squash___Powdery_mildew
img_f45054d8.jpg,Tomato___Spider_mites Two-spotted_spider_mite
img_602378b2.jpg,Potato___Early_blight
img_4f734b05.jpg,Tomato___Target_Spot
img_a5fde205.jpg,Apple___healthy
img_b40492f2.jpg,Orange___Haunglongbing_(Citrus_greening)
img_ebdf336c.jpg,Tomato___Septoria_leaf_spot
img_178d1f23.jpg,Orange___Haunglongbing_(Citrus_greening)
img_cfe15b7e.jpg,Grape___Black_rot
img_5fe7147b.jpg,Corn_(maize)___Cercospora_leaf_spot Gray_leaf_spot
img_63c2e88d.jpg,Tomato___Late_blight
img_90fb5966.jpg,Tomato___healthy
img_16ff9b8e.jpg,Grape___Black_rot
img_6e724599.jpg,Corn_(maize)___Cercospora_leaf_spot Gray_leaf_spot
img_194f827f.jpg,"Pepper,_bell___healthy"
img_692767e1.jpg,Grape___Esca_(Black_Measles)
img_41a1647a.jpg,Soybean___healthy
img_4a380bcc.jpg,Strawberry___Leaf_scorch
img_3648d727.jpg,Tomato___Tomato_Yellow_Leaf_Curl_Virus
img_4dc76637.jpg,Orange___Haunglongbing_(Citrus_greening)
img_803c8c6c.jpg,Tomato___Septoria_leaf_spot
img_0b73bd66.jpg,Tomato___Bacterial_spot
img_a578cb6e.jpg,Potato___Late_blight
img_98c77dc2.jpg,Peach___Bacterial_spot
img_7fd25569.jpg,Potato___Early_blight
img_9b7d9ec3.jpg,Potato___Late_blight
img_88cec2c1.jpg,Tomato___Target_Spot
img_0d0df8a9.jpg,"Pepper,_bell___healthy"
img_c5211035.jpg,Tomato___Tomato_Yellow_Leaf_Curl_Virus
img_68a47cac.jpg,Grape___Leaf_blight_(Isariopsis_Leaf_Spot)
img_f5d2f59a.jpg,Soybean___healthy
img_92930749.jpg,Soybean___healthy
img_7032d79f.jpg,Orange___Haunglongbing_(Citrus_greening)
img_6481756a.jpg,Tomato___Tomato_Yellow_Leaf_Curl_Virus
img_e21da5bb.jpg,Soybean___healthy
img_6216bce1.jpg,Tomato___Septoria_leaf_spot
img_59d68e0f.jpg,Corn_(maize)___healthy
img_7112293b.jpg,Orange___Haunglongbing_(Citrus_greening)
img_4190810b.jpg,Apple___Apple_scab
img_5d1eb271.jpg,Strawberry___healthy
img_3f2e51ca.jpg,Blueberry___healthy
img_c36a3f9f.jpg,Tomato___Septoria_leaf_spot
img_8d6d3c66.jpg,Corn_(maize)___Common_rust_
img_9e8b4f1b.jpg,Soybean___healthy
img_a0ab2972.jpg,Grape___Esca_(Black_Measles)
img_94919012.jpg,Soybean___healthy
img_08844494.jpg,Orange___Haunglongbing_(Citrus_greening)
img_100837b2.jpg,Peach___Bacterial_spot
img_0b9d5897.jpg,Peach___Bacterial_spot
img_ecfc0f98.jpg,Cherry_(including_sour)___Powdery_mildew
img_c57cf0ae.jpg,Grape___Leaf_blight_(Isariopsis_Leaf_Spot)
img_c9416820.jpg,Potato___healthy
img_9d7f63e4.jpg,Tomato___Tomato_Yellow_Leaf_Curl_Virus
img_597a8c1d.jpg,Strawberry___Leaf_scorch
img_e5739d09.jpg,"Pepper,_bell___healthy"
img_a62c1fce.jpg,"Pepper,_bell___healthy"
img_f157a60b.jpg,Tomato___Early_blight
img_0909d3e6.jpg,Apple___healthy
img_fcfb3988.jpg,Tomato___Tomato_Yellow_Leaf_Curl_Virus
img_d86254fd.jpg,Tomato___Tomato_Yellow_Leaf_Curl_Virus
img_88ad69ea.jpg,Apple___healthy
img_bf603ed0.jpg,Apple___healthy
img_dc64c269.jpg,Tomato___Bacterial_spot
img_055ad42f.jpg,Tomato___Tomato_Yellow_Leaf_Curl_Virus
img_e44fd4d5.jpg,Tomato___Target_Spot
img_0006f6de.jpg,Tomato___Tomato_Yellow_Leaf_Curl_Virus
img_adab928a.jpg,Soybean___healthy
img_23cc5c91.jpg,Grape___Leaf_blight_(Isariopsis_Leaf_Spot)
img_d2adcaa9.jpg,Tomato___Tomato_Yellow_Leaf_Curl_Virus
img_293965ad.jpg,Tomato___Tomato_Yellow_Leaf_Curl_Virus
img_48923fa1.jpg,Peach___Bacterial_spot
img_a5e80475.jpg,Tomato___Septoria_leaf_spot
img_c2a8bf9b.jpg,Orange___Haunglongbing_(Citrus_greening)
img_8168d801.jpg,Apple___healthy
img_750fd0cc.jpg,Strawberry___Leaf_scorch
img_e2bf4651.jpg,Tomato___Tomato_mosaic_virus
img_9bbeaf81.jpg,Tomato___Tomato_Yellow_Leaf_Curl_Virus
img_c19662ac.jpg,Squash___Powdery_mildew
img_624e22d0.jpg,Peach___Bacterial_spot
img_9dc32047.jpg,"Pepper,_bell___healthy"
img_3c7c560b.jpg,Strawberry___healthy
img_3112d2a0.jpg,Potato___Early_blight
img_6843ab4e.jpg,Peach___Bacterial_spot
img_5cbdb1c9.jpg,Soybean___healthy
img_d275caaa.jpg,Peach___Bacterial_spot
img_71656a17.jpg,Tomato___Tomato_Yellow_Leaf_Curl_Virus
img_4d4b1641.jpg,Soybean___healthy
img_fffa3f78.jpg,Cherry_(including_sour)___healthy
img_70114b63.jpg,Orange___Haunglongbing_(Citrus_greening)
img_39b88d9f.jpg,Grape___Esca_(Black_Measles)
img_1e6476a5.jpg,Tomato___Spider_mites Two-spotted_spider_mite
img_2310c673.jpg,Cherry_(including_sour)___healthy
img_f4e2839a.jpg,Blueberry___healthy
img_3cbccb88.jpg,Tomato___healthy
img_4922dcf6.jpg,Apple___healthy
img_b18702bb.jpg,Peach___Bacterial_spot
img_3d501d82.jpg,Grape___Esca_(Black_Measles)
img_5a36fcd1.jpg,Orange___Haunglongbing_(Citrus_greening)
img_990bac83.jpg,"Pepper,_bell___healthy"
img_c4f38aed.jpg,Tomato___Septoria_leaf_spot
img_799e7250.jpg,Tomato___Bacterial_spot
img_4adf711a.jpg,Soybean___healthy
img_86bac698.jpg,Tomato___Tomato_Yellow_Leaf_Curl_Virus
img_ec77c702.jpg,Tomato___Spider_mites Two-spotted_spider_mite
img_b3d13923.jpg,Orange___Haunglongbing_(Citrus_greening)
img_de8f18b1.jpg,Grape___Leaf_blight_(Isariopsis_Leaf_Spot)
img_e5f6a054.jpg,Tomato___Early_blight
img_eba5535e.jpg,"Pepper,_bell___healthy"
img_13ce6a3c.jpg,Tomato___Bacterial_spot
img_0d798016.jpg,Tomato___Bacterial_spot
img_9eb091b6.jpg,Potato___Early_blight
img_33f0770e.jpg,Tomato___Late_blight
img_a7ab729e.jpg,Potato___Late_blight
img_24a590cf.jpg,Potato___Late_blight
img_03603307.jpg,Tomato___Tomato_Yellow_Leaf_Curl_Virus
img_3d9b3e6b.jpg,Tomato___Septoria_leaf_spot
img_81568a8d.jpg,Apple___healthy
img_2daebe24.jpg,Potato___Early_blight
img_871c0686.jpg,Cherry_(including_sour)___Powdery_mildew
img_ca1ba80e.jpg,Peach___Bacterial_spot
img_e9f6a261.jpg,Tomato___Tomato_Yellow_Leaf_Curl_Virus
img_b309d885.jpg,Squash___Powdery_mildew
img_f03b68c9.jpg,Tomato___Target_Spot
img_7cb23bf9.jpg,Orange___Haunglongbing_(Citrus_greening)
img_7e0c17a1.jpg,Peach___Bacterial_spot
img_2b80a1c3.jpg,Tomato___healthy
img_82ea8326.jpg,Orange___Haunglongbing_(Citrus_greening)
img_a3adb3cd.jpg,Tomato___Tomato_Yellow_Leaf_Curl_Virus
img_15fc9061.jpg,Tomato___Tomato_Yellow_Leaf_Curl_Virus
img_e0fc8e96.jpg,Corn_(maize)___Northern_Leaf_Blight
img_ca750b1b.jpg,Soybean___healthy
img_4988d82d.jpg,Tomato___Tomato_Yellow_Leaf_Curl_Virus
img_f4f31415.jpg,Cherry_(including_sour)___healthy
img_cb1853c9.jpg,Soybean___healthy
img_14bd51df.jpg,Orange___Haunglongbing_(Citrus_greening)
img_d828b5dc.jpg,Tomato___Tomato_Yellow_Leaf_Curl_Virus
img_cf85ee83.jpg,Potato___Early_blight
img_06df46e9.jpg,Tomato___Tomato_Yellow_Leaf_Curl_Virus
img_1a780d1a.jpg,Corn_(maize)___healthy
img_6a4f9f5d.jpg,Tomato___healthy
img_eda0985d.jpg,Tomato___Tomato_Yellow_Leaf_Curl_Virus
img_9220fc03.jpg,Tomato___Late_blight
img_ac210214.jpg,Tomato___Target_Spot
img_1a743ef2.jpg,Orange___Haunglongbing_(Citrus_greening)
img_9b40ba7c.jpg,Tomato___Early_blight
img_d148df32.jpg,Peach___Bacterial_spot
img_451ef946.jpg,Grape___Black_rot
img_53d2d355.jpg,Blueberry___healthy
img_75b0eea6.jpg,Tomato___Target_Spot
img_a170c4fd.jpg,"Pepper,_bell___healthy"
img_5694c774.jpg,Tomato___healthy
img_0b29366e.jpg,Tomato___healthy
img_9df5d8a9.jpg,Apple___healthy
img_65171fe0.jpg,Tomato___Septoria_leaf_spot
img_d05d87b7.jpg,Grape___Esca_(Black_Measles)
img_438ecd8d.jpg,Tomato___Leaf_Mold
img_49689631.jpg,Soybean___healthy
img_06ddc9d4.jpg,Potato___Late_blight
img_8a10a902.jpg,Tomato___Target_Spot
img_588acb11.jpg,Tomato___Spider_mites Two-spotted_spider_mite
img_fa3a4d5f.jpg,Grape___Leaf_blight_(Isariopsis_Leaf_Spot)
img_3d953aac.jpg,Orange___Haunglongbing_(Citrus_greening)
img_fe00e7dc.jpg,Orange___Haunglongbing_(Citrus_greening)
img_830045aa.jpg,Apple___healthy
img_6ad3d19b.jpg,Tomato___Tomato_Yellow_Leaf_Curl_Virus
img_8ee7deef.jpg,Tomato___Tomato_Yellow_Leaf_Curl_Virus
img_65dc72f5.jpg,Tomato___Bacterial_spot
img_72eed71d.jpg,Corn_(maize)___healthy
img_2f6b71a5.jpg,Grape___healthy
img_ad34941c.jpg,Corn_(maize)___Cercospora_leaf_spot Gray_leaf_spot
img_0b2db673.jpg,Cherry_(including_sour)___Powdery_mildew
img_d24905a2.jpg,Corn_(maize)___healthy
img_a38d51e5.jpg,Tomato___Septoria_leaf_spot
img_e991787b.jpg,Tomato___Spider_mites Two-spotted_spider_mite
img_3166feda.jpg,Grape___Esca_(Black_Measles)
img_e7a63afc.jpg,Tomato___Spider_mites Two-spotted_spider_mite
img_ed66e5b2.jpg,Tomato___Bacterial_spot
img_037c15a5.jpg,Squash___Powdery_mildew
img_6321dfa8.jpg,Soybean___healthy
img_16a4a4f7.jpg,Grape___Black_rot
img_a42ba1d8.jpg,Grape___Black_rot
img_6daea0cb.jpg,Potato___Early_blight
img_2870e96a.jpg,Orange___Haunglongbing_(Citrus_greening)
img_a1bc76d6.jpg,Peach___Bacterial_spot
img_a61b6c1b.jpg,Orange___Haunglongbing_(Citrus_greening)
img_44c9ca82.jpg,Blueberry___healthy
img_0825b826.jpg,Tomato___Tomato_Yellow_Leaf_Curl_Virus
img_2c133913.jpg,Orange___Haunglongbing_(Citrus_greening)
img_a68ae58c.jpg,Orange___Haunglongbing_(Citrus_greening)
img_0459d1b3.jpg,Tomato___Early_blight
img_36333b19.jpg,Tomato___Bacterial_spot
img_cc3ada91.jpg,Tomato___Tomato_Yellow_Leaf_Curl_Virus
img_876f1098.jpg,Grape___Black_rot
img_49c1fd5c.jpg,Soybean___healthy
img_dbf66d1e.jpg,Corn_(maize)___Common_rust_
img_c88ff020.jpg,Corn_(maize)___Common_rust_
img_bdba7e56.jpg,Grape___Esca_(Black_Measles)
img_7fccfc4b.jpg,Corn_(maize)___Northern_Leaf_Blight
img_f3749d34.jpg,Soybean___healthy
img_2762d78b.jpg,Tomato___Leaf_Mold
img_889ecd0b.jpg,"Pepper,_bell___Bacterial_spot"
img_86502ff3.jpg,Tomato___healthy
img_449fda63.jpg,Grape___Black_rot
img_aab88c76.jpg,Tomato___Spider_mites Two-spotted_spider_mite
img_57e00f72.jpg,"Pepper,_bell___healthy"
img_0742f31c.jpg,Grape___healthy
img_6f8aab1d.jpg,Soybean___healthy
img_3052c302.jpg,Corn_(maize)___Northern_Leaf_Blight
img_bbddf6bb.jpg,Peach___Bacterial_spot
img_c689f537.jpg,Orange___Haunglongbing_(Citrus_greening)
img_63f2b0b4.jpg,Peach___Bacterial_spot
img_4ccb3a6b.jpg,Orange___Haunglongbing_(Citrus_greening)
img_72419fa3.jpg,Tomato___Tomato_mosaic_virus
img_3d2f9e2e.jpg,Soybean___healthy
img_52f3b273.jpg,Tomato___Early_blight
img_d2cf4a1a.jpg,Peach___Bacterial_spot
img_01e9cd8e.jpg,Peach___Bacterial_spot
img_eb7c9b4d.jpg,Cherry_(including_sour)___Powdery_mildew
img_97680d6e.jpg,Strawberry___Leaf_scorch
img_fcaccfee.jpg,Squash___Powdery_mildew
img_044ebc02.jpg,Tomato___Tomato_Yellow_Leaf_Curl_Virus
img_e361561b.jpg,Corn_(maize)___Northern_Leaf_Blight
img_0c79a485.jpg,Tomato___Bacterial_spot
img_d84f0b7e.jpg,Peach___Bacterial_spot
img_26e95a6a.jpg,Orange___Haunglongbing_(Citrus_greening)
img_e980d770.jpg,Tomato___Tomato_Yellow_Leaf_Curl_Virus
img_55075535.jpg,Soybean___healthy
img_ace1ee57.jpg,Cherry_(including_sour)___Powdery_mildew
img_d956fbe0.jpg,Tomato___Bacterial_spot
img_d25f36f7.jpg,Blueberry___healthy
img_1151b94f.jpg,Tomato___Septoria_leaf_spot
img_945c68dd.jpg,Corn_(maize)___healthy
img_f6f1e905.jpg,Squash___Powdery_mildew
img_93a6a6d6.jpg,Tomato___Spider_mites Two-spotted_spider_mite
img_bf5119d1.jpg,Peach___healthy
img_4fb227bd.jpg,Soybean___healthy
img_6db73932.jpg,Orange___Haunglongbing_(Citrus_greening)
img_c265182a.jpg,Apple___healthy
img_d530eb2d.jpg,Orange___Haunglongbing_(Citrus_greening)
img_a6d06e9b.jpg,Soybean___healthy
img_680620d3.jpg,Orange___Haunglongbing_(Citrus_greening)
img_c57d1ed7.jpg,"Pepper,_bell___healthy"
img_8d233d40.jpg,Grape___Leaf_blight_(Isariopsis_Leaf_Spot)
img_5621c24c.jpg,Potato___Late_blight
img_fcdf2afd.jpg,Tomato___Spider_mites Two-spotted_spider_mite
img_61c2599a.jpg,Blueberry___healthy
img_65b437fa.jpg,Strawberry___Leaf_scorch
img_a64fcf33.jpg,Tomato___Tomato_Yellow_Leaf_Curl_Virus
img_74baa620.jpg,"Pepper,_bell___healthy"
img_715367f3.jpg,Corn_(maize)___healthy
img_f896b3bc.jpg,Tomato___Tomato_mosaic_virus
img_4c5a4672.jpg,Orange___Haunglongbing_(Citrus_greening)
img_fce1e369.jpg,Tomato___Early_blight
img_02e55d6b.jpg,Tomato___Tomato_Yellow_Leaf_Curl_Virus
img_85c3fbe3.jpg,Grape___Leaf_blight_(Isariopsis_Leaf_Spot)
img_cbfe9cf4.jpg,Tomato___Leaf_Mold
img_2bbab187.jpg,Tomato___Tomato_Yellow_Leaf_Curl_Virus
img_c95a6298.jpg,Strawberry___healthy
img_73ae6ce7.jpg,Peach___Bacterial_spot
img_70000f14.jpg,"Pepper,_bell___healthy"
img_60ab2742.jpg,Peach___Bacterial_spot
img_49d4159c.jpg,Apple___healthy
img_21f5f979.jpg,Tomato___Spider_mites Two-spotted_spider_mite
img_a4f88980.jpg,Potato___Late_blight
img_6743e0a1.jpg,Tomato___Leaf_Mold
img_e191659e.jpg,Tomato___Tomato_Yellow_Leaf_Curl_Virus
img_f5d9299f.jpg,Apple___healthy
img_cd9258cd.jpg,Orange___Haunglongbing_(Citrus_greening)
img_76299cb3.jpg,Tomato___Septoria_leaf_spot
img_21b77dd9.jpg,Tomato___Tomato_Yellow_Leaf_Curl_Virus
img_2d60f1f0.jpg,Tomato___Late_blight
img_0a173f8b.jpg,"Pepper,_bell___healthy"
img_7ff67d32.jpg,Tomato___Late_blight
img_f3742413.jpg,Tomato___Tomato_Yellow_Leaf_Curl_Virus
img_a141dc9a.jpg,Orange___Haunglongbing_(Citrus_greening)
img_54886ed9.jpg,Tomato___Early_blight
img_8fd7b20a.jpg,Cherry_(including_sour)___Powdery_mildew
img_e4bb90ed.jpg,Tomato___healthy
img_c3c37635.jpg,Grape___Esca_(Black_Measles)
img_6a19d8aa.jpg,Grape___Leaf_blight_(Isariopsis_Leaf_Spot)
img_f0f5d889.jpg,Soybean___healthy
img_d4e9155f.jpg,Blueberry___healthy
img_0ee6a72a.jpg,Tomato___Tomato_Yellow_Leaf_Curl_Virus
img_0f0c8cf5.jpg,Soybean___healthy
img_4dc73263.jpg,Squash___Powdery_mildew
img_8dce4e16.jpg,Soybean___healthy
img_938bb4ad.jpg,Apple___Apple_scab
img_56b91943.jpg,Tomato___Late_blight
img_ad334cec.jpg,Potato___Late_blight
img_12a37412.jpg,Cherry_(including_sour)___Powdery_mildew
img_368e1e80.jpg,Corn_(maize)___healthy
img_11f07aca.jpg,Apple___healthy
img_97cfd0b9.jpg,"Pepper,_bell___Bacterial_spot"
img_e71865cb.jpg,Soybean___healthy
img_8fca58eb.jpg,Tomato___Leaf_Mold
img_878b1784.jpg,Corn_(maize)___Common_rust_
img_b6c86017.jpg,Tomato___Target_Spot
img_06ad3af8.jpg,Apple___Black_rot
img_d9c56e36.jpg,Tomato___Tomato_Yellow_Leaf_Curl_Virus
img_1058a4c4.jpg,Orange___Haunglongbing_(Citrus_greening)
img_358dbadb.jpg,Tomato___Early_blight
img_abd4f3e0.jpg,Strawberry___Leaf_scorch
img_5888a47f.jpg,Apple___Apple_scab
img_ad6035f6.jpg,Corn_(maize)___Cercospora_leaf_spot Gray_leaf_spot
img_9349b12c.jpg,Potato___Early_blight
img_1533fc7a.jpg,Peach___Bacterial_spot
img_34094636.jpg,Tomato___Tomato_Yellow_Leaf_Curl_Virus
img_e982839a.jpg,Tomato___Bacterial_spot
img_a8147264.jpg,Apple___healthy
img_da98411b.jpg,"Pepper,_bell___Bacterial_spot"
img_7c9505ec.jpg,Apple___Cedar_apple_rust
img_da03f84b.jpg,Corn_(maize)___Northern_Leaf_Blight
img_89f4716d.jpg,Tomato___Tomato_Yellow_Leaf_Curl_Virus
img_21e8ff94.jpg,Tomato___Target_Spot
img_59e617b6.jpg,Peach___Bacterial_spot
img_20349519.jpg,Grape___Leaf_blight_(Isariopsis_Leaf_Spot)
img_903762f8.jpg,Grape___healthy
img_9c8f4a66.jpg,Orange___Haunglongbing_(Citrus_greening)
img_53092822.jpg,Tomato___Spider_mites Two-spotted_spider_mite
img_5958067d.jpg,Tomato___Tomato_Yellow_Leaf_Curl_Virus
img_91c17f9b.jpg,Tomato___healthy
img_ebec2f74.jpg,Soybean___healthy
img_80f40e48.jpg,Tomato___Late_blight
img_99f1e703.jpg,Corn_(maize)___Common_rust_
img_159f854d.jpg,Tomato___Spider_mites Two-spotted_spider_mite
img_1824ac1a.jpg,Corn_(maize)___Common_rust_
img_6091282d.jpg,Tomato___Tomato_Yellow_Leaf_Curl_Virus
img_04d5269d.jpg,Tomato___Bacterial_spot
img_df9f19bf.jpg,Soybean___healthy
img_dd095c4a.jpg,Strawberry___Leaf_scorch
img_90272542.jpg,Soybean___healthy
img_5770461f.jpg,Apple___Black_rot
img_dc5f85c4.jpg,Tomato___Tomato_Yellow_Leaf_Curl_Virus
img_fbf0e97b.jpg,Grape___Leaf_blight_(Isariopsis_Leaf_Spot)
img_0a795b90.jpg,Tomato___Leaf_Mold
img_2093ac93.jpg,Soybean___healthy
img_63eb0595.jpg,Strawberry___Leaf_scorch
img_aba34e67.jpg,Corn_(maize)___Northern_Leaf_Blight
img_c53287b5.jpg,Potato___Late_blight
img_25007c70.jpg,Potato___Early_blight
img_9195093f.jpg,Blueberry___healthy
img_adbc0438.jpg,Soybean___healthy
img_9a49c5da.jpg,Tomato___Leaf_Mold
img_096e82fb.jpg,Soybean___healthy
img_8619a68c.jpg,Soybean___healthy
img_8eae8112.jpg,Corn_(maize)___healthy
img_9fc080d1.jpg,Squash___Powdery_mildew
img_18223d84.jpg,Potato___Late_blight
img_5b79d07d.jpg,Apple___Cedar_apple_rust
img_71e175ed.jpg,"Pepper,_bell___healthy"
img_0937e4e6.jpg,Orange___Haunglongbing_(Citrus_greening)
img_e041742e.jpg,Apple___healthy
img_954fa666.jpg,Orange___Haunglongbing_(Citrus_greening)
img_64b7bc9f.jpg,Apple___healthy
img_7e9de0e8.jpg,Apple___healthy
img_b6c6f11e.jpg,Tomato___Target_Spot
img_b394b379.jpg,Orange___Haunglongbing_(Citrus_greening)
img_5b9db352.jpg,Orange___Haunglongbing_(Citrus_greening)
img_0c3cbc08.jpg,Strawberry___Leaf_scorch
img_1736a2d2.jpg,Soybean___healthy
img_787e2c84.jpg,Apple___Black_rot
img_c87c667f.jpg,Tomato___Tomato_Yellow_Leaf_Curl_Virus
img_a9bdd81e.jpg,Tomato___Tomato_Yellow_Leaf_Curl_Virus
img_275e3908.jpg,Tomato___Late_blight
img_7809d560.jpg,Orange___Haunglongbing_(Citrus_greening)
img_69a98826.jpg,Tomato___healthy
img_add3c2a2.jpg,Squash___Powdery_mildew
img_8f72c5ef.jpg,Tomato___Septoria_leaf_spot
img_e141d8d8.jpg,Tomato___Target_Spot
img_f8982e3b.jpg,Tomato___Early_blight
img_6e78281e.jpg,Cherry_(including_sour)___healthy
img_7994943e.jpg,Tomato___Late_blight
img_76bb96f8.jpg,Tomato___Septoria_leaf_spot
img_861e1b1a.jpg,Orange___Haunglongbing_(Citrus_greening)
img_1701658a.jpg,Tomato___Bacterial_spot
img_4e66498a.jpg,Squash___Powdery_mildew
img_2e913599.jpg,Tomato___Tomato_Yellow_Leaf_Curl_Virus
img_9db41454.jpg,Tomato___Tomato_Yellow_Leaf_Curl_Virus
img_6a2ee2c4.jpg,Tomato___Tomato_Yellow_Leaf_Curl_Virus
img_a2f81c84.jpg,Corn_(maize)___healthy
img_69c06bd1.jpg,Blueberry___healthy
img_bdc8227f.jpg,Tomato___Tomato_Yellow_Leaf_Curl_Virus
img_a33b3dcc.jpg,Peach___Bacterial_spot
img_abe23f0e.jpg,Tomato___Tomato_Yellow_Leaf_Curl_Virus
img_f42edd55.jpg,Tomato___Tomato_Yellow_Leaf_Curl_Virus
img_15992fa0.jpg,Orange___Haunglongbing_(Citrus_greening)
img_81f28365.jpg,Tomato___Tomato_Yellow_Leaf_Curl_Virus
img_097a2290.jpg,Tomato___Target_Spot
img_84a210e7.jpg,Potato___Late_blight
img_dd71bb0c.jpg,Tomato___Late_blight
img_3522db3b.jpg,Tomato___Tomato_Yellow_Leaf_Curl_Virus
img_429e974c.jpg,Orange___Haunglongbing_(Citrus_greening)
img_5b9dba7f.jpg,Squash___Powdery_mildew
img_394e5c27.jpg,Corn_(maize)___Common_rust_
img_5ac4ab60.jpg,Tomato___Leaf_Mold
img_e346c42c.jpg,Grape___Leaf_blight_(Isariopsis_Leaf_Spot)
img_f5f63944.jpg,Orange___Haunglongbing_(Citrus_greening)
img_4489bb28.jpg,Potato___Early_blight
img_d1a6c65c.jpg,Orange___Haunglongbing_(Citrus_greening)
img_a102178f.jpg,Tomato___Tomato_Yellow_Leaf_Curl_Virus
img_26abff20.jpg,Tomato___Bacterial_spot
img_a685d53e.jpg,Tomato___Late_blight
img_91bf0ab4.jpg,Tomato___Tomato_Yellow_Leaf_Curl_Virus
img_ae664539.jpg,Squash___Powdery_mildew
img_4f2ed175.jpg,Strawberry___Leaf_scorch
img_f0f619e2.jpg,Tomato___Septoria_leaf_spot
img_5216410a.jpg,Grape___Esca_(Black_Measles)
img_a6ff6277.jpg,Soybean___healthy
img_ca4b7733.jpg,Tomato___healthy
img_58e4fda7.jpg,Orange___Haunglongbing_(Citrus_greening)
img_390b7e58.jpg,Peach___Bacterial_spot
img_9e2a5559.jpg,Grape___Black_rot
img_6ef632b9.jpg,Strawberry___Leaf_scorch
img_e900f7e7.jpg,Tomato___Tomato_Yellow_Leaf_Curl_Virus
img_136a79b2.jpg,Soybean___healthy
img_3ea5e7ec.jpg,Orange___Haunglongbing_(Citrus_greening)
img_746eb4d9.jpg,"Pepper,_bell___Bacterial_spot"
img_be1c692d.jpg,Tomato___Septoria_leaf_spot
img_ccbf0ba3.jpg,Orange___Haunglongbing_(Citrus_greening)
img_6690ab42.jpg,Cherry_(including_sour)___healthy
img_6435405e.jpg,Orange___Haunglongbing_(Citrus_greening)
img_89d41ada.jpg,Tomato___Tomato_Yellow_Leaf_Curl_Virus
img_24ce242b.jpg,Soybean___healthy
img_baf7b7a5.jpg,Soybean___healthy
img_a67b9a7d.jpg,Apple___healthy
img_fd6c5161.jpg,Apple___Apple_scab
img_2c8e9ac5.jpg,Soybean___healthy
img_fd0c1304.jpg,Tomato___Late_blight
img_d9c7bf79.jpg,Tomato___healthy
img_ac50e1e4.jpg,Tomato___Spider_mites Two-spotted_spider_mite
img_bada883d.jpg,Tomato___Bacterial_spot
img_1b994265.jpg,Corn_(maize)___healthy
img_d677fee7.jpg,Tomato___Tomato_Yellow_Leaf_Curl_Virus
img_dfad15d6.jpg,Peach___Bacterial_spot
img_e38981c1.jpg,Peach___Bacterial_spot
img_0d467ba3.jpg,Cherry_(including_sour)___Powdery_mildew
img_96adb6f8.jpg,Peach___Bacterial_spot
img_5610de2a.jpg,Corn_(maize)___healthy
img_ce346e54.jpg,Grape___Leaf_blight_(Isariopsis_Leaf_Spot)
img_6d63b31d.jpg,Tomato___Bacterial_spot
img_9a65b6f3.jpg,Tomato___Spider_mites Two-spotted_spider_mite
img_bcac844d.jpg,Grape___healthy
img_a897827a.jpg,Blueberry___healthy
img_3241ac77.jpg,Cherry_(including_sour)___Powdery_mildew
img_f87c00d2.jpg,Tomato___Bacterial_spot
img_1f4acc18.jpg,Raspberry___healthy
img_6a642851.jpg,Strawberry___healthy
img_021a31e8.jpg,Tomato___Tomato_Yellow_Leaf_Curl_Virus
img_fe0d3b9d.jpg,Corn_(maize)___Northern_Leaf_Blight
img_e7206f27.jpg,Orange___Haunglongbing_(Citrus_greening)
img_722d8b16.jpg,Tomato___Late_blight
img_ab01ae63.jpg,Blueberry___healthy
img_73a22dd6.jpg,Tomato___Septoria_leaf_spot
img_e07e3d4b.jpg,"Pepper,_bell___Bacterial_spot"
img_37fa31c8.jpg,Tomato___Tomato_Yellow_Leaf_Curl_Virus
img_43bd73c6.jpg,Potato___healthy
img_72c876b3.jpg,Orange___Haunglongbing_(Citrus_greening)
img_59648cd6.jpg,Soybean___healthy
img_479a7b63.jpg,Tomato___Leaf_Mold
img_8083e52d.jpg,Orange___Haunglongbing_(Citrus_greening)
img_544c572b.jpg,Tomato___Tomato_Yellow_Leaf_Curl_Virus
img_39aef8c0.jpg,Soybean___healthy
img_8901aa6f.jpg,Potato___Early_blight
img_2e568604.jpg,Cherry_(including_sour)___Powdery_mildew
img_d54b41b4.jpg,Potato___Early_blight
img_675fb3e9.jpg,Soybean___healthy
img_17bdec64.jpg,Tomato___Tomato_Yellow_Leaf_Curl_Virus
img_4bffc6f4.jpg,Squash___Powdery_mildew
img_20c7df6a.jpg,Apple___healthy
img_23731deb.jpg,"Pepper,_bell___Bacterial_spot"
img_e7aecdfc.jpg,Tomato___Spider_mites Two-spotted_spider_mite
img_a7bcf4ca.jpg,Corn_(maize)___Northern_Leaf_Blight
img_4e13d639.jpg,Soybean___healthy
img_0389c099.jpg,Cherry_(including_sour)___Powdery_mildew
img_a55275c0.jpg,Blueberry___healthy
img_9522920f.jpg,Orange___Haunglongbing_(Citrus_greening)
img_3c3bb9bf.jpg,Corn_(maize)___Common_rust_
img_59610849.jpg,Strawberry___healthy
img_2426a424.jpg,Soybean___healthy
img_32dc6286.jpg,Tomato___Target_Spot
img_1e757159.jpg,Tomato___Leaf_Mold
img_9183dc5d.jpg,Orange___Haunglongbing_(Citrus_greening)
img_a4647faf.jpg,Soybean___healthy
img_f7baff06.jpg,Tomato___Tomato_Yellow_Leaf_Curl_Virus
img_3f18ad05.jpg,Orange___Haunglongbing_(Citrus_greening)
img_f98d8c3c.jpg,Apple___Apple_scab
img_907370cb.jpg,Grape___Leaf_blight_(Isariopsis_Leaf_Spot)
img_6a8322f8.jpg,Blueberry___healthy
img_644c2cd1.jpg,Peach___Bacterial_spot
img_800ab1a4.jpg,Apple___healthy
img_6070ea8b.jpg,Corn_(maize)___healthy
img_985640fc.jpg,Tomato___Tomato_Yellow_Leaf_Curl_Virus
img_cc1af9c2.jpg,Tomato___Leaf_Mold
img_fe7cd371.jpg,Strawberry___Leaf_scorch
img_577908b4.jpg,Strawberry___healthy
img_65022bb8.jpg,Potato___Early_blight
img_44a897b3.jpg,Tomato___Early_blight
img_73dc24d9.jpg,Tomato___Septoria_leaf_spot
img_7042f0ac.jpg,"Pepper,_bell___healthy"
img_566db037.jpg,Tomato___Target_Spot
img_f68a9490.jpg,Tomato___Target_Spot
img_2dadd2f7.jpg,Blueberry___healthy
img_106b91a6.jpg,Grape___Esca_(Black_Measles)
img_2fe06017.jpg,Peach___Bacterial_spot
img_5fd82960.jpg,Grape___Leaf_blight_(Isariopsis_Leaf_Spot)
img_4b2edddb.jpg,Tomato___Target_Spot
img_a6064567.jpg,Tomato___Early_blight
img_6bbbbaf7.jpg,Tomato___Tomato_mosaic_virus
img_bbea7b39.jpg,Potato___Early_blight
img_b5d5b419.jpg,"Pepper,_bell___healthy"
img_7b2eb4ee.jpg,Corn_(maize)___Common_rust_
img_41b7fb70.jpg,Tomato___Spider_mites Two-spotted_spider_mite
img_c70c650a.jpg,Orange___Haunglongbing_(Citrus_greening)
img_af959590.jpg,Tomato___Septoria_leaf_spot
img_465bb0f4.jpg,Potato___Early_blight
img_f173f6ec.jpg,Grape___Esca_(Black_Measles)
img_a408270f.jpg,Soybean___healthy
img_439484d2.jpg,Apple___healthy
img_a507503f.jpg,Peach___Bacterial_spot
img_9062e197.jpg,Tomato___Late_blight
img_0d296a4f.jpg,Strawberry___healthy
img_be5d4e3a.jpg,Tomato___Spider_mites Two-spotted_spider_mite
img_2614c4a0.jpg,Strawberry___healthy
img_aabcae1b.jpg,Tomato___Tomato_Yellow_Leaf_Curl_Virus
img_a1898f61.jpg,Orange___Haunglongbing_(Citrus_greening)
img_fdab5d6f.jpg,Tomato___Spider_mites Two-spotted_spider_mite
img_b836a4fa.jpg,Potato___Early_blight
img_c56db7b8.jpg,Tomato___Bacterial_spot
img_4abae4e3.jpg,Corn_(maize)___Common_rust_
img_ff4ef691.jpg,"Pepper,_bell___healthy"
img_7c0a2510.jpg,Orange___Haunglongbing_(Citrus_greening)
img_b54cb1f6.jpg,Tomato___Tomato_Yellow_Leaf_Curl_Virus
img_99c7fc7a.jpg,Soybean___healthy
img_491dc03d.jpg,Cherry_(including_sour)___Powdery_mildew
img_8fb12348.jpg,Potato___Late_blight
img_2a14c31f.jpg,Tomato___Spider_mites Two-spotted_spider_mite
img_7495d1a9.jpg,Soybean___healthy
img_d9413c35.jpg,Orange___Haunglongbing_(Citrus_greening)
img_3b86707a.jpg,Orange___Haunglongbing_(Citrus_greening)
img_a8c286ad.jpg,Grape___Esca_(Black_Measles)
img_21d673ad.jpg,Tomato___Bacterial_spot
img_b5cad8c7.jpg,Tomato___Tomato_Yellow_Leaf_Curl_Virus
img_2f3a9361.jpg,Tomato___healthy
img_0260b89b.jpg,"Pepper,_bell___Bacterial_spot"
img_1dff731a.jpg,"Pepper,_bell___Bacterial_spot"
img_d0ce4c84.jpg,Grape___Esca_(Black_Measles)
img_370c33f9.jpg,Orange___Haunglongbing_(Citrus_greening)
img_75f9168c.jpg,Strawberry___Leaf_scorch
img_312bbff4.jpg,Tomato___Tomato_Yellow_Leaf_Curl_Virus
img_7ab82e60.jpg,Soybean___healthy
img_1df29e22.jpg,Strawberry___Leaf_scorch
img_8c9be9ba.jpg,Tomato___Septoria_leaf_spot
img_f243cd71.jpg,Cherry_(including_sour)___healthy
img_f64838bf.jpg,Tomato___Tomato_Yellow_Leaf_Curl_Virus
img_58a7fade.jpg,Corn_(maize)___Cercospora_leaf_spot Gray_leaf_spot
img_b6c10b23.jpg,Tomato___Bacterial_spot
img_5242216f.jpg,Grape___Leaf_blight_(Isariopsis_Leaf_Spot)
img_33256d14.jpg,"Pepper,_bell___Bacterial_spot"
img_d34cac36.jpg,Tomato___Late_blight
img_37837a55.jpg,Peach___Bacterial_spot
img_8059389b.jpg,Corn_(maize)___Common_rust_
img_cc7d072f.jpg,Tomato___healthy
img_b623dac1.jpg,Soybean___healthy
img_e145d94a.jpg,Strawberry___healthy
img_76e0721b.jpg,Strawberry___Leaf_scorch
img_d087a714.jpg,Soybean___healthy
img_c654be44.jpg,Orange___Haunglongbing_(Citrus_greening)
img_ceff0812.jpg,Corn_(maize)___Common_rust_
img_72073c46.jpg,Grape___Esca_(Black_Measles)
img_26f3a02f.jpg,Tomato___healthy
img_74274800.jpg,Soybean___healthy
img_ab838bfc.jpg,Potato___Late_blight
img_72b64d6c.jpg,Tomato___Tomato_Yellow_Leaf_Curl_Virus
img_1d78a7ba.jpg,Tomato___Target_Spot
img_429109e5.jpg,Corn_(maize)___Cercospora_leaf_spot Gray_leaf_spot
img_de0c0a6c.jpg,Tomato___Bacterial_spot
img_2ea1fd56.jpg,Orange___Haunglongbing_(Citrus_greening)
img_420bbd47.jpg,Corn_(maize)___healthy
img_4445308e.jpg,Orange___Haunglongbing_(Citrus_greening)
img_f0da2c62.jpg,Cherry_(including_sour)___healthy
img_b3403b3d.jpg,Grape___Black_rot
img_7c8004cc.jpg,"Pepper,_bell___healthy"
img_f3c98294.jpg,Peach___Bacterial_spot
img_f07849a5.jpg,Grape___Leaf_blight_(Isariopsis_Leaf_Spot)
img_70d4911f.jpg,Tomato___Tomato_Yellow_Leaf_Curl_Virus
img_d21b3c4f.jpg,Tomato___healthy
img_25425b13.jpg,Tomato___Tomato_Yellow_Leaf_Curl_Virus
img_724703ac.jpg,Peach___Bacterial_spot
img_cce5ac25.jpg,Tomato___Leaf_Mold
img_ff76e25d.jpg,Tomato___Tomato_Yellow_Leaf_Curl_Virus
img_59a3e702.jpg,Tomato___Bacterial_spot
img_6a5acd79.jpg,Tomato___Bacterial_spot
img_55763017.jpg,Corn_(maize)___healthy
img_3af65e5a.jpg,Soybean___healthy
img_34dfade7.jpg,Tomato___Tomato_mosaic_virus
img_242d678f.jpg,Soybean___healthy
img_e839753f.jpg,Soybean___healthy
img_06cada3a.jpg,Tomato___Bacterial_spot
img_3fe7c1ca.jpg,Tomato___Tomato_Yellow_Leaf_Curl_Virus
img_b0874f66.jpg,Apple___healthy
img_d2e1042d.jpg,Apple___healthy
img_94ee2654.jpg,Strawberry___healthy
img_c0743440.jpg,Tomato___Septoria_leaf_spot
img_b57eb49c.jpg,Soybean___healthy
img_9a143d0d.jpg,Tomato___Septoria_leaf_spot
img_a439541f.jpg,Peach___Bacterial_spot
img_c712de10.jpg,Potato___Early_blight
img_2c4a23b0.jpg,Tomato___healthy
img_ec7a47ed.jpg,Corn_(maize)___Northern_Leaf_Blight
img_48a02dc6.jpg,Soybean___healthy
img_d2ff02dc.jpg,Grape___Esca_(Black_Measles)
img_1170fb95.jpg,Apple___Apple_scab
img_09f5c38e.jpg,Blueberry___healthy
img_f4cf6a28.jpg,Tomato___Late_blight
img_86adbe4a.jpg,Potato___Late_blight
img_62c64ff2.jpg,Squash___Powdery_mildew
img_484a9a32.jpg,Potato___Early_blight
img_fec566c6.jpg,Orange___Haunglongbing_(Citrus_greening)
img_d0bfa6be.jpg,Peach___Bacterial_spot
img_2d8a08ae.jpg,Grape___Black_rot
img_4a777439.jpg,Tomato___healthy
img_161255d2.jpg,Orange___Haunglongbing_(Citrus_greening)
img_ea3b5c63.jpg,Potato___Early_blight
img_921d09e7.jpg,Orange___Haunglongbing_(Citrus_greening)
img_d01e9b03.jpg,Grape___Leaf_blight_(Isariopsis_Leaf_Spot)
img_822149a8.jpg,Tomato___Late_blight
img_318040fe.jpg,Soybean___healthy
img_527e539d.jpg,Tomato___Tomato_Yellow_Leaf_Curl_Virus
img_1d20b50f.jpg,Tomato___Tomato_Yellow_Leaf_Curl_Virus
img_31eb18c7.jpg,Tomato___Target_Spot
img_ff6a5eb4.jpg,Tomato___Spider_mites Two-spotted_spider_mite
img_31a48878.jpg,Tomato___Septoria_leaf_spot
img_8d9d369c.jpg,Raspberry___healthy
img_c6ec553f.jpg,Peach___Bacterial_spot
img_84a4281d.jpg,Tomato___Tomato_Yellow_Leaf_Curl_Virus
img_7e468683.jpg,Cherry_(including_sour)___Powdery_mildew
img_56a09862.jpg,Tomato___Late_blight
img_12079c13.jpg,Tomato___Tomato_Yellow_Leaf_Curl_Virus
img_737a6f5b.jpg,Soybean___healthy
img_facdfb56.jpg,Tomato___Tomato_Yellow_Leaf_Curl_Virus
img_5d3ad345.jpg,Blueberry___healthy
img_8ea97f95.jpg,Tomato___Tomato_Yellow_Leaf_Curl_Virus
img_108096cf.jpg,Grape___healthy
img_81f7f899.jpg,Tomato___Spider_mites Two-spotted_spider_mite
img_b146799e.jpg,Grape___Esca_(Black_Measles)
img_4cc5df44.jpg,Soybean___healthy
img_6fcf1926.jpg,Orange___Haunglongbing_(Citrus_greening)
img_fe27c172.jpg,Grape___Esca_(Black_Measles)
img_9bb1b063.jpg,Grape___Leaf_blight_(Isariopsis_Leaf_Spot)
img_694fe9a7.jpg,Orange___Haunglongbing_(Citrus_greening)
img_a24a1a66.jpg,Tomato___Tomato_Yellow_Leaf_Curl_Virus
img_841150f8.jpg,Soybean___healthy
img_4364da8a.jpg,Apple___Apple_scab
img_64a80761.jpg,Tomato___Tomato_mosaic_virus
img_8caf4a97.jpg,Potato___Early_blight
img_f095832a.jpg,Orange___Haunglongbing_(Citrus_greening)
img_a6b88051.jpg,"Pepper,_bell___Bacterial_spot"
img_3c7aeb6c.jpg,Tomato___Spider_mites Two-spotted_spider_mite
img_944d2551.jpg,Tomato___Target_Spot
img_e857e4b1.jpg,Tomato___Tomato_Yellow_Leaf_Curl_Virus
img_2dec5507.jpg,Strawberry___Leaf_scorch
img_af04aa9a.jpg,Tomato___Tomato_Yellow_Leaf_Curl_Virus
img_8f4e0d10.jpg,Tomato___Late_blight
img_9c9f4918.jpg,Orange___Haunglongbing_(Citrus_greening)
img_79e70f38.jpg,Apple___Black_rot
img_d5590a07.jpg,Blueberry___healthy
img_0675bfe3.jpg,Tomato___Septoria_leaf_spot
img_caaf5f98.jpg,Soybean___healthy
img_5e37177a.jpg,Orange___Haunglongbing_(Citrus_greening)
img_d29c5b6d.jpg,Tomato___Bacterial_spot
img_452d1d8d.jpg,Soybean___healthy
img_0115c66c.jpg,Grape___Leaf_blight_(Isariopsis_Leaf_Spot)
img_2633a9c3.jpg,Orange___Haunglongbing_(Citrus_greening)
img_c8b683f4.jpg,Grape___Black_rot
img_08f8e75d.jpg,Tomato___Early_blight
img_6694318f.jpg,"Pepper,_bell___healthy"
img_eb8da027.jpg,Tomato___Spider_mites Two-spotted_spider_mite
img_3072b354.jpg,"Pepper,_bell___healthy"
img_2f6040cb.jpg,Corn_(maize)___Common_rust_
img_a3795e48.jpg,"Pepper,_bell___Bacterial_spot"
img_558fe8d1.jpg,Orange___Haunglongbing_(Citrus_greening)
img_be4fc815.jpg,Apple___Black_rot
img_2a9f0284.jpg,Tomato___Target_Spot
img_83ae1d87.jpg,Corn_(maize)___Common_rust_
img_37c13507.jpg,Tomato___Late_blight
img_09b41632.jpg,Potato___Late_blight
img_08d2e6b3.jpg,Tomato___Tomato_Yellow_Leaf_Curl_Virus
img_dd69a359.jpg,Corn_(maize)___Cercospora_leaf_spot Gray_leaf_spot
img_3deda942.jpg,Soybean___healthy
img_055ae109.jpg,"Pepper,_bell___healthy"
img_12022917.jpg,"Pepper,_bell___Bacterial_spot"
img_563bc713.jpg,Blueberry___healthy
img_6263eea4.jpg,Tomato___Tomato_Yellow_Leaf_Curl_Virus
img_470ebbd9.jpg,Grape___Leaf_blight_(Isariopsis_Leaf_Spot)
img_a7677159.jpg,Tomato___Tomato_mosaic_virus
img_9ecda4d2.jpg,Potato___Late_blight
img_d2c186c8.jpg,Orange___Haunglongbing_(Citrus_greening)
img_f43defd0.jpg,Tomato___Tomato_Yellow_Leaf_Curl_Virus
img_4c5bd8a5.jpg,Corn_(maize)___Common_rust_
img_b062a223.jpg,Corn_(maize)___healthy
img_b2dae837.jpg,Grape___Black_rot
img_2b3c306d.jpg,Tomato___Target_Spot
img_5ea86297.jpg,Peach___Bacterial_spot
img_b536986a.jpg,Apple___healthy
img_78e012d0.jpg,Tomato___Target_Spot
img_a1474404.jpg,Corn_(maize)___Northern_Leaf_Blight
img_53709f8c.jpg,Soybean___healthy
img_9b2e6ef0.jpg,Potato___Late_blight
img_8a648823.jpg,Tomato___Tomato_mosaic_virus
img_bdbda1ee.jpg,"Pepper,_bell___Bacterial_spot"
img_ac627fb2.jpg,Potato___Early_blight
img_bcbad7c2.jpg,Corn_(maize)___Cercospora_leaf_spot Gray_leaf_spot
img_efc6b4d5.jpg,Raspberry___healthy
img_27e1a64a.jpg,Tomato___Tomato_mosaic_virus
img_9a2d5b92.jpg,Peach___Bacterial_spot
img_7fcd5982.jpg,Potato___healthy
img_c8185166.jpg,Cherry_(including_sour)___healthy
img_1c9c088b.jpg,Grape___Black_rot
img_95c83b92.jpg,Tomato___Spider_mites Two-spotted_spider_mite
img_a2a2acdb.jpg,Blueberry___healthy
img_d1547aa2.jpg,Corn_(maize)___Northern_Leaf_Blight
img_f17c0e6f.jpg,Squash___Powdery_mildew
img_6371b621.jpg,Orange___Haunglongbing_(Citrus_greening)
img_189f5871.jpg,Strawberry___Leaf_scorch
img_42f3f99e.jpg,Soybean___healthy
img_b06f71f4.jpg,Corn_(maize)___Common_rust_
img_f95d4854.jpg,Potato___Late_blight
img_4265a1c1.jpg,Soybean___healthy
img_5ac40ce2.jpg,Grape___Black_rot
img_6e4f121e.jpg,Tomato___Tomato_Yellow_Leaf_Curl_Virus
img_4ff33369.jpg,Grape___Leaf_blight_(Isariopsis_Leaf_Spot)
img_c09fdab3.jpg,Tomato___Tomato_Yellow_Leaf_Curl_Virus
img_bf12c4fa.jpg,Tomato___Tomato_Yellow_Leaf_Curl_Virus
img_904fc20b.jpg,Orange___Haunglongbing_(Citrus_greening)
img_85bc6f30.jpg,Tomato___Late_blight
img_758cf6c5.jpg,Soybean___healthy
img_cb41ae35.jpg,Grape___Black_rot
img_c747927a.jpg,Corn_(maize)___Common_rust_
img_73b46687.jpg,Strawberry___Leaf_scorch
img_e3a91357.jpg,Tomato___Tomato_Yellow_Leaf_Curl_Virus
img_adef99a8.jpg,Tomato___Tomato_Yellow_Leaf_Curl_Virus
img_396019af.jpg,Orange___Haunglongbing_(Citrus_greening)
img_f82fb2ad.jpg,Apple___healthy
img_c75ae085.jpg,Soybean___healthy
img_a89acb41.jpg,Tomato___Tomato_Yellow_Leaf_Curl_Virus
img_84cdb79b.jpg,Tomato___Tomato_Yellow_Leaf_Curl_Virus
img_ba418274.jpg,Apple___healthy
img_2636aa2f.jpg,Apple___healthy
img_6009caaa.jpg,Soybean___healthy
img_5377c7a7.jpg,Tomato___Late_blight
img_33d5812c.jpg,Peach___Bacterial_spot
img_143a79c9.jpg,Peach___Bacterial_spot
img_b8048361.jpg,Orange___Haunglongbing_(Citrus_greening)
img_47914bfe.jpg,Cherry_(including_sour)___Powdery_mildew
img_51dac3df.jpg,"Pepper,_bell___Bacterial_spot"
img_44641048.jpg,Tomato___Leaf_Mold
img_7152ef3a.jpg,"Pepper,_bell___Bacterial_spot"
img_6be3f39d.jpg,Peach___Bacterial_spot
img_f7ea53bd.jpg,Squash___Powdery_mildew
img_ef94ba7a.jpg,Orange___Haunglongbing_(Citrus_greening)
img_dcb7b6e3.jpg,Peach___Bacterial_spot
img_710dc751.jpg,Apple___healthy
img_38c67c81.jpg,"Pepper,_bell___Bacterial_spot"
img_89567920.jpg,Cherry_(including_sour)___Powdery_mildew
img_fe345d92.jpg,Tomato___Bacterial_spot
img_f807dbe9.jpg,Tomato___Late_blight
img_08e572a9.jpg,Tomato___Bacterial_spot
img_1e8d0a5e.jpg,Grape___Esca_(Black_Measles)
img_4af9499a.jpg,Orange___Haunglongbing_(Citrus_greening)
img_5833c35e.jpg,Orange___Haunglongbing_(Citrus_greening)
img_9ce6fc74.jpg,Blueberry___healthy
img_21adb60c.jpg,Peach___Bacterial_spot
img_e5838a66.jpg,Apple___Apple_scab
img_3a1bfccb.jpg,Squash___Powdery_mildew
img_7e6d7cdc.jpg,Grape___Esca_(Black_Measles)
img_7a6c5bc6.jpg,Orange___Haunglongbing_(Citrus_greening)
img_0913635f.jpg,Tomato___Tomato_Yellow_Leaf_Curl_Virus
img_85da8132.jpg,Peach___healthy
img_1786baaa.jpg,Tomato___healthy
img_05e1a4c5.jpg,Grape___Black_rot
img_8615628d.jpg,Tomato___Target_Spot
img_0cbac8f8.jpg,Blueberry___healthy
img_f03d1dfa.jpg,Soybean___healthy
img_999e5888.jpg,Soybean___healthy
img_a6b88e27.jpg,Soybean___healthy
img_c58b7644.jpg,Tomato___Target_Spot
img_ca8024d6.jpg,Orange___Haunglongbing_(Citrus_greening)
img_5e17f0a0.jpg,Grape___Esca_(Black_Measles)
img_c664854c.jpg,Tomato___Tomato_Yellow_Leaf_Curl_Virus
img_9acf8b4b.jpg,Corn_(maize)___healthy
img_f0b187d5.jpg,Blueberry___healthy
img_e5cfecee.jpg,Orange___Haunglongbing_(Citrus_greening)
img_d774e5c6.jpg,Cherry_(including_sour)___Powdery_mildew
img_f1637d6e.jpg,Squash___Powdery_mildew
img_ce5aee6b.jpg,Corn_(maize)___Cercospora_leaf_spot Gray_leaf_spot
img_312ae4ed.jpg,Tomato___Tomato_Yellow_Leaf_Curl_Virus
img_72bc2150.jpg,Tomato___Late_blight
img_41190bb4.jpg,Grape___Esca_(Black_Measles)
img_1d1aaaea.jpg,Tomato___healthy
img_5ece20f4.jpg,Tomato___Septoria_leaf_spot
img_f2f3ec6c.jpg,Tomato___Spider_mites Two-spotted_spider_mite
img_ffcc00cd.jpg,Tomato___Tomato_Yellow_Leaf_Curl_Virus
img_f0a33446.jpg,"Pepper,_bell___healthy"
img_39c29421.jpg,Peach___Bacterial_spot
img_bdc339af.jpg,Orange___Haunglongbing_(Citrus_greening)
img_5f26b48c.jpg,Tomato___healthy
img_94103b07.jpg,Corn_(maize)___Northern_Leaf_Blight
img_efc01bce.jpg,Orange___Haunglongbing_(Citrus_greening)
img_e3a7566f.jpg,Tomato___Late_blight
img_d29e6c5f.jpg,Tomato___Spider_mites Two-spotted_spider_mite
img_5725f249.jpg,Orange___Haunglongbing_(Citrus_greening)
img_1a739743.jpg,Orange___Haunglongbing_(Citrus_greening)
img_213cf34d.jpg,Tomato___Tomato_Yellow_Leaf_Curl_Virus
img_96dbeb56.jpg,Corn_(maize)___Common_rust_
img_074e9469.jpg,Orange___Haunglongbing_(Citrus_greening)
img_87732891.jpg,Orange___Haunglongbing_(Citrus_greening)
img_7c2fc19a.jpg,Grape___Black_rot
img_82f5c363.jpg,Tomato___Tomato_mosaic_virus
img_25df34c5.jpg,Tomato___Early_blight
img_c09021b9.jpg,Tomato___healthy
img_f553b9e2.jpg,Orange___Haunglongbing_(Citrus_greening)
img_6e8852d2.jpg,Peach___Bacterial_spot
img_18edd962.jpg,Grape___Esca_(Black_Measles)
img_da5886e7.jpg,Tomato___healthy
img_7aed8886.jpg,Tomato___Late_blight
img_6f65e7cb.jpg,Corn_(maize)___healthy
img_32eb20fc.jpg,Tomato___Bacterial_spot
img_02729fc2.jpg,Peach___healthy
img_bdc52585.jpg,Soybean___healthy
img_6a996838.jpg,Tomato___Tomato_Yellow_Leaf_Curl_Virus
img_4f0ffd6b.jpg,Apple___Black_rot
img_8639402f.jpg,Orange___Haunglongbing_(Citrus_greening)
img_59f4ea6a.jpg,Tomato___Spider_mites Two-spotted_spider_mite
img_7a2bd42f.jpg,Soybean___healthy
img_c8c15c55.jpg,Blueberry___healthy
img_98257808.jpg,Tomato___Leaf_Mold
img_4b94299d.jpg,Potato___healthy
img_798d99a0.jpg,Tomato___Early_blight
img_1279a510.jpg,Tomato___healthy
img_34f80096.jpg,Apple___Black_rot
img_7a7c59eb.jpg,Corn_(maize)___healthy
img_ef920fd6.jpg,Soybean___healthy
img_de6ef0bd.jpg,Tomato___Tomato_Yellow_Leaf_Curl_Virus
img_1d7d3b62.jpg,Tomato___Spider_mites Two-spotted_spider_mite
img_efa56206.jpg,Potato___Late_blight
img_148ac3c1.jpg,Tomato___Target_Spot
img_0340f95a.jpg,Soybean___healthy
img_966e353b.jpg,Tomato___Tomato_Yellow_Leaf_Curl_Virus
img_2217234c.jpg,Tomato___Tomato_Yellow_Leaf_Curl_Virus
img_cbd76a59.jpg,Tomato___Tomato_Yellow_Leaf_Curl_Virus
img_0e47e77c.jpg,Raspberry___healthy
img_ffed5684.jpg,Soybean___healthy
img_fb6a138a.jpg,Tomato___Tomato_Yellow_Leaf_Curl_Virus
img_f412e8c4.jpg,Tomato___Late_blight
img_bc82c6c9.jpg,Tomato___Leaf_Mold
img_e5749adb.jpg,Soybean___healthy
img_ed0b23fd.jpg,Tomato___Spider_mites Two-spotted_spider_mite
img_548caa47.jpg,Tomato___Bacterial_spot
img_2ad7b082.jpg,Grape___Esca_(Black_Measles)
img_eccfb1a6.jpg,Tomato___Tomato_Yellow_Leaf_Curl_Virus
img_71f81bd1.jpg,Tomato___Tomato_Yellow_Leaf_Curl_Virus
img_2ac37d18.jpg,Soybean___healthy
img_24f1b055.jpg,Cherry_(including_sour)___Powdery_mildew
img_54ed00ee.jpg,Tomato___Septoria_leaf_spot
img_3174e1c1.jpg,Apple___Apple_scab
img_91eb7350.jpg,Blueberry___healthy
img_974b9a97.jpg,Squash___Powdery_mildew
img_d5b48316.jpg,Tomato___Bacterial_spot
img_4d07dbbe.jpg,Orange___Haunglongbing_(Citrus_greening)
img_cfec074a.jpg,Corn_(maize)___Common_rust_
img_66d5203a.jpg,Potato___Early_blight
img_eda0c977.jpg,Tomato___Spider_mites Two-spotted_spider_mite
img_5cb329ee.jpg,Apple___Black_rot
img_f4263ddb.jpg,"Pepper,_bell___healthy"
img_108465a2.jpg,Tomato___Late_blight
img_0bcbc381.jpg,Tomato___Spider_mites Two-spotted_spider_mite
img_1f838333.jpg,Tomato___Tomato_Yellow_Leaf_Curl_Virus
img_566f51e4.jpg,Tomato___Bacterial_spot
img_c388f9ea.jpg,Tomato___Tomato_Yellow_Leaf_Curl_Virus
img_f1a97be5.jpg,Potato___Late_blight
img_5bc0a8df.jpg,Tomato___Tomato_Yellow_Leaf_Curl_Virus
img_1ced14e8.jpg,Tomato___healthy
img_7891c19f.jpg,Corn_(maize)___Cercospora_leaf_spot Gray_leaf_spot
img_e520ef2b.jpg,Tomato___Tomato_mosaic_virus
img_74d17c1d.jpg,Apple___Cedar_apple_rust
img_f8e0fd74.jpg,Blueberry___healthy
img_907495af.jpg,Blueberry___healthy
img_74e4be33.jpg,Tomato___Target_Spot
img_df30dc99.jpg,Orange___Haunglongbing_(Citrus_greening)
img_1a78d969.jpg,Soybean___healthy
img_73c46770.jpg,Orange___Haunglongbing_(Citrus_greening)
img_eee929be.jpg,Tomato___Bacterial_spot
img_903e8340.jpg,Corn_(maize)___healthy
img_51340fd5.jpg,Apple___healthy
img_aab5d88f.jpg,Tomato___Late_blight
img_25826631.jpg,Tomato___Spider_mites Two-spotted_spider_mite
img_78006996.jpg,Corn_(maize)___Cercospora_leaf_spot Gray_leaf_spot
img_fea5631b.jpg,Soybean___healthy
img_12dbc071.jpg,Corn_(maize)___Northern_Leaf_Blight
img_4d8a0ea1.jpg,"Pepper,_bell___Bacterial_spot"
img_a6daedc8.jpg,Orange___Haunglongbing_(Citrus_greening)
img_4e355ede.jpg,Tomato___Bacterial_spot
img_22dbdde6.jpg,Squash___Powdery_mildew
img_16272f52.jpg,Orange___Haunglongbing_(Citrus_greening)
img_03b7e923.jpg,Grape___Leaf_blight_(Isariopsis_Leaf_Spot)
img_b4dd2e74.jpg,Orange___Haunglongbing_(Citrus_greening)
img_de90577c.jpg,Corn_(maize)___Northern_Leaf_Blight
img_846f96a6.jpg,Cherry_(including_sour)___healthy
img_0b06d6bd.jpg,Corn_(maize)___Cercospora_leaf_spot Gray_leaf_spot
img_4220b366.jpg,Tomato___Spider_mites Two-spotted_spider_mite
img_9f5becc9.jpg,Squash___Powdery_mildew
img_73d75c3c.jpg,Potato___Early_blight
img_eaa26774.jpg,"Pepper,_bell___healthy"
img_ea261303.jpg,Grape___healthy
img_b1324d53.jpg,Soybean___healthy
img_3089a473.jpg,Potato___Early_blight
img_145fa10c.jpg,Grape___Esca_(Black_Measles)
img_c1e203d5.jpg,Grape___Esca_(Black_Measles)
img_b608f234.jpg,Tomato___healthy
img_c41b8867.jpg,Tomato___Bacterial_spot
img_c4cb38a8.jpg,Tomato___Bacterial_spot
img_43a5a57b.jpg,Grape___Black_rot
img_f31462e3.jpg,Tomato___Tomato_Yellow_Leaf_Curl_Virus
img_2abae9aa.jpg,Apple___Cedar_apple_rust
img_10d05a47.jpg,Orange___Haunglongbing_(Citrus_greening)
img_69f22c96.jpg,Orange___Haunglongbing_(Citrus_greening)
img_9d375d04.jpg,Potato___healthy
img_3c275a72.jpg,Blueberry___healthy
img_8d8fcfd8.jpg,Tomato___Bacterial_spot
img_7846e321.jpg,Orange___Haunglongbing_(Citrus_greening)
img_cb773190.jpg,Tomato___healthy
img_a672a544.jpg,Tomato___Target_Spot
img_f7fce1d9.jpg,Potato___Late_blight
img_6f56657d.jpg,Corn_(maize)___Common_rust_
img_9f763a2b.jpg,Tomato___Bacterial_spot
img_ed6f59b7.jpg,Squash___Powdery_mildew
img_3176a77b.jpg,Orange___Haunglongbing_(Citrus_greening)
img_0941c935.jpg,Tomato___Septoria_leaf_spot
img_ff75f3e2.jpg,Tomato___Target_Spot
img_90169b7a.jpg,Potato___Late_blight
img_abb0ac7c.jpg,Strawberry___Leaf_scorch
img_f0b0c1a9.jpg,Tomato___Tomato_Yellow_Leaf_Curl_Virus
img_c25ef2e1.jpg,Tomato___Late_blight
img_85e37347.jpg,Peach___Bacterial_spot
img_e44eaf72.jpg,Orange___Haunglongbing_(Citrus_greening)
img_1d85743d.jpg,Orange___Haunglongbing_(Citrus_greening)
img_7cc9b5ab.jpg,Grape___healthy
img_22cd1e24.jpg,Tomato___Tomato_Yellow_Leaf_Curl_Virus
img_3f5e583d.jpg,Orange___Haunglongbing_(Citrus_greening)
img_5acfed98.jpg,Grape___Esca_(Black_Measles)
img_bd686185.jpg,Apple___healthy
img_8f8a6863.jpg,Cherry_(including_sour)___Powdery_mildew
img_34b3d961.jpg,Grape___Esca_(Black_Measles)
img_e096e118.jpg,Tomato___Bacterial_spot
img_2b1e5d88.jpg,Orange___Haunglongbing_(Citrus_greening)
img_9d1ffe47.jpg,Peach___Bacterial_spot
img_7bfe4242.jpg,Soybean___healthy
img_8d477890.jpg,Tomato___Bacterial_spot
img_c3cedfdd.jpg,Cherry_(including_sour)___Powdery_mildew
img_446b73dc.jpg,Tomato___Target_Spot
img_d3d01f61.jpg,Soybean___healthy
img_2cfaf350.jpg,Soybean___healthy
img_39c0064a.jpg,Tomato___Late_blight
img_3bc6c825.jpg,Tomato___Septoria_leaf_spot
img_03bb56e7.jpg,Corn_(maize)___healthy
img_334be670.jpg,Tomato___Late_blight
img_e297e04a.jpg,Tomato___Late_blight
img_4170751a.jpg,"Pepper,_bell___healthy"
img_0160afad.jpg,Strawberry___healthy
img_45e24e3b.jpg,Strawberry___Leaf_scorch
img_162ff86f.jpg,Soybean___healthy
img_85c09a29.jpg,Orange___Haunglongbing_(Citrus_greening)
img_23abf882.jpg,Orange___Haunglongbing_(Citrus_greening)
img_93a0385c.jpg,Tomato___Leaf_Mold
img_11df2dd1.jpg,Apple___Apple_scab
img_89158250.jpg,Orange___Haunglongbing_(Citrus_greening)
img_f973fa83.jpg,Soybean___healthy
img_51bb88f9.jpg,Apple___healthy
img_62f9d047.jpg,Orange___Haunglongbing_(Citrus_greening)
img_1dda9f2b.jpg,Tomato___healthy
img_156d5b18.jpg,Tomato___Tomato_Yellow_Leaf_Curl_Virus
img_c926ff5c.jpg,Tomato___Spider_mites Two-spotted_spider_mite
img_167ecdcb.jpg,Tomato___Tomato_Yellow_Leaf_Curl_Virus
img_bcc54b95.jpg,Tomato___Late_blight
img_370ec757.jpg,Cherry_(including_sour)___healthy
img_23f0355e.jpg,Tomato___Septoria_leaf_spot
img_57730edd.jpg,Orange___Haunglongbing_(Citrus_greening)
img_be922e08.jpg,Grape___Leaf_blight_(Isariopsis_Leaf_Spot)
img_50dec31c.jpg,Apple___Apple_scab
img_b447dfd8.jpg,Tomato___Septoria_leaf_spot
img_5228846a.jpg,Tomato___Spider_mites Two-spotted_spider_mite
img_6f541d9d.jpg,Strawberry___Leaf_scorch
img_c17684de.jpg,Orange___Haunglongbing_(Citrus_greening)
img_e001bedc.jpg,Tomato___Tomato_Yellow_Leaf_Curl_Virus
img_9825e46d.jpg,Soybean___healthy
img_ecb2c7af.jpg,Tomato___Late_blight
img_af48863c.jpg,Tomato___Bacterial_spot
img_ca752776.jpg,Corn_(maize)___Common_rust_
img_82f9f43c.jpg,Apple___healthy
img_1da812fb.jpg,Soybean___healthy
img_9138c03b.jpg,Tomato___Late_blight
img_d1ffaa30.jpg,Corn_(maize)___healthy
img_5b8db981.jpg,Tomato___Tomato_Yellow_Leaf_Curl_Virus
img_12c5e5bd.jpg,Grape___healthy
img_1761277f.jpg,Orange___Haunglongbing_(Citrus_greening)
img_a142ae94.jpg,Orange___Haunglongbing_(Citrus_greening)
img_39edc785.jpg,Tomato___Late_blight
img_23f81f61.jpg,Strawberry___healthy
img_bfd98a4d.jpg,Orange___Haunglongbing_(Citrus_greening)
img_1e11d61e.jpg,Tomato___Septoria_leaf_spot
img_043b6f1c.jpg,Grape___Black_rot
img_35ebfbe0.jpg,Raspberry___healthy
img_e5f49b88.jpg,Squash___Powdery_mildew
img_0cbd6562.jpg,Cherry_(including_sour)___healthy
img_3ead50f9.jpg,Tomato___healthy
img_aee61bc0.jpg,Peach___healthy
img_0b0c4628.jpg,Squash___Powdery_mildew
img_4e6a24fd.jpg,Cherry_(including_sour)___healthy
img_8cbf8769.jpg,Tomato___healthy
img_5a59dfd2.jpg,Tomato___Early_blight
img_ad6a5ecc.jpg,Peach___Bacterial_spot
img_b0939ae5.jpg,Tomato___Septoria_leaf_spot
img_7ea5198b.jpg,Corn_(maize)___Common_rust_
img_62f294e8.jpg,Apple___Apple_scab
img_134771c3.jpg,Grape___healthy
img_ee94e4af.jpg,Soybean___healthy
img_6debacf8.jpg,Soybean___healthy
img_afcf66db.jpg,Tomato___Tomato_Yellow_Leaf_Curl_Virus
img_bab76ba7.jpg,Tomato___Tomato_Yellow_Leaf_Curl_Virus
img_a031ea79.jpg,Tomato___Spider_mites Two-spotted_spider_mite
img_7ffaf750.jpg,Orange___Haunglongbing_(Citrus_greening)
img_ccee8953.jpg,Soybean___healthy
img_51f66098.jpg,Tomato___Septoria_leaf_spot
img_e7451bb5.jpg,Tomato___Tomato_Yellow_Leaf_Curl_Virus
img_3b1b808b.jpg,Squash___Powdery_mildew
img_ba4b9bbd.jpg,Tomato___Bacterial_spot
img_e8998ac5.jpg,Tomato___Late_blight
img_170c9d06.jpg,Tomato___Target_Spot
img_6f99d775.jpg,Corn_(maize)___healthy
img_26640034.jpg,Tomato___Spider_mites Two-spotted_spider_mite
img_e1946f93.jpg,Squash___Powdery_mildew
img_d826661c.jpg,Tomato___Tomato_Yellow_Leaf_Curl_Virus
img_cca9523c.jpg,"Pepper,_bell___Bacterial_spot"
img_e9748d32.jpg,Peach___Bacterial_spot
img_a8680457.jpg,Grape___Esca_(Black_Measles)
img_d5a4403a.jpg,Corn_(maize)___Northern_Leaf_Blight
img_1ef2d746.jpg,Apple___Apple_scab
img_cfe26b45.jpg,Tomato___Tomato_mosaic_virus
img_195a576c.jpg,Tomato___Septoria_leaf_spot
img_835845c5.jpg,Orange___Haunglongbing_(Citrus_greening)
img_ccab4a86.jpg,Squash___Powdery_mildew
img_352ed804.jpg,Tomato___Septoria_leaf_spot
img_b53c6b0e.jpg,Grape___Esca_(Black_Measles)
img_55ddc1fb.jpg,Blueberry___healthy
img_562f410d.jpg,Tomato___Tomato_mosaic_virus
img_27aa89c8.jpg,Peach___Bacterial_spot
img_7baef5fc.jpg,Potato___Early_blight
img_ce55b1a3.jpg,Tomato___healthy
img_f75d626f.jpg,Squash___Powdery_mildew
img_6146a7f7.jpg,Tomato___Leaf_Mold
img_90821be7.jpg,Soybean___healthy
img_a0de4853.jpg,Soybean___healthy
img_de2a28ae.jpg,Tomato___Early_blight
img_3a3ae410.jpg,Strawberry___Leaf_scorch
img_ea4572af.jpg,Tomato___Spider_mites Two-spotted_spider_mite
img_5429bf85.jpg,Soybean___healthy
img_8d0bbc55.jpg,Soybean___healthy
img_e57fb3b2.jpg,Blueberry___healthy
img_99bef454.jpg,Tomato___Spider_mites Two-spotted_spider_mite
img_5cc0d96a.jpg,Orange___Haunglongbing_(Citrus_greening)
img_70a30497.jpg,Peach___Bacterial_spot
img_c15d9ed2.jpg,"Pepper,_bell___healthy"
img_943bc425.jpg,Apple___healthy
img_7c66abef.jpg,Grape___Esca_(Black_Measles)
img_4170ce7f.jpg,Cherry_(including_sour)___Powdery_mildew
img_b46bf2e5.jpg,Blueberry___healthy
img_4a154fb0.jpg,Orange___Haunglongbing_(Citrus_greening)
img_694b2d86.jpg,Potato___Late_blight
img_41d2cee2.jpg,Tomato___healthy
img_1eed1c57.jpg,Orange___Haunglongbing_(Citrus_greening)
img_3460d2b6.jpg,"Pepper,_bell___healthy"
img_1cf4c614.jpg,Soybean___healthy
img_a323761c.jpg,Orange___Haunglongbing_(Citrus_greening)
img_27bd28e8.jpg,Orange___Haunglongbing_(Citrus_greening)
img_69073c05.jpg,Tomato___Spider_mites Two-spotted_spider_mite
img_30533a50.jpg,Apple___healthy
img_815f6e3c.jpg,Potato___Early_blight
img_6ba77430.jpg,Tomato___Septoria_leaf_spot
img_2e0b1c11.jpg,Apple___Cedar_apple_rust
img_a761bc15.jpg,Grape___Black_rot
img_66373db2.jpg,Tomato___Spider_mites Two-spotted_spider_mite
img_8bdd117d.jpg,Corn_(maize)___Northern_Leaf_Blight
img_19a9bb56.jpg,Cherry_(including_sour)___Powdery_mildew
img_e4f9b7a5.jpg,"Pepper,_bell___Bacterial_spot"
img_f2309d44.jpg,Tomato___Leaf_Mold
img_bcd260ee.jpg,Orange___Haunglongbing_(Citrus_greening)
img_85ec2924.jpg,Peach___Bacterial_spot
img_b9661e0f.jpg,Soybean___healthy
img_d7334403.jpg,Peach___Bacterial_spot
img_862822f3.jpg,Grape___Esca_(Black_Measles)
img_3895c5f3.jpg,Orange___Haunglongbing_(Citrus_greening)
img_dd4f8e2c.jpg,Corn_(maize)___Common_rust_
img_800d9441.jpg,Tomato___Septoria_leaf_spot
img_4fe4b4a4.jpg,Tomato___Late_blight
img_640a1979.jpg,Squash___Powdery_mildew
img_2c80769f.jpg,Tomato___Tomato_Yellow_Leaf_Curl_Virus
img_d6185d8d.jpg,Blueberry___healthy
img_616b1b86.jpg,Cherry_(including_sour)___Powdery_mildew
img_571e1e6c.jpg,Potato___Late_blight
img_c807391b.jpg,Apple___healthy
img_19f164ac.jpg,"Pepper,_bell___healthy"
img_12a40129.jpg,Tomato___Septoria_leaf_spot
img_163db3a2.jpg,Soybean___healthy
img_28e95b30.jpg,Strawberry___Leaf_scorch
img_7544196a.jpg,Tomato___Leaf_Mold
img_91f021e6.jpg,Tomato___Septoria_leaf_spot
img_6b0ffe51.jpg,Orange___Haunglongbing_(Citrus_greening)
img_3304072a.jpg,Soybean___healthy
img_fadadae0.jpg,Tomato___Early_blight
img_bbd1191c.jpg,"Pepper,_bell___Bacterial_spot"
img_173b8ad5.jpg,Peach___Bacterial_spot
img_169282c8.jpg,Apple___Apple_scab
img_25c03c0e.jpg,Squash___Powdery_mildew
img_4922a7e8.jpg,Corn_(maize)___healthy
img_cc87450b.jpg,Orange___Haunglongbing_(Citrus_greening)
img_c590f938.jpg,Grape___Leaf_blight_(Isariopsis_Leaf_Spot)
img_8850ce51.jpg,"Pepper,_bell___healthy"
img_06d9c3b2.jpg,Tomato___Tomato_Yellow_Leaf_Curl_Virus
img_18418489.jpg,Squash___Powdery_mildew
img_45322835.jpg,Apple___Black_rot
img_218eaec6.jpg,Soybean___healthy
img_3f535e14.jpg,Potato___Early_blight
img_5e1aae88.jpg,Squash___Powdery_mildew
img_f677fe78.jpg,Grape___Black_rot
img_758e71d9.jpg,Apple___healthy
img_7d9da1bb.jpg,Orange___Haunglongbing_(Citrus_greening)
img_a8291925.jpg,Grape___Esca_(Black_Measles)
img_d0515c27.jpg,Tomato___Tomato_Yellow_Leaf_Curl_Virus
img_33e87ace.jpg,Apple___Apple_scab
img_1a4a2594.jpg,Tomato___Septoria_leaf_spot
img_4455ebdc.jpg,Cherry_(including_sour)___healthy
img_42de6d12.jpg,Cherry_(including_sour)___healthy
img_48ce1313.jpg,Tomato___Septoria_leaf_spot
img_63b98b48.jpg,Tomato___Tomato_Yellow_Leaf_Curl_Virus
img_bd0a1388.jpg,Tomato___Septoria_leaf_spot
img_edf049f8.jpg,Grape___healthy
img_8c02638a.jpg,Tomato___healthy
img_c84003c9.jpg,Apple___healthy
img_bfccee60.jpg,Tomato___healthy
img_9b8b60ba.jpg,Tomato___Late_blight
img_11186b43.jpg,Tomato___Tomato_Yellow_Leaf_Curl_Virus
img_9af79e75.jpg,"Pepper,_bell___Bacterial_spot"
img_645a908e.jpg,Squash___Powdery_mildew
img_d3b73812.jpg,Potato___Late_blight
img_68b9cfdf.jpg,Blueberry___healthy
img_41c69d14.jpg,Grape___Esca_(Black_Measles)
img_237e505f.jpg,Tomato___Bacterial_spot
img_f3025603.jpg,Tomato___Tomato_Yellow_Leaf_Curl_Virus
img_33878eab.jpg,Tomato___Target_Spot
img_226d49a9.jpg,Squash___Powdery_mildew
img_30f0f00b.jpg,Corn_(maize)___Northern_Leaf_Blight
img_71acfff3.jpg,Orange___Haunglongbing_(Citrus_greening)
img_6f60ceab.jpg,Grape___healthy
img_e08b5005.jpg,Tomato___Spider_mites Two-spotted_spider_mite
img_73c41e27.jpg,Tomato___Target_Spot
img_c71413a1.jpg,Orange___Haunglongbing_(Citrus_greening)
img_2071e324.jpg,Orange___Haunglongbing_(Citrus_greening)
img_974428fd.jpg,Soybean___healthy
img_177db3e2.jpg,Strawberry___Leaf_scorch
img_d5e761fa.jpg,Potato___Late_blight
img_2e3f0421.jpg,Tomato___Septoria_leaf_spot
img_7de6f29c.jpg,Tomato___Tomato_Yellow_Leaf_Curl_Virus
img_e376c721.jpg,Soybean___healthy
img_678eec6a.jpg,Tomato___Early_blight
img_280d210a.jpg,Tomato___Tomato_Yellow_Leaf_Curl_Virus
img_6e646a10.jpg,Grape___healthy
img_64ee8d28.jpg,Tomato___Septoria_leaf_spot
img_ff0858ac.jpg,Apple___healthy
img_42dae6f7.jpg,Peach___Bacterial_spot
img_a3e09405.jpg,Tomato___Late_blight
img_9f416d1e.jpg,Corn_(maize)___healthy
img_df3c4d98.jpg,Tomato___Septoria_leaf_spot
img_d1ae59d1.jpg,Strawberry___Leaf_scorch
img_b80f9652.jpg,Orange___Haunglongbing_(Citrus_greening)
img_07984dd5.jpg,Corn_(maize)___healthy
img_fd7c7bf4.jpg,Potato___Late_blight
img_07069992.jpg,Soybean___healthy
img_6a5f2c05.jpg,Cherry_(including_sour)___healthy
img_d1751cf0.jpg,Orange___Haunglongbing_(Citrus_greening)
img_8933532b.jpg,Tomato___Leaf_Mold
img_cbb08e2f.jpg,Soybean___healthy
img_614a099a.jpg,Grape___Esca_(Black_Measles)
img_1c1353de.jpg,Tomato___Tomato_Yellow_Leaf_Curl_Virus
img_383be4a6.jpg,"Pepper,_bell___healthy"
img_e5565708.jpg,Soybean___healthy
img_bbba3bfc.jpg,Potato___Late_blight
img_e701e83d.jpg,Peach___healthy
img_5401c3c7.jpg,Soybean___healthy
img_33ffd366.jpg,Tomato___Tomato_Yellow_Leaf_Curl_Virus
img_4e4d8bf1.jpg,Blueberry___healthy
img_f2095b1f.jpg,Corn_(maize)___healthy
img_17d38684.jpg,Tomato___healthy
img_99a9e869.jpg,Grape___healthy
img_0688b157.jpg,Orange___Haunglongbing_(Citrus_greening)
img_0874c061.jpg,Corn_(maize)___healthy
img_86e5676c.jpg,Tomato___Septoria_leaf_spot
img_dbab51fb.jpg,Corn_(maize)___Common_rust_
img_1ee46f11.jpg,Apple___healthy
img_9d80940e.jpg,Tomato___Spider_mites Two-spotted_spider_mite
img_78e0e919.jpg,Corn_(maize)___healthy
img_b942b788.jpg,Apple___Apple_scab
img_8e8c8720.jpg,Potato___Early_blight
img_0bdf8a6b.jpg,Soybean___healthy
img_e94ddcd4.jpg,Grape___Esca_(Black_Measles)
img_5e482f37.jpg,Soybean___healthy
img_6eb4b583.jpg,Tomato___Tomato_Yellow_Leaf_Curl_Virus
img_b7194c12.jpg,Soybean___healthy
img_08634ae8.jpg,Orange___Haunglongbing_(Citrus_greening)
img_cb317759.jpg,Peach___Bacterial_spot
img_9036c0e4.jpg,Tomato___Tomato_Yellow_Leaf_Curl_Virus
img_b08f9e26.jpg,Tomato___Tomato_Yellow_Leaf_Curl_Virus
img_6830f58d.jpg,Orange___Haunglongbing_(Citrus_greening)
img_0aac142e.jpg,Tomato___Early_blight
img_6f244079.jpg,Blueberry___healthy
img_b970d767.jpg,Soybean___healthy
img_434a7ff6.jpg,Squash___Powdery_mildew
img_2a9445bf.jpg,Grape___Leaf_blight_(Isariopsis_Leaf_Spot)
img_746f992e.jpg,Orange___Haunglongbing_(Citrus_greening)
img_6813d7c1.jpg,Tomato___Late_blight
img_3c4b54b3.jpg,Orange___Haunglongbing_(Citrus_greening)
img_bc17225b.jpg,Tomato___Tomato_Yellow_Leaf_Curl_Virus
img_d092b5d9.jpg,Corn_(maize)___Common_rust_
img_6814471f.jpg,Tomato___Septoria_leaf_spot
img_433b0356.jpg,Tomato___Septoria_leaf_spot
img_41b33a5f.jpg,Corn_(maize)___Cercospora_leaf_spot Gray_leaf_spot
img_cd019a5c.jpg,Tomato___Target_Spot
img_abc07853.jpg,Strawberry___healthy
img_0018b98a.jpg,Tomato___healthy
img_3d8030db.jpg,Grape___Esca_(Black_Measles)
img_e331cd70.jpg,Peach___Bacterial_spot
img_af8545c9.jpg,Apple___healthy
img_a0cd77a3.jpg,Tomato___Tomato_Yellow_Leaf_Curl_Virus
img_ba512396.jpg,"Pepper,_bell___Bacterial_spot"
img_30f95064.jpg,Tomato___Tomato_Yellow_Leaf_Curl_Virus
img_76f8bc92.jpg,Apple___Black_rot
img_d5a558b6.jpg,Corn_(maize)___Northern_Leaf_Blight
img_2f335174.jpg,Blueberry___healthy
img_a924cdc1.jpg,Potato___Late_blight
img_09e15ba9.jpg,Tomato___Target_Spot
img_70213cf6.jpg,Soybean___healthy
img_59517bc6.jpg,Tomato___Target_Spot
img_bca48d4a.jpg,Corn_(maize)___Northern_Leaf_Blight
img_f101508f.jpg,Tomato___Tomato_Yellow_Leaf_Curl_Virus
img_5e0bf88e.jpg,"Pepper,_bell___healthy"
img_87f7f20a.jpg,Cherry_(including_sour)___Powdery_mildew
img_f11998ca.jpg,Tomato___Tomato_Yellow_Leaf_Curl_Virus
img_c60f8c01.jpg,Tomato___Late_blight
img_6c7c709e.jpg,Peach___Bacterial_spot
img_ef796361.jpg,Soybean___healthy
img_7ed7b8ca.jpg,Blueberry___healthy
img_04dec718.jpg,Tomato___Late_blight
img_4c57a560.jpg,Soybean___healthy
img_b9071547.jpg,Tomato___Late_blight
img_5244ae4f.jpg,Tomato___Target_Spot
img_d1320ff9.jpg,Tomato___Late_blight
img_9f18a9d5.jpg,Corn_(maize)___Northern_Leaf_Blight
img_b1f3e842.jpg,Corn_(maize)___Common_rust_
img_b2cf1368.jpg,Orange___Haunglongbing_(Citrus_greening)
img_399f731f.jpg,"Pepper,_bell___healthy"
img_ccaae9ec.jpg,Corn_(maize)___Cercospora_leaf_spot Gray_leaf_spot
img_8a983354.jpg,Peach___healthy
img_0b8e58c6.jpg,Grape___Esca_(Black_Measles)
img_ee04de1e.jpg,Peach___Bacterial_spot
img_6ffb06f2.jpg,Tomato___Tomato_mosaic_virus
img_4596d09b.jpg,Peach___Bacterial_spot
img_fa7b5b43.jpg,Tomato___Spider_mites Two-spotted_spider_mite
img_17fb24cf.jpg,Tomato___Bacterial_spot
img_7236b516.jpg,"Pepper,_bell___Bacterial_spot"
img_8356ec67.jpg,Squash___Powdery_mildew
img_d49c5212.jpg,Grape___Esca_(Black_Measles)
img_1ccc5df2.jpg,Tomato___Tomato_Yellow_Leaf_Curl_Virus
img_cb8f2a22.jpg,Potato___Early_blight
img_069bac35.jpg,Tomato___Septoria_leaf_spot
img_fedb4c3d.jpg,Orange___Haunglongbing_(Citrus_greening)
img_59ff2ea0.jpg,Orange___Haunglongbing_(Citrus_greening)
img_4bf4e268.jpg,Grape___Black_rot
img_8d7ea675.jpg,Tomato___Tomato_Yellow_Leaf_Curl_Virus
img_8b941c0d.jpg,Potato___healthy
img_56990895.jpg,Raspberry___healthy
img_ae712c27.jpg,Tomato___Tomato_Yellow_Leaf_Curl_Virus
img_64216deb.jpg,Soybean___healthy
img_d9c4c93c.jpg,Cherry_(including_sour)___Powdery_mildew
img_2b8850a4.jpg,Tomato___Tomato_Yellow_Leaf_Curl_Virus
img_14bb9023.jpg,Apple___Apple_scab
img_58d79f25.jpg,Tomato___Tomato_Yellow_Leaf_Curl_Virus
img_7b483ec1.jpg,Corn_(maize)___healthy
img_0bbfff81.jpg,Grape___Leaf_blight_(Isariopsis_Leaf_Spot)
img_dd75aa78.jpg,Soybean___healthy
img_ce8a70ac.jpg,Strawberry___Leaf_scorch
img_85209ecf.jpg,Peach___Bacterial_spot
img_dfbe0a2a.jpg,Strawberry___Leaf_scorch
img_01612e3b.jpg,Potato___Early_blight
img_6d397d3e.jpg,Soybean___healthy
img_306a0016.jpg,Apple___Cedar_apple_rust
img_60e56591.jpg,Potato___Late_blight
img_e5f7cc75.jpg,Tomato___Tomato_Yellow_Leaf_Curl_Virus
img_2fc747d0.jpg,Cherry_(including_sour)___healthy
img_d9e25649.jpg,Corn_(maize)___Northern_Leaf_Blight
img_9669045a.jpg,Soybean___healthy
img_2cae76d3.jpg,Corn_(maize)___Cercospora_leaf_spot Gray_leaf_spot
img_ece19d51.jpg,Tomato___Tomato_Yellow_Leaf_Curl_Virus
img_2804a4f5.jpg,Tomato___Septoria_leaf_spot
img_6e4f27d4.jpg,Tomato___Spider_mites Two-spotted_spider_mite
img_e086a67e.jpg,Orange___Haunglongbing_(Citrus_greening)
img_f0da03be.jpg,Grape___healthy
img_0622e811.jpg,Tomato___healthy
img_0cd59d63.jpg,Corn_(maize)___healthy
img_56948a28.jpg,Tomato___Tomato_Yellow_Leaf_Curl_Virus
img_e1952e84.jpg,Orange___Haunglongbing_(Citrus_greening)
img_e645b3fd.jpg,Orange___Haunglongbing_(Citrus_greening)
img_9923d736.jpg,Tomato___Tomato_Yellow_Leaf_Curl_Virus
img_333d116f.jpg,Orange___Haunglongbing_(Citrus_greening)
img_486b08a3.jpg,Grape___Esca_(Black_Measles)
img_467bfc58.jpg,Corn_(maize)___Common_rust_
img_c3055669.jpg,Squash___Powdery_mildew
img_ef2a2a72.jpg,Tomato___Septoria_leaf_spot
img_cabf1d00.jpg,Tomato___Bacterial_spot
img_b38b3daa.jpg,Potato___Early_blight
img_ce41e0e2.jpg,Tomato___Bacterial_spot
img_d7bbb0ba.jpg,Soybean___healthy
img_d4ce9647.jpg,Tomato___Bacterial_spot
img_1683c6ad.jpg,Soybean___healthy
img_d965bbfd.jpg,Orange___Haunglongbing_(Citrus_greening)
img_1a62224c.jpg,Blueberry___healthy
img_862234a6.jpg,Tomato___healthy
img_9b5e354b.jpg,Tomato___Septoria_leaf_spot
img_7c36c663.jpg,Corn_(maize)___healthy
img_6c8c4bef.jpg,Tomato___Bacterial_spot
img_49b711ff.jpg,Squash___Powdery_mildew
img_f3dadf98.jpg,"Pepper,_bell___Bacterial_spot"
img_2bace100.jpg,Grape___Leaf_blight_(Isariopsis_Leaf_Spot)
img_aed31ce6.jpg,Cherry_(including_sour)___Powdery_mildew
img_613548e4.jpg,Tomato___Tomato_Yellow_Leaf_Curl_Virus
img_6d9c15e2.jpg,Soybean___healthy
img_7e296817.jpg,Orange___Haunglongbing_(Citrus_greening)
img_4713abfd.jpg,Tomato___Tomato_Yellow_Leaf_Curl_Virus
img_1a699eea.jpg,Soybean___healthy
img_4092ccfe.jpg,Grape___Black_rot
img_0a8e015e.jpg,Grape___Esca_(Black_Measles)
img_48e624c4.jpg,Corn_(maize)___Northern_Leaf_Blight
img_883f9719.jpg,Apple___Cedar_apple_rust
img_a55889b8.jpg,Corn_(maize)___Northern_Leaf_Blight
img_b0ba43b3.jpg,Corn_(maize)___healthy
img_c775b4a8.jpg,Orange___Haunglongbing_(Citrus_greening)
img_93c7d352.jpg,"Pepper,_bell___healthy"
img_d8cb7d23.jpg,Orange___Haunglongbing_(Citrus_greening)
img_ee8caee9.jpg,Grape___Black_rot
img_94703691.jpg,Potato___Early_blight
img_dd0622c6.jpg,Corn_(maize)___Cercospora_leaf_spot Gray_leaf_spot
img_0efd79d8.jpg,Orange___Haunglongbing_(Citrus_greening)
img_ba0f6d6d.jpg,Apple___healthy
img_57d48fb1.jpg,Orange___Haunglongbing_(Citrus_greening)
img_d03306fc.jpg,Strawberry___Leaf_scorch
img_68d790fa.jpg,Apple___Apple_scab
img_aadb2fed.jpg,Apple___Apple_scab
img_7bc0476b.jpg,Soybean___healthy
img_bba307e1.jpg,Orange___Haunglongbing_(Citrus_greening)
img_7ef31b1e.jpg,Grape___Leaf_blight_(Isariopsis_Leaf_Spot)
img_4351003c.jpg,Squash___Powdery_mildew
img_c3515092.jpg,Soybean___healthy
img_ad5e4e1e.jpg,"Pepper,_bell___Bacterial_spot"
img_617897c4.jpg,Grape___Esca_(Black_Measles)
img_a44c405a.jpg,Soybean___healthy
img_2436f0a4.jpg,Orange___Haunglongbing_(Citrus_greening)
img_91320c39.jpg,Tomato___Tomato_Yellow_Leaf_Curl_Virus
img_24169e74.jpg,Orange___Haunglongbing_(Citrus_greening)
img_4ff0b028.jpg,Tomato___Tomato_Yellow_Leaf_Curl_Virus
img_30e560f6.jpg,Squash___Powdery_mildew
img_0bfecabf.jpg,Tomato___Bacterial_spot
img_135656b6.jpg,Peach___Bacterial_spot
img_13ac9e59.jpg,Tomato___Septoria_leaf_spot
img_ab3e208d.jpg,Grape___Leaf_blight_(Isariopsis_Leaf_Spot)
img_f5f742d3.jpg,Cherry_(including_sour)___Powdery_mildew
img_768a3114.jpg,Apple___Cedar_apple_rust
img_f142136c.jpg,Tomato___Tomato_Yellow_Leaf_Curl_Virus
img_02e19752.jpg,Corn_(maize)___healthy
img_29b902a3.jpg,Peach___Bacterial_spot
img_d9c6c66c.jpg,Grape___Esca_(Black_Measles)
img_094d05a6.jpg,Tomato___Bacterial_spot
img_8c0a5f83.jpg,Tomato___Late_blight
img_7124d7bd.jpg,Tomato___Tomato_Yellow_Leaf_Curl_Virus
img_df50bda3.jpg,Squash___Powdery_mildew
img_a9235689.jpg,Tomato___Septoria_leaf_spot
img_9020ce24.jpg,Apple___healthy
img_4cecd073.jpg,Corn_(maize)___Cercospora_leaf_spot Gray_leaf_spot
img_03380039.jpg,Peach___Bacterial_spot
img_1f15a618.jpg,"Pepper,_bell___Bacterial_spot"
img_df7c19f3.jpg,Orange___Haunglongbing_(Citrus_greening)
img_3acf9881.jpg,Tomato___Bacterial_spot
img_cb98d6ca.jpg,Potato___Early_blight
img_af2bf94a.jpg,Tomato___Bacterial_spot
img_825c72bb.jpg,Orange___Haunglongbing_(Citrus_greening)
img_99857591.jpg,Orange___Haunglongbing_(Citrus_greening)
img_839dac71.jpg,"Pepper,_bell___healthy"
img_8cf6a62c.jpg,Grape___Black_rot
img_a8e1d615.jpg,Tomato___Leaf_Mold
img_0cabdfc0.jpg,Peach___Bacterial_spot
img_8ede18bd.jpg,Orange___Haunglongbing_(Citrus_greening)
img_d2d16a95.jpg,Tomato___Tomato_Yellow_Leaf_Curl_Virus
img_79d5bf32.jpg,Potato___Early_blight
img_0998df86.jpg,Apple___Black_rot
img_49ae8d4e.jpg,Tomato___Leaf_Mold
img_b4e92910.jpg,Grape___Black_rot
img_10ddf8dc.jpg,Corn_(maize)___Northern_Leaf_Blight
img_09fdc413.jpg,Tomato___Leaf_Mold
img_d21d5a57.jpg,Squash___Powdery_mildew
img_32ae505c.jpg,Soybean___healthy
img_c0ff23ff.jpg,Blueberry___healthy
img_9c760ceb.jpg,Tomato___Late_blight
img_94f69744.jpg,Tomato___Leaf_Mold
img_4e9b9806.jpg,Potato___Early_blight
img_11f5bdb9.jpg,Peach___Bacterial_spot
img_3aa39e23.jpg,Tomato___Late_blight
img_d74c3226.jpg,Soybean___healthy
img_b1bc9c18.jpg,Apple___healthy
img_45efd15c.jpg,Peach___Bacterial_spot
img_95ebf6ba.jpg,Grape___Leaf_blight_(Isariopsis_Leaf_Spot)
img_c80f4f85.jpg,Tomato___Tomato_Yellow_Leaf_Curl_Virus
img_d5a78a84.jpg,Cherry_(including_sour)___healthy
img_83d4c128.jpg,Soybean___healthy
img_88cbf08e.jpg,Potato___Late_blight
img_438cf15f.jpg,Soybean___healthy
img_c0e49d97.jpg,Apple___healthy
img_c3c3fc1c.jpg,Potato___Late_blight
img_609dc01d.jpg,Orange___Haunglongbing_(Citrus_greening)
img_c26e3447.jpg,Squash___Powdery_mildew
img_3eeb36d0.jpg,Tomato___Septoria_leaf_spot
img_af52a2e6.jpg,Tomato___Tomato_Yellow_Leaf_Curl_Virus
img_6e5f62f5.jpg,Blueberry___healthy
img_7b01ca7b.jpg,Potato___Early_blight
img_dd9b0148.jpg,Grape___Leaf_blight_(Isariopsis_Leaf_Spot)
img_f360321b.jpg,Corn_(maize)___Northern_Leaf_Blight
img_9fec20a1.jpg,Apple___healthy
img_0e4cd5ca.jpg,Tomato___Target_Spot
img_949775ab.jpg,Blueberry___healthy
img_7502e912.jpg,Tomato___Late_blight
img_c3411067.jpg,Orange___Haunglongbing_(Citrus_greening)
img_4dcb068a.jpg,Grape___Black_rot
img_9a173354.jpg,Squash___Powdery_mildew
img_2cc20bd2.jpg,Tomato___Leaf_Mold
img_7162a329.jpg,Cherry_(including_sour)___healthy
img_c160eaba.jpg,Tomato___Tomato_Yellow_Leaf_Curl_Virus
img_8e4561e0.jpg,Apple___healthy
img_8b71ec75.jpg,Peach___Bacterial_spot
img_4252658b.jpg,Apple___Apple_scab
img_c0afea56.jpg,Tomato___Tomato_Yellow_Leaf_Curl_Virus
img_ea6c50ab.jpg,Tomato___Early_blight
img_e063c2b4.jpg,Soybean___healthy
img_3f293a79.jpg,Orange___Haunglongbing_(Citrus_greening)
img_e2c05de9.jpg,Orange___Haunglongbing_(Citrus_greening)
img_40ca9b12.jpg,Orange___Haunglongbing_(Citrus_greening)
img_10409595.jpg,Soybean___healthy
img_4f3d0059.jpg,Corn_(maize)___Northern_Leaf_Blight
img_de5ff678.jpg,"Pepper,_bell___healthy"
img_a6f9fb6b.jpg,Peach___Bacterial_spot
img_13050367.jpg,Tomato___Bacterial_spot
img_47640108.jpg,Apple___Apple_scab
img_bab02e96.jpg,Corn_(maize)___Cercospora_leaf_spot Gray_leaf_spot
img_9a5da49b.jpg,Tomato___Target_Spot
img_9d3db621.jpg,Soybean___healthy
img_642f18bd.jpg,Blueberry___healthy
img_b40e6340.jpg,Tomato___Early_blight
img_b15e69dd.jpg,Potato___Early_blight
img_68a7e063.jpg,"Pepper,_bell___healthy"
img_1a9e2147.jpg,Grape___Black_rot
img_ad166612.jpg,Tomato___Early_blight
img_0b754a5e.jpg,Squash___Powdery_mildew
img_cb43dbcd.jpg,Corn_(maize)___Cercospora_leaf_spot Gray_leaf_spot
img_19e9e437.jpg,Tomato___healthy
img_09083a9e.jpg,Soybean___healthy
img_1d255ba5.jpg,Peach___Bacterial_spot
img_fe210e8d.jpg,Orange___Haunglongbing_(Citrus_greening)
img_9994bb25.jpg,Apple___Black_rot
img_081209f5.jpg,"Pepper,_bell___healthy"
img_0aeb4af8.jpg,"Pepper,_bell___Bacterial_spot"
img_4bb9ddd7.jpg,Strawberry___Leaf_scorch
img_45cd8d50.jpg,Apple___Black_rot
img_2b8e4cb5.jpg,Blueberry___healthy
img_afea3a38.jpg,Squash___Powdery_mildew
img_ac85f15e.jpg,Blueberry___healthy
img_99b3c395.jpg,Tomato___Leaf_Mold
img_6c980106.jpg,Blueberry___healthy
img_266d0768.jpg,Tomato___Septoria_leaf_spot
img_5b739c7c.jpg,Soybean___healthy
img_7e49be26.jpg,Cherry_(including_sour)___healthy
img_f50020f5.jpg,Soybean___healthy
img_f210678c.jpg,Tomato___Tomato_Yellow_Leaf_Curl_Virus
img_8cb796d8.jpg,Tomato___Leaf_Mold
img_6f53aee2.jpg,Soybean___healthy
img_5a5ac018.jpg,Potato___Late_blight
img_6766e18a.jpg,Tomato___Septoria_leaf_spot
img_1764f9ba.jpg,Soybean___healthy
img_f9dabb12.jpg,Orange___Haunglongbing_(Citrus_greening)
img_2d8930dd.jpg,Tomato___Bacterial_spot
img_5cca3d92.jpg,Soybean___healthy
img_8e3ce61b.jpg,Tomato___healthy
img_eb751506.jpg,Cherry_(including_sour)___healthy
img_4ab44af4.jpg,Apple___healthy
img_ee41afa3.jpg,Tomato___Early_blight
img_05d4956f.jpg,Grape___Leaf_blight_(Isariopsis_Leaf_Spot)
img_677bd4fe.jpg,"Pepper,_bell___healthy"
img_3fc72cc0.jpg,Grape___Leaf_blight_(Isariopsis_Leaf_Spot)
img_283a9486.jpg,Tomato___Tomato_Yellow_Leaf_Curl_Virus
img_75d127f7.jpg,Orange___Haunglongbing_(Citrus_greening)
img_601b6245.jpg,Tomato___Tomato_Yellow_Leaf_Curl_Virus
img_86be84a0.jpg,Tomato___Spider_mites Two-spotted_spider_mite
img_d7f0ca3a.jpg,Tomato___healthy
img_9a410bdf.jpg,Grape___Esca_(Black_Measles)
img_9959fa8b.jpg,Grape___healthy
img_a8ec493a.jpg,Tomato___Target_Spot
img_9b415f9e.jpg,Apple___healthy
img_f13e03be.jpg,Orange___Haunglongbing_(Citrus_greening)
img_33fd17a6.jpg,Squash___Powdery_mildew
img_e4ecfddc.jpg,Grape___Black_rot
img_346dee5e.jpg,Apple___healthy
img_22a1fe29.jpg,Peach___Bacterial_spot
img_4e52c489.jpg,Orange___Haunglongbing_(Citrus_greening)
img_438450d0.jpg,Tomato___Tomato_Yellow_Leaf_Curl_Virus
img_5c8acead.jpg,Apple___healthy
img_21f818eb.jpg,Orange___Haunglongbing_(Citrus_greening)
img_154648ad.jpg,Apple___Cedar_apple_rust
img_825efef1.jpg,Tomato___Septoria_leaf_spot
img_cafd0b48.jpg,Strawberry___Leaf_scorch
img_b5a3e136.jpg,Tomato___Tomato_Yellow_Leaf_Curl_Virus
img_f9092ec6.jpg,Blueberry___healthy
img_f3f1c389.jpg,Squash___Powdery_mildew
img_e810f75d.jpg,Tomato___Tomato_Yellow_Leaf_Curl_Virus
img_7242a3df.jpg,Strawberry___Leaf_scorch
img_c78fdc6b.jpg,Orange___Haunglongbing_(Citrus_greening)
img_f4409110.jpg,Orange___Haunglongbing_(Citrus_greening)
img_7b3716f5.jpg,"Pepper,_bell___Bacterial_spot"
img_e3eb6d23.jpg,Apple___Apple_scab
img_f91f728c.jpg,Tomato___Leaf_Mold
img_306d1437.jpg,Peach___Bacterial_spot
img_51b7a186.jpg,Soybean___healthy
img_a995cfe6.jpg,Tomato___healthy
img_ffdc7db0.jpg,Blueberry___healthy
img_6998579d.jpg,Peach___Bacterial_spot
img_90290689.jpg,Tomato___Late_blight
img_074a5414.jpg,Corn_(maize)___healthy
img_229c5143.jpg,Tomato___Early_blight
img_bf9f5a10.jpg,Tomato___Tomato_Yellow_Leaf_Curl_Virus
img_0191e29f.jpg,Tomato___Tomato_Yellow_Leaf_Curl_Virus
img_6d6959d2.jpg,Orange___Haunglongbing_(Citrus_greening)
img_37b20635.jpg,Peach___Bacterial_spot
img_d6fad653.jpg,Orange___Haunglongbing_(Citrus_greening)
img_386f807b.jpg,Tomato___Late_blight
img_bb2670a1.jpg,Tomato___Early_blight
img_f4f23025.jpg,Tomato___Tomato_mosaic_virus
img_52cbcd99.jpg,Orange___Haunglongbing_(Citrus_greening)
img_fe03b70e.jpg,Soybean___healthy
img_f09bfbd4.jpg,Tomato___Tomato_Yellow_Leaf_Curl_Virus
img_8653a855.jpg,Tomato___healthy
img_9949250d.jpg,Squash___Powdery_mildew
img_3b2c15c7.jpg,Orange___Haunglongbing_(Citrus_greening)
img_5c33f483.jpg,Peach___Bacterial_spot
img_ab9d7890.jpg,Grape___Esca_(Black_Measles)
img_1910e8b5.jpg,"Pepper,_bell___healthy"
img_0fea0688.jpg,Tomato___Tomato_Yellow_Leaf_Curl_Virus
img_41448f56.jpg,Soybean___healthy
img_9c9d8b25.jpg,Tomato___Tomato_Yellow_Leaf_Curl_Virus
img_0886bb2b.jpg,Tomato___Late_blight
img_3ea28bb4.jpg,Tomato___Spider_mites Two-spotted_spider_mite
img_955079cf.jpg,Soybean___healthy
img_03de7991.jpg,Grape___Black_rot
img_4e31b76a.jpg,Peach___Bacterial_spot
img_1083a625.jpg,Corn_(maize)___Common_rust_
img_cefa41f9.jpg,"Pepper,_bell___Bacterial_spot"
img_72e5729e.jpg,Tomato___Late_blight
img_1e9113f5.jpg,Tomato___Leaf_Mold
img_b1f1669f.jpg,Tomato___Tomato_Yellow_Leaf_Curl_Virus
img_abef679d.jpg,Peach___Bacterial_spot
img_1f44c08b.jpg,Tomato___Tomato_Yellow_Leaf_Curl_Virus
img_165fb87b.jpg,Soybean___healthy
img_7eb2db47.jpg,Tomato___Tomato_Yellow_Leaf_Curl_Virus
img_0354de4d.jpg,Tomato___Septoria_leaf_spot
img_12901e96.jpg,Corn_(maize)___Common_rust_
img_b9c669a8.jpg,Tomato___Tomato_Yellow_Leaf_Curl_Virus
img_5566e9f3.jpg,"Pepper,_bell___Bacterial_spot"
img_768d4647.jpg,Strawberry___healthy
img_8813da34.jpg,Orange___Haunglongbing_(Citrus_greening)
img_183787ee.jpg,Orange___Haunglongbing_(Citrus_greening)
img_51495660.jpg,Orange___Haunglongbing_(Citrus_greening)
img_5333d76f.jpg,Orange___Haunglongbing_(Citrus_greening)
img_61c03ca2.jpg,Squash___Powdery_mildew
img_fbb78814.jpg,Tomato___Leaf_Mold
img_b134f9bb.jpg,Tomato___healthy
img_4fec5540.jpg,Squash___Powdery_mildew
img_0b057d9b.jpg,Corn_(maize)___Northern_Leaf_Blight
img_a44c9757.jpg,Orange___Haunglongbing_(Citrus_greening)
img_d1df66ba.jpg,Tomato___Tomato_Yellow_Leaf_Curl_Virus
img_df4e6349.jpg,Apple___healthy
img_77857cc8.jpg,Peach___healthy
img_e9fa3291.jpg,Tomato___Tomato_Yellow_Leaf_Curl_Virus
img_e343b54c.jpg,Soybean___healthy
img_61145c1e.jpg,Corn_(maize)___Common_rust_
img_f9b7c96b.jpg,"Pepper,_bell___healthy"
img_ac57e8b5.jpg,Apple___healthy
img_f704ec71.jpg,Grape___Esca_(Black_Measles)
img_5d18418d.jpg,Apple___Apple_scab
img_b806663b.jpg,Peach___Bacterial_spot
img_35d52f67.jpg,Tomato___Tomato_Yellow_Leaf_Curl_Virus
img_d6260b0a.jpg,Soybean___healthy
img_34729e93.jpg,Peach___healthy
img_16572410.jpg,Orange___Haunglongbing_(Citrus_greening)
img_61fb4e16.jpg,Orange___Haunglongbing_(Citrus_greening)
img_b68ac7fd.jpg,Tomato___Bacterial_spot
img_333af1f7.jpg,Corn_(maize)___Common_rust_
img_2eff9a55.jpg,Blueberry___healthy
img_a2f834ab.jpg,Orange___Haunglongbing_(Citrus_greening)
img_16f79fda.jpg,Peach___Bacterial_spot
img_118378cb.jpg,Grape___Black_rot
img_554a6b69.jpg,Orange___Haunglongbing_(Citrus_greening)
img_a82c2f86.jpg,Grape___Black_rot
img_91e5dd51.jpg,Corn_(maize)___Common_rust_
img_c59098ee.jpg,Tomato___Tomato_Yellow_Leaf_Curl_Virus
img_04fbabef.jpg,Orange___Haunglongbing_(Citrus_greening)
img_a0678ef6.jpg,Tomato___Tomato_Yellow_Leaf_Curl_Virus
img_9934ef15.jpg,Apple___healthy
img_b1b61efd.jpg,Squash___Powdery_mildew
img_2a2f51c6.jpg,"Pepper,_bell___healthy"
img_7cbb8c0c.jpg,Corn_(maize)___Northern_Leaf_Blight
img_da3d65ee.jpg,Tomato___Tomato_Yellow_Leaf_Curl_Virus
img_b0950506.jpg,Strawberry___Leaf_scorch
img_0664cdc0.jpg,Soybean___healthy
img_c5d1ec0a.jpg,Tomato___Bacterial_spot
img_f5d5a5ef.jpg,Soybean___healthy
img_e1c6e54e.jpg,Grape___Black_rot
img_182e4191.jpg,Apple___healthy
img_570db98f.jpg,Potato___Early_blight
img_7d51b1db.jpg,Tomato___Tomato_Yellow_Leaf_Curl_Virus
img_92094ffe.jpg,Corn_(maize)___Cercospora_leaf_spot Gray_leaf_spot
img_da78147d.jpg,Peach___healthy
img_41adfa63.jpg,Tomato___Tomato_Yellow_Leaf_Curl_Virus
img_c24120e2.jpg,Peach___Bacterial_spot
img_21d9cb72.jpg,Tomato___Tomato_Yellow_Leaf_Curl_Virus
img_35143fea.jpg,Orange___Haunglongbing_(Citrus_greening)
img_916a4e84.jpg,Soybean___healthy
img_c64d66c8.jpg,Squash___Powdery_mildew
img_1ef1a6fb.jpg,Tomato___Bacterial_spot
img_85ea9f0a.jpg,"Pepper,_bell___healthy"
img_5eb5de68.jpg,"Pepper,_bell___healthy"
img_e85223d7.jpg,Tomato___Tomato_mosaic_virus
img_717bfbfa.jpg,Orange___Haunglongbing_(Citrus_greening)
img_42364051.jpg,Strawberry___Leaf_scorch
img_d8c761b9.jpg,Peach___Bacterial_spot
img_0f612178.jpg,Tomato___Target_Spot
img_1a84d0c1.jpg,Strawberry___Leaf_scorch
img_b161dac9.jpg,Tomato___Leaf_Mold
img_75444f60.jpg,Tomato___Septoria_leaf_spot
img_fbc1db17.jpg,Apple___Cedar_apple_rust
img_451c27c2.jpg,Apple___Cedar_apple_rust
img_42ed7009.jpg,Tomato___Tomato_Yellow_Leaf_Curl_Virus
img_8b6f5d08.jpg,Grape___Black_rot
img_8a6acf69.jpg,Corn_(maize)___Northern_Leaf_Blight
img_8a76be5d.jpg,Grape___Esca_(Black_Measles)
img_2770369c.jpg,Orange___Haunglongbing_(Citrus_greening)
img_b7bf8fc1.jpg,Tomato___Target_Spot
img_bbf5e206.jpg,Tomato___Leaf_Mold
img_49d84818.jpg,Peach___Bacterial_spot
img_d097fbc3.jpg,Apple___healthy
img_a1051d31.jpg,Peach___Bacterial_spot
img_721308f6.jpg,Tomato___Tomato_Yellow_Leaf_Curl_Virus
img_20ed0b69.jpg,Orange___Haunglongbing_(Citrus_greening)
img_fe6f70cf.jpg,Tomato___Bacterial_spot
img_1af8c89c.jpg,Grape___Black_rot
img_cd159880.jpg,Tomato___Late_blight
img_97ed9587.jpg,Tomato___Late_blight
img_b1dd1000.jpg,Tomato___Tomato_Yellow_Leaf_Curl_Virus
img_fda8458c.jpg,Soybean___healthy
img_6f2f3609.jpg,Grape___Leaf_blight_(Isariopsis_Leaf_Spot)
img_d26d499a.jpg,Tomato___Bacterial_spot
img_faf819f7.jpg,Grape___Black_rot
img_f7c9effc.jpg,Tomato___Target_Spot
img_9b78fc52.jpg,Tomato___Tomato_Yellow_Leaf_Curl_Virus
img_7caee003.jpg,Cherry_(including_sour)___Powdery_mildew
img_3eb57b6f.jpg,Tomato___Target_Spot
img_7be19e6e.jpg,Tomato___healthy
img_1319c139.jpg,Soybean___healthy
img_83c0aef6.jpg,Strawberry___Leaf_scorch
img_dc464681.jpg,Grape___Leaf_blight_(Isariopsis_Leaf_Spot)
img_0a11e265.jpg,Corn_(maize)___Northern_Leaf_Blight
img_cc3a9244.jpg,Soybean___healthy
img_55759a6c.jpg,Potato___Early_blight
img_9e207fc0.jpg,Apple___Apple_scab
img_38be561a.jpg,Tomato___Tomato_Yellow_Leaf_Curl_Virus
img_f1f9301b.jpg,Tomato___Spider_mites Two-spotted_spider_mite
img_b9817d30.jpg,Apple___Apple_scab
img_8d1bcf9c.jpg,Tomato___Tomato_mosaic_virus
img_3ce00224.jpg,Corn_(maize)___Northern_Leaf_Blight
img_c6255b13.jpg,Squash___Powdery_mildew
img_de26a7b2.jpg,Orange___Haunglongbing_(Citrus_greening)
img_5d59bca5.jpg,Orange___Haunglongbing_(Citrus_greening)
img_aa247f4a.jpg,Grape___Black_rot
img_0cb2e33b.jpg,Tomato___Tomato_Yellow_Leaf_Curl_Virus
img_179f406b.jpg,Cherry_(including_sour)___healthy
img_88c84d7c.jpg,Tomato___Bacterial_spot
img_0861f58a.jpg,Tomato___Leaf_Mold
img_87f91df9.jpg,Orange___Haunglongbing_(Citrus_greening)
img_4dedc7c6.jpg,Potato___Late_blight
img_b0149a22.jpg,Tomato___Tomato_Yellow_Leaf_Curl_Virus
img_6eb08ecd.jpg,Orange___Haunglongbing_(Citrus_greening)
img_16c9e50a.jpg,"Pepper,_bell___healthy"
img_7a6ac7bf.jpg,"Pepper,_bell___Bacterial_spot"
img_0b5a76f1.jpg,Corn_(maize)___Cercospora_leaf_spot Gray_leaf_spot
img_c13fa45d.jpg,Grape___Leaf_blight_(Isariopsis_Leaf_Spot)
img_b692c06a.jpg,Squash___Powdery_mildew
img_1d498d4a.jpg,Tomato___Target_Spot
img_a0cb18d0.jpg,Strawberry___Leaf_scorch
img_7e1ae479.jpg,Tomato___Septoria_leaf_spot
img_152db57a.jpg,"Pepper,_bell___healthy"
img_6f6d5c50.jpg,Tomato___Late_blight
img_f9cffdb8.jpg,Tomato___Tomato_mosaic_virus
img_ff4a7134.jpg,Soybean___healthy
img_ae68610c.jpg,Cherry_(including_sour)___healthy
img_720dea36.jpg,Orange___Haunglongbing_(Citrus_greening)
img_9110370e.jpg,Squash___Powdery_mildew
img_3ba3508c.jpg,Tomato___Bacterial_spot
img_f9a6555c.jpg,Tomato___Late_blight
img_25af8f51.jpg,Corn_(maize)___Common_rust_
img_f6b725c9.jpg,Tomato___Target_Spot
img_ef800030.jpg,Orange___Haunglongbing_(Citrus_greening)
img_62a8a90e.jpg,Peach___healthy
img_a64e29b6.jpg,Grape___Esca_(Black_Measles)
img_56b5debd.jpg,Peach___Bacterial_spot
img_ad27b91f.jpg,Corn_(maize)___Northern_Leaf_Blight
img_197281b8.jpg,Strawberry___Leaf_scorch
img_ff842ca0.jpg,Raspberry___healthy
img_5c9ecdd4.jpg,Grape___Leaf_blight_(Isariopsis_Leaf_Spot)
img_7d28f2e0.jpg,Peach___Bacterial_spot
img_0c7fe4cd.jpg,Tomato___Tomato_Yellow_Leaf_Curl_Virus
img_6db69ba6.jpg,"Pepper,_bell___healthy"
img_bb90f55f.jpg,Blueberry___healthy
img_db447ff2.jpg,Corn_(maize)___Common_rust_
img_3e895272.jpg,Squash___Powdery_mildew
img_39eac719.jpg,Soybean___healthy
img_3b6e6de0.jpg,Tomato___Late_blight
img_e635ce32.jpg,Soybean___healthy
img_e4b704cf.jpg,Soybean___healthy
img_0ff75529.jpg,Corn_(maize)___Cercospora_leaf_spot Gray_leaf_spot
img_df43f63d.jpg,Tomato___Spider_mites Two-spotted_spider_mite
img_4a50784c.jpg,Orange___Haunglongbing_(Citrus_greening)
img_55b51cd8.jpg,Strawberry___Leaf_scorch
img_6ada45dc.jpg,Grape___Black_rot
img_4bf3cb51.jpg,Tomato___Tomato_Yellow_Leaf_Curl_Virus
img_ef29484f.jpg,Squash___Powdery_mildew
img_fc559811.jpg,Orange___Haunglongbing_(Citrus_greening)
img_38ef022c.jpg,Cherry_(including_sour)___Powdery_mildew
img_da44b825.jpg,Grape___Leaf_blight_(Isariopsis_Leaf_Spot)
img_e6506601.jpg,Tomato___Late_blight
img_21478d5c.jpg,Orange___Haunglongbing_(Citrus_greening)
img_85b717c8.jpg,Grape___Esca_(Black_Measles)
img_93cdeac7.jpg,Tomato___Tomato_Yellow_Leaf_Curl_Virus
img_ea569806.jpg,Squash___Powdery_mildew
img_454151d2.jpg,Grape___Esca_(Black_Measles)
img_afe58535.jpg,Tomato___Late_blight
img_b76ba272.jpg,Tomato___Target_Spot
img_521d7c1d.jpg,Orange___Haunglongbing_(Citrus_greening)
img_22403c4f.jpg,Soybean___healthy
img_81456f05.jpg,Tomato___Bacterial_spot
img_8bb317f6.jpg,Orange___Haunglongbing_(Citrus_greening)
img_e2f8b4c1.jpg,Corn_(maize)___Common_rust_
img_a011cd8d.jpg,Tomato___Late_blight
img_137eab8a.jpg,Grape___Leaf_blight_(Isariopsis_Leaf_Spot)
img_8ce91614.jpg,Tomato___healthy
img_b44a6dde.jpg,Tomato___Spider_mites Two-spotted_spider_mite
img_6f74996b.jpg,Soybean___healthy
img_6c46be86.jpg,Tomato___Tomato_mosaic_virus
img_7537ea4f.jpg,Corn_(maize)___Common_rust_
img_92e302ab.jpg,Tomato___Septoria_leaf_spot
img_55df66d6.jpg,"Pepper,_bell___healthy"
img_14d99816.jpg,Squash___Powdery_mildew
img_e1ee6108.jpg,Apple___healthy
img_c1df4fcf.jpg,Squash___Powdery_mildew
img_2b207460.jpg,"Pepper,_bell___healthy"
img_83ed5b64.jpg,Tomato___Tomato_Yellow_Leaf_Curl_Virus
img_a5f7dbd8.jpg,Orange___Haunglongbing_(Citrus_greening)
img_17d4524b.jpg,Tomato___Target_Spot
img_5611396e.jpg,Cherry_(including_sour)___Powdery_mildew
img_03d2b8b7.jpg,Strawberry___healthy
img_b8df41e7.jpg,Cherry_(including_sour)___Powdery_mildew
img_65ee082b.jpg,Peach___Bacterial_spot
img_58eb25ed.jpg,Tomato___Early_blight
img_91dcee6c.jpg,Apple___healthy
img_4ca5b652.jpg,Tomato___Bacterial_spot
img_db8a0fc7.jpg,Grape___Black_rot
img_1bdd174a.jpg,Apple___Black_rot
img_1efea29d.jpg,Apple___healthy
img_1c02349d.jpg,Cherry_(including_sour)___Powdery_mildew
img_4ce926d1.jpg,Potato___Early_blight
img_bfff4a77.jpg,Tomato___Septoria_leaf_spot
img_cac64b50.jpg,Orange___Haunglongbing_(Citrus_greening)
img_71c5d37e.jpg,Potato___Early_blight
img_43b9b402.jpg,Soybean___healthy
img_2035c4dc.jpg,Soybean___healthy
img_f6815dc9.jpg,Peach___Bacterial_spot
img_57770e3d.jpg,Soybean___healthy
img_1f9c60b6.jpg,Orange___Haunglongbing_(Citrus_greening)
img_537da24d.jpg,Peach___Bacterial_spot
img_eb326cf3.jpg,Soybean___healthy
img_f9726d7c.jpg,Soybean___healthy
img_be20f34d.jpg,Tomato___Septoria_leaf_spot
img_0211aafc.jpg,Tomato___Late_blight
img_db16f845.jpg,Corn_(maize)___Common_rust_
img_012b2a0e.jpg,Soybean___healthy
img_6c218660.jpg,Peach___Bacterial_spot
img_1793fb37.jpg,Strawberry___Leaf_scorch
img_43cb3a1e.jpg,Potato___Early_blight
img_084d30a1.jpg,Tomato___Tomato_Yellow_Leaf_Curl_Virus
img_72e4df06.jpg,Tomato___Target_Spot
img_effb14b6.jpg,Squash___Powdery_mildew
img_6386d210.jpg,Tomato___Septoria_leaf_spot
img_1b0a7f42.jpg,Cherry_(including_sour)___Powdery_mildew
img_370d8516.jpg,Grape___healthy
img_9b8907be.jpg,Tomato___Target_Spot
img_f1a8df99.jpg,Grape___Esca_(Black_Measles)
img_317dbf20.jpg,Peach___Bacterial_spot
img_1e206ef4.jpg,Tomato___Early_blight
img_ecefde10.jpg,Tomato___healthy
img_c3af1c08.jpg,Tomato___Spider_mites Two-spotted_spider_mite
img_873b031d.jpg,Blueberry___healthy
img_74611cd4.jpg,Potato___Late_blight
img_a447dcb9.jpg,Corn_(maize)___healthy
img_210881c2.jpg,Cherry_(including_sour)___healthy
img_1d7cd04b.jpg,Soybean___healthy
img_5078fa9a.jpg,Squash___Powdery_mildew
img_f89d614c.jpg,Orange___Haunglongbing_(Citrus_greening)
img_9287b4dc.jpg,Corn_(maize)___healthy
img_c49ab03f.jpg,Apple___Apple_scab
img_87b7b503.jpg,Tomato___Tomato_Yellow_Leaf_Curl_Virus
img_830976c8.jpg,Tomato___Tomato_Yellow_Leaf_Curl_Virus
img_70586b75.jpg,Squash___Powdery_mildew
img_5f27f297.jpg,Blueberry___healthy
img_edbdde73.jpg,Tomato___Bacterial_spot
img_facfb8be.jpg,Squash___Powdery_mildew
img_2289840e.jpg,Grape___Esca_(Black_Measles)
img_6749e3b0.jpg,Strawberry___Leaf_scorch
img_5c27242a.jpg,Tomato___healthy
img_8b83aabe.jpg,Corn_(maize)___Common_rust_
img_32a0c449.jpg,Soybean___healthy
img_c8bbabeb.jpg,Apple___Black_rot
img_836b33bb.jpg,Orange___Haunglongbing_(Citrus_greening)
img_f9536733.jpg,Soybean___healthy
img_79d40c71.jpg,Grape___Black_rot
img_da46bd5b.jpg,Soybean___healthy
img_9a9bc99b.jpg,Tomato___Late_blight
img_9c30924c.jpg,Potato___Late_blight
img_b8588ca7.jpg,Corn_(maize)___Common_rust_
img_9fe8b5fb.jpg,Tomato___Bacterial_spot
img_7ceb435a.jpg,Soybean___healthy
img_6bc01ebf.jpg,Strawberry___healthy
img_f0703f95.jpg,Peach___healthy
img_cd44ee7c.jpg,Orange___Haunglongbing_(Citrus_greening)
img_297b98df.jpg,Tomato___Spider_mites Two-spotted_spider_mite
img_976c1233.jpg,Soybean___healthy
img_be6b1337.jpg,Tomato___Target_Spot
img_908e2059.jpg,Tomato___Late_blight
img_277498bf.jpg,Orange___Haunglongbing_(Citrus_greening)
img_d3301ef1.jpg,Apple___Black_rot
img_d81191ef.jpg,Apple___healthy
img_e60acd9c.jpg,Soybean___healthy
img_d26ecc36.jpg,Tomato___healthy
img_8083e4d5.jpg,Grape___Esca_(Black_Measles)
img_10dacd7e.jpg,Apple___Apple_scab
img_1d5ea4a9.jpg,Grape___Black_rot
img_7b70cf28.jpg,Orange___Haunglongbing_(Citrus_greening)
img_da8ec7c5.jpg,Tomato___Tomato_Yellow_Leaf_Curl_Virus
img_19630b4e.jpg,Tomato___healthy
img_1b5235c1.jpg,Blueberry___healthy
img_ae5628ab.jpg,Orange___Haunglongbing_(Citrus_greening)
img_173df31c.jpg,Apple___Black_rot
img_5bdbdd90.jpg,Tomato___Early_blight
img_0587784b.jpg,Grape___Esca_(Black_Measles)
img_bad2c003.jpg,Blueberry___healthy
img_502a7e24.jpg,Peach___Bacterial_spot
img_6e6770fe.jpg,Soybean___healthy
img_ec7811e8.jpg,Orange___Haunglongbing_(Citrus_greening)
img_24fb6cc3.jpg,Tomato___Late_blight
img_b540a2fd.jpg,Soybean___healthy
img_46d76123.jpg,Corn_(maize)___Cercospora_leaf_spot Gray_leaf_spot
img_ae41fa50.jpg,Tomato___Spider_mites Two-spotted_spider_mite
img_9ab4bb59.jpg,Peach___Bacterial_spot
img_460e1544.jpg,Tomato___Leaf_Mold
img_d1953cf3.jpg,Peach___Bacterial_spot
img_e2662717.jpg,Tomato___Bacterial_spot
img_2de6a4c8.jpg,Tomato___Target_Spot
img_fe078f1f.jpg,"Pepper,_bell___Bacterial_spot"
img_813b54a7.jpg,Tomato___Target_Spot
img_18a7e1ef.jpg,Tomato___Tomato_Yellow_Leaf_Curl_Virus
img_bc91ae7b.jpg,Orange___Haunglongbing_(Citrus_greening)
img_e947d2d3.jpg,Apple___healthy
img_8c3ec388.jpg,Strawberry___healthy
img_7357a637.jpg,Cherry_(including_sour)___Powdery_mildew
img_96d96470.jpg,Tomato___Tomato_Yellow_Leaf_Curl_Virus
img_f8b5165e.jpg,Orange___Haunglongbing_(Citrus_greening)
img_51e02b83.jpg,Tomato___Septoria_leaf_spot
img_3494f38c.jpg,Grape___Esca_(Black_Measles)
img_4aa9a4b4.jpg,Orange___Haunglongbing_(Citrus_greening)
img_be3f16b7.jpg,Tomato___Bacterial_spot
img_7af34b52.jpg,Potato___Early_blight
img_af207321.jpg,Soybean___healthy
img_8577702d.jpg,Raspberry___healthy
img_524b239b.jpg,Tomato___Tomato_Yellow_Leaf_Curl_Virus
img_85816283.jpg,Tomato___Bacterial_spot
img_b1d3f4d0.jpg,Apple___healthy
img_7a4a6df8.jpg,Apple___Black_rot
img_b2deb813.jpg,Tomato___Tomato_Yellow_Leaf_Curl_Virus
img_40632fb4.jpg,Grape___Black_rot
img_53f1ba49.jpg,Corn_(maize)___Northern_Leaf_Blight
img_65878c0c.jpg,Tomato___healthy
img_ee031f35.jpg,Tomato___Late_blight
img_665c34c9.jpg,Blueberry___healthy
img_d48e135f.jpg,Corn_(maize)___Cercospora_leaf_spot Gray_leaf_spot
img_ddece9bc.jpg,Tomato___Tomato_Yellow_Leaf_Curl_Virus
img_ae735652.jpg,Cherry_(including_sour)___healthy
img_9aff79e8.jpg,Cherry_(including_sour)___healthy
img_e6826567.jpg,Orange___Haunglongbing_(Citrus_greening)
img_83275a60.jpg,Tomato___Tomato_Yellow_Leaf_Curl_Virus
img_ee7918e9.jpg,Potato___Early_blight
img_0bea90c2.jpg,Tomato___Target_Spot
img_c5ae6e27.jpg,Grape___Esca_(Black_Measles)
img_29dcd8f7.jpg,Blueberry___healthy
img_e10f224c.jpg,Cherry_(including_sour)___Powdery_mildew
img_1a8712cd.jpg,Grape___Black_rot
img_0d3f4a5b.jpg,Tomato___Tomato_mosaic_virus
img_8a0b19df.jpg,Tomato___Spider_mites Two-spotted_spider_mite
img_89f65540.jpg,Orange___Haunglongbing_(Citrus_greening)
img_1ee6531d.jpg,Peach___Bacterial_spot
img_81b5f12c.jpg,Grape___Esca_(Black_Measles)
img_c2866f87.jpg,Tomato___Tomato_Yellow_Leaf_Curl_Virus
img_cafbf0a8.jpg,Tomato___Tomato_Yellow_Leaf_Curl_Virus
img_c5eec7e8.jpg,Corn_(maize)___healthy
img_700d4788.jpg,Orange___Haunglongbing_(Citrus_greening)
img_d94135a4.jpg,Tomato___Tomato_Yellow_Leaf_Curl_Virus
img_bb27ddfa.jpg,Peach___Bacterial_spot
img_0b939c7c.jpg,Tomato___Late_blight
img_7747262f.jpg,Apple___Black_rot
img_c979542d.jpg,Tomato___Tomato_Yellow_Leaf_Curl_Virus
img_957b1f5c.jpg,Corn_(maize)___healthy
img_3bed08e3.jpg,Orange___Haunglongbing_(Citrus_greening)
img_0ff093e6.jpg,Tomato___Tomato_Yellow_Leaf_Curl_Virus
img_bb4132ae.jpg,Squash___Powdery_mildew
img_b660bb82.jpg,Tomato___Tomato_Yellow_Leaf_Curl_Virus
img_1d824728.jpg,Soybean___healthy
img_c7f459b3.jpg,Soybean___healthy
img_1e54204f.jpg,Corn_(maize)___Cercospora_leaf_spot Gray_leaf_spot
img_616229e1.jpg,Tomato___Tomato_Yellow_Leaf_Curl_Virus
img_297ef45d.jpg,"Pepper,_bell___Bacterial_spot"
img_00f22b2a.jpg,Grape___Black_rot
img_aacdbdee.jpg,Tomato___Tomato_Yellow_Leaf_Curl_Virus
img_fd85f2dc.jpg,Tomato___Bacterial_spot
img_1c452d78.jpg,Soybean___healthy
img_a4e27efd.jpg,Squash___Powdery_mildew
img_9a8b4e86.jpg,Orange___Haunglongbing_(Citrus_greening)
img_17ecbbd8.jpg,Tomato___Late_blight
img_4537de6a.jpg,Tomato___Early_blight
img_6c83b61d.jpg,Squash___Powdery_mildew
img_3a8d83d6.jpg,Grape___healthy
img_d56c21a0.jpg,Tomato___Tomato_Yellow_Leaf_Curl_Virus
img_50486003.jpg,Peach___Bacterial_spot
img_f3c138c8.jpg,Tomato___Tomato_Yellow_Leaf_Curl_Virus
img_3f2ca6f4.jpg,Squash___Powdery_mildew
img_a0b66d10.jpg,Soybean___healthy
img_1ccac230.jpg,Squash___Powdery_mildew
img_88092cca.jpg,Squash___Powdery_mildew
img_a34b9f51.jpg,Tomato___Bacterial_spot
img_8321185b.jpg,Orange___Haunglongbing_(Citrus_greening)
img_3587bad7.jpg,Corn_(maize)___Common_rust_
img_804f6d7a.jpg,Soybean___healthy
img_3290bca1.jpg,Tomato___Leaf_Mold
img_37f82bb7.jpg,Soybean___healthy
img_8895e8b7.jpg,Potato___Early_blight
img_066b6b9f.jpg,Squash___Powdery_mildew
img_e09f2238.jpg,Corn_(maize)___Common_rust_
img_cf2cd2f9.jpg,Strawberry___healthy
img_cf20ce14.jpg,Potato___healthy
img_94e1d848.jpg,Grape___Esca_(Black_Measles)
img_9a9df696.jpg,Tomato___healthy
img_2de46655.jpg,Tomato___Target_Spot
img_37473cca.jpg,Potato___Late_blight
img_ebb60b11.jpg,"Pepper,_bell___healthy"
img_135ff246.jpg,Squash___Powdery_mildew
img_44d2f7d8.jpg,Orange___Haunglongbing_(Citrus_greening)
img_365853cc.jpg,Tomato___Bacterial_spot
img_b80adee6.jpg,Potato___Early_blight
img_a96e9053.jpg,Peach___Bacterial_spot
img_c5abea1b.jpg,Tomato___Target_Spot
img_a8b5a9b4.jpg,Apple___Cedar_apple_rust
img_370bc750.jpg,Apple___Black_rot
img_e71cbfa4.jpg,Orange___Haunglongbing_(Citrus_greening)
img_91eb701d.jpg,Tomato___Early_blight
img_2dfea372.jpg,Strawberry___healthy
img_cc0a6629.jpg,Peach___Bacterial_spot
img_91e105b7.jpg,Apple___healthy
img_708d5455.jpg,Tomato___Spider_mites Two-spotted_spider_mite
img_9bff7e98.jpg,Grape___Black_rot
img_b8c09dc8.jpg,Orange___Haunglongbing_(Citrus_greening)
img_5bd6ab76.jpg,Tomato___Late_blight
img_704cd71a.jpg,Tomato___Tomato_Yellow_Leaf_Curl_Virus
img_a1941fff.jpg,Apple___healthy
img_847026f5.jpg,Cherry_(including_sour)___Powdery_mildew
img_794845a7.jpg,Tomato___Septoria_leaf_spot
img_5adcc164.jpg,Peach___Bacterial_spot
img_aec380c5.jpg,Squash___Powdery_mildew
img_86da4b63.jpg,Squash___Powdery_mildew
img_4f2eba62.jpg,Corn_(maize)___Northern_Leaf_Blight
img_c52d39a4.jpg,Cherry_(including_sour)___Powdery_mildew
img_8bc35e6e.jpg,Corn_(maize)___healthy
img_e6dfbd53.jpg,Peach___Bacterial_spot
img_93fbb4c1.jpg,Soybean___healthy
img_949010f0.jpg,Grape___Esca_(Black_Measles)
img_e1a43fa9.jpg,Strawberry___healthy
img_4db7b00a.jpg,"Pepper,_bell___Bacterial_spot"
img_13d3fae9.jpg,Tomato___Tomato_Yellow_Leaf_Curl_Virus
img_f396470b.jpg,Cherry_(including_sour)___Powdery_mildew
img_3b2392be.jpg,Soybean___healthy
img_58840016.jpg,"Pepper,_bell___Bacterial_spot"
img_7959807d.jpg,Tomato___Bacterial_spot
img_cc678a04.jpg,Cherry_(including_sour)___Powdery_mildew
img_c0af749b.jpg,Orange___Haunglongbing_(Citrus_greening)
img_2ca43246.jpg,Apple___healthy
img_34e4d88a.jpg,Tomato___Leaf_Mold
img_1fdf97b5.jpg,Raspberry___healthy
img_e0fc8714.jpg,Orange___Haunglongbing_(Citrus_greening)
img_14384b6b.jpg,Tomato___Tomato_Yellow_Leaf_Curl_Virus
img_42be48c6.jpg,Tomato___healthy
img_f8ef8a33.jpg,Apple___Black_rot
img_2ac210ae.jpg,Tomato___Bacterial_spot
img_2d37fa9c.jpg,Soybean___healthy
img_edc3cee5.jpg,Tomato___healthy
img_13fb75b3.jpg,"Pepper,_bell___healthy"
img_175addeb.jpg,Grape___Black_rot
img_4e97f864.jpg,Strawberry___Leaf_scorch
img_aa4cdcb2.jpg,Soybean___healthy
img_6decb7e3.jpg,Grape___Esca_(Black_Measles)
img_77e3aaac.jpg,Tomato___Tomato_Yellow_Leaf_Curl_Virus
img_8b81103d.jpg,Tomato___Septoria_leaf_spot
img_dc0ee83c.jpg,Tomato___Septoria_leaf_spot
img_ddda6a91.jpg,Orange___Haunglongbing_(Citrus_greening)
img_f101f43e.jpg,"Pepper,_bell___healthy"
img_dba1310e.jpg,Tomato___Tomato_Yellow_Leaf_Curl_Virus
img_f1ca561f.jpg,Soybean___healthy
img_08c3b5a9.jpg,Grape___Black_rot
img_ec8aabb0.jpg,Tomato___Tomato_Yellow_Leaf_Curl_Virus
img_f091721e.jpg,Corn_(maize)___Common_rust_
img_65f99ebf.jpg,Tomato___Septoria_leaf_spot
img_47eb7b4b.jpg,Tomato___healthy
img_878c4082.jpg,Cherry_(including_sour)___Powdery_mildew
img_3cf1ca79.jpg,Tomato___Leaf_Mold
img_1210f924.jpg,Orange___Haunglongbing_(Citrus_greening)
img_d7112a90.jpg,Orange___Haunglongbing_(Citrus_greening)
img_4a3be761.jpg,Tomato___Tomato_Yellow_Leaf_Curl_Virus
img_9b48afde.jpg,Tomato___Target_Spot
img_2459bfd1.jpg,Orange___Haunglongbing_(Citrus_greening)
img_c5b33892.jpg,Orange___Haunglongbing_(Citrus_greening)
img_e04d257b.jpg,"Pepper,_bell___healthy"
img_d452ac3b.jpg,Tomato___Septoria_leaf_spot
img_726c5518.jpg,Tomato___Bacterial_spot
img_0951f6d5.jpg,Corn_(maize)___Common_rust_
img_da560460.jpg,Tomato___Tomato_Yellow_Leaf_Curl_Virus
img_1bfd125e.jpg,Orange___Haunglongbing_(Citrus_greening)
img_4eb54ede.jpg,Orange___Haunglongbing_(Citrus_greening)
img_3191b477.jpg,Tomato___Leaf_Mold
img_b6104517.jpg,Cherry_(including_sour)___Powdery_mildew
img_9a98477f.jpg,Tomato___healthy
img_7bea46ce.jpg,Soybean___healthy
img_7bbc6cba.jpg,Grape___Esca_(Black_Measles)
img_9e727ce1.jpg,Orange___Haunglongbing_(Citrus_greening)
img_748891ff.jpg,Orange___Haunglongbing_(Citrus_greening)
img_0ab303d4.jpg,Grape___Leaf_blight_(Isariopsis_Leaf_Spot)
img_d174072b.jpg,Corn_(maize)___Northern_Leaf_Blight
img_5c10b871.jpg,Strawberry___Leaf_scorch
img_66d84968.jpg,Tomato___Target_Spot
img_bd89f867.jpg,Soybean___healthy
img_da50e8fd.jpg,Orange___Haunglongbing_(Citrus_greening)
img_078ed767.jpg,Tomato___Leaf_Mold
img_28c0f55a.jpg,Orange___Haunglongbing_(Citrus_greening)
img_16e6618e.jpg,Soybean___healthy
img_5692c126.jpg,Soybean___healthy
img_f5030995.jpg,Tomato___Bacterial_spot
img_84b8578d.jpg,Apple___Apple_scab
img_6e222834.jpg,Soybean___healthy
img_c75b554f.jpg,Tomato___Tomato_Yellow_Leaf_Curl_Virus
img_31d118b5.jpg,Soybean___healthy
img_717f5cbc.jpg,Apple___healthy
img_29703b80.jpg,Tomato___Bacterial_spot
img_7ae28138.jpg,Grape___Leaf_blight_(Isariopsis_Leaf_Spot)
img_04e71e32.jpg,Tomato___Tomato_Yellow_Leaf_Curl_Virus
img_adaa6991.jpg,Tomato___Target_Spot
img_809387cc.jpg,Potato___Early_blight
img_0031548a.jpg,Blueberry___healthy
img_353bcbbc.jpg,Tomato___Septoria_leaf_spot
img_33cee6aa.jpg,Tomato___Tomato_mosaic_virus
img_f36c2b21.jpg,Tomato___Septoria_leaf_spot
img_4a312a89.jpg,Orange___Haunglongbing_(Citrus_greening)
img_fd1504c3.jpg,Peach___Bacterial_spot
img_73f5c07e.jpg,Tomato___Late_blight
img_ddd0dc45.jpg,Orange___Haunglongbing_(Citrus_greening)
img_531105bd.jpg,Grape___Esca_(Black_Measles)
img_947cb473.jpg,Soybean___healthy
img_40c832af.jpg,Strawberry___Leaf_scorch
img_f98f2f2e.jpg,Grape___Black_rot
img_47a1e30d.jpg,Strawberry___healthy
img_d651a519.jpg,Tomato___healthy
img_8175011e.jpg,"Pepper,_bell___Bacterial_spot"
img_d2c08c91.jpg,Peach___Bacterial_spot
img_1be60557.jpg,Apple___healthy
img_34ecd85c.jpg,Peach___Bacterial_spot
img_d8cf7bcf.jpg,Tomato___Bacterial_spot
img_d4fa611f.jpg,Tomato___Bacterial_spot
img_76099504.jpg,Soybean___healthy
img_9b108c49.jpg,Soybean___healthy
img_9b12ac0a.jpg,"Pepper,_bell___healthy"
img_a6867b7e.jpg,Apple___Apple_scab
img_20fd0903.jpg,Potato___Late_blight
img_117a8d1e.jpg,Squash___Powdery_mildew
img_b1398676.jpg,Apple___healthy
img_8b3372dd.jpg,Soybean___healthy
img_e0d2a792.jpg,Soybean___healthy
img_f15ed17a.jpg,Tomato___Tomato_Yellow_Leaf_Curl_Virus
img_35119dbb.jpg,Squash___Powdery_mildew
img_65148129.jpg,Tomato___Target_Spot
img_3be7c54a.jpg,Peach___Bacterial_spot
img_d2b3932b.jpg,Squash___Powdery_mildew
img_1e139030.jpg,Orange___Haunglongbing_(Citrus_greening)
img_73e980fd.jpg,Orange___Haunglongbing_(Citrus_greening)
img_b8b33099.jpg,Tomato___healthy
img_8b6432e1.jpg,Peach___Bacterial_spot
img_d5714f1b.jpg,Tomato___Septoria_leaf_spot
img_ee8b8910.jpg,Corn_(maize)___healthy
img_0a2741f5.jpg,Tomato___Tomato_Yellow_Leaf_Curl_Virus
img_da6b26cd.jpg,Corn_(maize)___Northern_Leaf_Blight
img_c2a8bbc6.jpg,Tomato___Tomato_mosaic_virus
img_500a5e20.jpg,Soybean___healthy
img_261335d8.jpg,Orange___Haunglongbing_(Citrus_greening)
img_dcf1b8bb.jpg,Tomato___Target_Spot
img_167ae5d9.jpg,Soybean___healthy
img_09b6a6a8.jpg,Tomato___Tomato_Yellow_Leaf_Curl_Virus
img_e008d03d.jpg,Tomato___Bacterial_spot
img_e4afdf48.jpg,Potato___healthy
img_f476c8ff.jpg,"Pepper,_bell___Bacterial_spot"
img_3f57e46d.jpg,Tomato___Tomato_Yellow_Leaf_Curl_Virus
img_1c6f56d8.jpg,Corn_(maize)___Northern_Leaf_Blight
img_4622802c.jpg,Soybean___healthy
img_228e3471.jpg,Blueberry___healthy
img_c16899fa.jpg,Blueberry___healthy
img_09d4fb7b.jpg,Tomato___healthy
img_a1b9af2f.jpg,Orange___Haunglongbing_(Citrus_greening)
img_cd7f41c8.jpg,Potato___Late_blight
img_c5341d83.jpg,Tomato___Tomato_Yellow_Leaf_Curl_Virus
img_668819b2.jpg,Tomato___Leaf_Mold
img_2ecaf909.jpg,Tomato___Late_blight
img_c9afd35d.jpg,Raspberry___healthy
img_c903543b.jpg,Potato___Early_blight
img_0a8c8bdb.jpg,Tomato___Septoria_leaf_spot
img_a07bed57.jpg,Potato___Late_blight
img_dfb1517e.jpg,Soybean___healthy
img_fcf6a68a.jpg,Soybean___healthy
img_bcee46b0.jpg,Tomato___Bacterial_spot
img_1f3c912e.jpg,Tomato___Tomato_Yellow_Leaf_Curl_Virus
img_a04ad9bd.jpg,Peach___Bacterial_spot
img_82a54b02.jpg,Strawberry___Leaf_scorch
img_5e191c55.jpg,Peach___Bacterial_spot
img_6c19a66d.jpg,Orange___Haunglongbing_(Citrus_greening)
img_a63112de.jpg,Tomato___Early_blight
img_b2f73af8.jpg,Tomato___Spider_mites Two-spotted_spider_mite
img_cdb0cc44.jpg,Tomato___healthy
img_95565507.jpg,Potato___Early_blight
img_12fea282.jpg,Orange___Haunglongbing_(Citrus_greening)
img_2293f495.jpg,Tomato___Tomato_Yellow_Leaf_Curl_Virus
img_60f53009.jpg,Tomato___Spider_mites Two-spotted_spider_mite
img_be30a061.jpg,Tomato___Bacterial_spot
img_b480f629.jpg,Tomato___Spider_mites Two-spotted_spider_mite
img_75413c47.jpg,Soybean___healthy
img_c4d78d51.jpg,Blueberry___healthy
img_3b9c6bb8.jpg,Potato___Early_blight
img_6bd36519.jpg,Tomato___Target_Spot
img_14a61d33.jpg,Tomato___Late_blight
img_e13e7c2e.jpg,Tomato___Septoria_leaf_spot
img_3ab5f01a.jpg,Soybean___healthy
img_0e5ff9ff.jpg,Soybean___healthy
img_ed612995.jpg,Tomato___healthy
img_0d732324.jpg,Orange___Haunglongbing_(Citrus_greening)
img_bc75b106.jpg,Apple___Black_rot
img_6e3b7d30.jpg,Tomato___Tomato_Yellow_Leaf_Curl_Virus
img_f1a0afca.jpg,Soybean___healthy
img_138fd55d.jpg,Soybean___healthy
img_d898e849.jpg,Blueberry___healthy
img_6e00419d.jpg,Tomato___Tomato_Yellow_Leaf_Curl_Virus
img_a491e062.jpg,Tomato___Leaf_Mold
img_3db79589.jpg,Potato___Late_blight
img_5d15664e.jpg,Blueberry___healthy
img_754888c3.jpg,Soybean___healthy
img_fb678007.jpg,Tomato___Septoria_leaf_spot
img_19415170.jpg,Soybean___healthy
img_159a4c5a.jpg,Apple___Apple_scab
img_c421dddf.jpg,Tomato___Spider_mites Two-spotted_spider_mite
img_18ccae08.jpg,Corn_(maize)___healthy
img_e4fbb9a2.jpg,Tomato___Target_Spot
img_045673a9.jpg,Tomato___Tomato_Yellow_Leaf_Curl_Virus
img_77558bea.jpg,Tomato___healthy
img_74bfc48a.jpg,Soybean___healthy
img_83ee40c0.jpg,Squash___Powdery_mildew
img_353005a6.jpg,Tomato___Spider_mites Two-spotted_spider_mite
img_4af39299.jpg,Corn_(maize)___Northern_Leaf_Blight
img_77849e70.jpg,Tomato___Target_Spot
img_0bef724e.jpg,Potato___Early_blight
img_57d43253.jpg,Tomato___Tomato_Yellow_Leaf_Curl_Virus
img_42b09725.jpg,Soybean___healthy
img_604c5a7f.jpg,Tomato___Late_blight
img_0fb596d5.jpg,Tomato___Septoria_leaf_spot
img_c42f6525.jpg,Peach___Bacterial_spot
img_d9bc6377.jpg,Apple___healthy
img_9de49e0d.jpg,Squash___Powdery_mildew
img_675f9bf9.jpg,Soybean___healthy
img_8da58f99.jpg,Tomato___Tomato_Yellow_Leaf_Curl_Virus
img_a131e389.jpg,Tomato___Early_blight
img_92ea1d9b.jpg,Strawberry___Leaf_scorch
img_9025ac85.jpg,Soybean___healthy
img_7a6a9281.jpg,Soybean___healthy
img_bbeae68b.jpg,Tomato___Early_blight
img_cd939e04.jpg,Grape___Leaf_blight_(Isariopsis_Leaf_Spot)
img_8d537fe2.jpg,Grape___Black_rot
img_40121ccc.jpg,Tomato___Target_Spot
img_9c13a401.jpg,Orange___Haunglongbing_(Citrus_greening)
img_dd76530c.jpg,Tomato___Leaf_Mold
img_636ca393.jpg,Tomato___Late_blight
img_8b7eef76.jpg,Tomato___Target_Spot
img_36fa65e5.jpg,"Pepper,_bell___healthy"
img_026f878f.jpg,Tomato___Septoria_leaf_spot
img_bebb4950.jpg,Tomato___Spider_mites Two-spotted_spider_mite
img_c2f296f1.jpg,Corn_(maize)___healthy
img_07dd6f65.jpg,Tomato___Tomato_Yellow_Leaf_Curl_Virus
img_c2e07549.jpg,Peach___healthy
img_c43e89e7.jpg,Tomato___Septoria_leaf_spot
img_b17b437c.jpg,Apple___healthy
img_2d07d0ab.jpg,Squash___Powdery_mildew
img_4df678ca.jpg,Soybean___healthy
img_ba09e548.jpg,Soybean___healthy
img_91a491c3.jpg,Peach___Bacterial_spot
img_e220dfa2.jpg,Apple___Black_rot
img_a1c7a1ac.jpg,Soybean___healthy
img_d78d1d5e.jpg,Grape___Black_rot
img_52784a7b.jpg,Orange___Haunglongbing_(Citrus_greening)
img_86668c8a.jpg,Tomato___Bacterial_spot
img_2284e6a3.jpg,Apple___Apple_scab
img_d3f75622.jpg,Grape___Esca_(Black_Measles)
img_2aa3dd4a.jpg,Tomato___Bacterial_spot
img_8ac149f5.jpg,Apple___healthy
img_d73ace4f.jpg,Tomato___Target_Spot
img_9680c3c2.jpg,Soybean___healthy
img_b4333bd9.jpg,Tomato___Septoria_leaf_spot
img_bd7a2af5.jpg,Orange___Haunglongbing_(Citrus_greening)
img_ab94cb65.jpg,Squash___Powdery_mildew
img_65ee565e.jpg,"Pepper,_bell___healthy"
img_64c9146b.jpg,Apple___Apple_scab
img_0091671d.jpg,Squash___Powdery_mildew
img_2a3efae7.jpg,Tomato___Tomato_Yellow_Leaf_Curl_Virus
img_ed46fd0b.jpg,Orange___Haunglongbing_(Citrus_greening)
img_39eb1342.jpg,Soybean___healthy
img_fa2d02e6.jpg,Tomato___Spider_mites Two-spotted_spider_mite
img_6b2e58d6.jpg,Peach___Bacterial_spot
img_3a275871.jpg,Tomato___Tomato_Yellow_Leaf_Curl_Virus
img_190971bd.jpg,Tomato___Septoria_leaf_spot
img_52135be8.jpg,Peach___Bacterial_spot
img_30bfddf5.jpg,Tomato___healthy
img_be934b6e.jpg,Orange___Haunglongbing_(Citrus_greening)
img_31ac5a81.jpg,Blueberry___healthy
img_3460b0da.jpg,Soybean___healthy
img_6796f675.jpg,Squash___Powdery_mildew
img_3422ec18.jpg,Grape___Esca_(Black_Measles)
img_b6e483ce.jpg,Peach___Bacterial_spot
img_8d73efa1.jpg,Tomato___Tomato_Yellow_Leaf_Curl_Virus
img_ee35ad6e.jpg,Soybean___healthy
img_4b9a8ba8.jpg,Blueberry___healthy
img_670674ac.jpg,Apple___healthy
img_c2416b02.jpg,Tomato___Late_blight
img_16375452.jpg,Orange___Haunglongbing_(Citrus_greening)
img_6e5637ec.jpg,Apple___healthy
img_0b0d1211.jpg,Orange___Haunglongbing_(Citrus_greening)
img_6a6b7143.jpg,Orange___Haunglongbing_(Citrus_greening)
img_8d4f9ec5.jpg,Grape___healthy
img_981380d6.jpg,Squash___Powdery_mildew
img_43403f63.jpg,Tomato___Bacterial_spot
img_93c2c2a6.jpg,Blueberry___healthy
img_3c1e47d1.jpg,Soybean___healthy
img_15b94916.jpg,Tomato___Late_blight
img_63625b76.jpg,Apple___Apple_scab
img_6e316486.jpg,"Pepper,_bell___Bacterial_spot"
img_3b5c9efd.jpg,Raspberry___healthy
img_185a629e.jpg,Cherry_(including_sour)___healthy
img_df4fd234.jpg,Orange___Haunglongbing_(Citrus_greening)
img_4f5f9a77.jpg,Tomato___Tomato_Yellow_Leaf_Curl_Virus
img_278f9063.jpg,Apple___healthy
img_548fbebe.jpg,Soybean___healthy
img_75f44336.jpg,Orange___Haunglongbing_(Citrus_greening)
img_99840eb3.jpg,Tomato___Bacterial_spot
img_3d072a6a.jpg,Soybean___healthy
img_726fd1a6.jpg,Tomato___Tomato_Yellow_Leaf_Curl_Virus
img_2ec5b99a.jpg,Tomato___Bacterial_spot
img_00c48f43.jpg,Tomato___Tomato_Yellow_Leaf_Curl_Virus
img_9a05ac2a.jpg,Cherry_(including_sour)___Powdery_mildew
img_197ad95e.jpg,Tomato___Leaf_Mold
img_82ba765b.jpg,Corn_(maize)___healthy
img_21e55ad9.jpg,Tomato___Tomato_Yellow_Leaf_Curl_Virus
img_4c31825f.jpg,Apple___Cedar_apple_rust
img_e395f017.jpg,Tomato___Leaf_Mold
img_4e9a9c5a.jpg,Orange___Haunglongbing_(Citrus_greening)
img_80f92bd5.jpg,Corn_(maize)___healthy
img_6ed94148.jpg,Tomato___Septoria_leaf_spot
img_96b2980e.jpg,Orange___Haunglongbing_(Citrus_greening)
img_d81f129d.jpg,Tomato___Tomato_Yellow_Leaf_Curl_Virus
img_ecd4ee9e.jpg,Tomato___Bacterial_spot
img_3db9bc8f.jpg,Tomato___healthy
img_abcb25b8.jpg,Apple___Apple_scab
img_f76a4442.jpg,Corn_(maize)___healthy
img_ee8e62b6.jpg,Soybean___healthy
img_036fc7fe.jpg,Tomato___Late_blight
img_de8a11f9.jpg,Tomato___Tomato_Yellow_Leaf_Curl_Virus
img_b99bb3d7.jpg,Tomato___Leaf_Mold
img_c4c93a04.jpg,Tomato___Tomato_Yellow_Leaf_Curl_Virus
img_a8c58aa4.jpg,Grape___Leaf_blight_(Isariopsis_Leaf_Spot)
img_831a2991.jpg,Tomato___Early_blight
img_f0ddf90a.jpg,Tomato___Target_Spot
img_4aaa2d63.jpg,Tomato___Tomato_Yellow_Leaf_Curl_Virus
img_607ba5b2.jpg,Grape___Black_rot
img_63ed9a11.jpg,Tomato___Tomato_Yellow_Leaf_Curl_Virus
img_5c0c9a5a.jpg,Grape___Leaf_blight_(Isariopsis_Leaf_Spot)
img_e6d9888c.jpg,Orange___Haunglongbing_(Citrus_greening)
img_2efe389e.jpg,Tomato___Tomato_Yellow_Leaf_Curl_Virus
img_c4d1bf4a.jpg,Orange___Haunglongbing_(Citrus_greening)
img_9abed04d.jpg,Tomato___Tomato_mosaic_virus
img_0c250002.jpg,Tomato___Spider_mites Two-spotted_spider_mite
img_13db0f2f.jpg,"Pepper,_bell___Bacterial_spot"
img_037373b0.jpg,"Pepper,_bell___healthy"
img_024b1551.jpg,Tomato___Bacterial_spot
img_222520ea.jpg,Tomato___Leaf_Mold
img_0058ee02.jpg,Corn_(maize)___Northern_Leaf_Blight
img_71221744.jpg,Tomato___Bacterial_spot
img_9d851051.jpg,Orange___Haunglongbing_(Citrus_greening)
img_9060b435.jpg,Grape___Esca_(Black_Measles)
img_24715084.jpg,Squash___Powdery_mildew
img_9c7529aa.jpg,Tomato___Target_Spot
img_edb12a76.jpg,Tomato___Tomato_Yellow_Leaf_Curl_Virus
img_27b77c0b.jpg,Orange___Haunglongbing_(Citrus_greening)
img_7e6cb82a.jpg,Tomato___Leaf_Mold
img_0c75f618.jpg,Orange___Haunglongbing_(Citrus_greening)
img_a013b6f0.jpg,Soybean___healthy
img_3e4f7dbf.jpg,Peach___Bacterial_spot
img_f0a68a60.jpg,Tomato___Tomato_Yellow_Leaf_Curl_Virus
img_aff12891.jpg,Apple___Black_rot
img_77878c42.jpg,"Pepper,_bell___healthy"
img_8f8ef833.jpg,Soybean___healthy
img_81222386.jpg,Grape___Esca_(Black_Measles)
img_e8615ffb.jpg,Apple___Apple_scab
img_dc608ec9.jpg,Tomato___healthy
img_744db731.jpg,Blueberry___healthy
img_66ec66c5.jpg,Peach___Bacterial_spot
img_49d18f52.jpg,Squash___Powdery_mildew
img_f79d4d37.jpg,Soybean___healthy
img_0515c2d5.jpg,Tomato___Tomato_Yellow_Leaf_Curl_Virus
img_f5f2dca2.jpg,Potato___Early_blight
img_086a6e64.jpg,Tomato___Tomato_Yellow_Leaf_Curl_Virus
img_fd732779.jpg,Tomato___healthy
img_04f0db2a.jpg,Apple___Cedar_apple_rust
img_5d73abd8.jpg,Tomato___Bacterial_spot
img_b29fc74b.jpg,Tomato___Bacterial_spot
img_8adbec48.jpg,Tomato___Bacterial_spot
img_d1773f0b.jpg,"Pepper,_bell___healthy"
img_e79688f0.jpg,Blueberry___healthy
img_1ba6fdb6.jpg,Tomato___Tomato_Yellow_Leaf_Curl_Virus
img_7260d09f.jpg,Orange___Haunglongbing_(Citrus_greening)
img_cc2a95f2.jpg,Tomato___Target_Spot
img_071e5455.jpg,Orange___Haunglongbing_(Citrus_greening)
img_7e510a22.jpg,Strawberry___Leaf_scorch
img_d4997405.jpg,Strawberry___healthy
img_428e6c16.jpg,Squash___Powdery_mildew
img_efa46dc2.jpg,Cherry_(including_sour)___healthy
img_2a80693b.jpg,Orange___Haunglongbing_(Citrus_greening)
img_f1ed131c.jpg,Peach___Bacterial_spot
img_b84079ed.jpg,Tomato___Septoria_leaf_spot
img_c4899d34.jpg,Grape___Black_rot
img_6f55f18d.jpg,Strawberry___Leaf_scorch
img_187afebf.jpg,Soybean___healthy
img_34a41da0.jpg,Squash___Powdery_mildew
img_0be0c131.jpg,"Pepper,_bell___healthy"
img_11a44ac3.jpg,Soybean___healthy
img_9d78c400.jpg,Peach___healthy
img_48a2b686.jpg,Soybean___healthy
img_1af83ab2.jpg,"Pepper,_bell___Bacterial_spot"
img_d864d7e5.jpg,Cherry_(including_sour)___Powdery_mildew
img_42ed9e99.jpg,Soybean___healthy
img_04a50f37.jpg,Corn_(maize)___healthy
img_fb6d142d.jpg,Tomato___healthy
img_9435338c.jpg,Peach___Bacterial_spot
img_07e754fa.jpg,Orange___Haunglongbing_(Citrus_greening)
img_cadfd64c.jpg,Peach___Bacterial_spot
img_c7b34af3.jpg,Potato___Early_blight
img_f45546a6.jpg,Corn_(maize)___Common_rust_
img_8adb73c6.jpg,Grape___Esca_(Black_Measles)
img_bf052d8c.jpg,Blueberry___healthy
img_b560decd.jpg,Tomato___Tomato_Yellow_Leaf_Curl_Virus
img_c3bae562.jpg,"Pepper,_bell___healthy"
img_3b88fc9c.jpg,Orange___Haunglongbing_(Citrus_greening)
img_8a4f3111.jpg,Tomato___Bacterial_spot
img_bfcb68d2.jpg,Orange___Haunglongbing_(Citrus_greening)
img_d79ec331.jpg,Orange___Haunglongbing_(Citrus_greening)
img_bf9ae04f.jpg,Squash___Powdery_mildew
img_c26dd5f6.jpg,Squash___Powdery_mildew
img_cb652652.jpg,Orange___Haunglongbing_(Citrus_greening)
img_464d2d9d.jpg,Grape___Leaf_blight_(Isariopsis_Leaf_Spot)
img_16c86191.jpg,Soybean___healthy
img_ed591a1d.jpg,Tomato___Tomato_Yellow_Leaf_Curl_Virus
img_40c2d7b1.jpg,Tomato___Tomato_Yellow_Leaf_Curl_Virus
img_1929598a.jpg,Orange___Haunglongbing_(Citrus_greening)
img_e3875126.jpg,Tomato___Late_blight
img_4ee6d5c6.jpg,Tomato___Septoria_leaf_spot
img_71e03da7.jpg,Tomato___Septoria_leaf_spot
img_c8fbea18.jpg,Grape___Black_rot
img_00623be8.jpg,Tomato___Late_blight
img_dbf50336.jpg,Tomato___Spider_mites Two-spotted_spider_mite
img_76c4466c.jpg,Tomato___Spider_mites Two-spotted_spider_mite
img_00c9b920.jpg,Soybean___healthy
img_96ed0cd4.jpg,Grape___Leaf_blight_(Isariopsis_Leaf_Spot)
img_86b521b3.jpg,Orange___Haunglongbing_(Citrus_greening)
img_5872acc6.jpg,Soybean___healthy
img_e525adbe.jpg,Peach___Bacterial_spot
img_d93d331d.jpg,Orange___Haunglongbing_(Citrus_greening)
img_ec7d815f.jpg,Soybean___healthy
img_5e767681.jpg,"Pepper,_bell___Bacterial_spot"
img_ad55fcde.jpg,Orange___Haunglongbing_(Citrus_greening)
img_a4cfb011.jpg,Corn_(maize)___healthy
img_a5011d1f.jpg,Potato___Early_blight
img_95540bee.jpg,Strawberry___healthy
img_0079ec00.jpg,"Pepper,_bell___Bacterial_spot"
img_0348bc27.jpg,Grape___Esca_(Black_Measles)
img_3c557ae9.jpg,Tomato___Tomato_Yellow_Leaf_Curl_Virus
img_6a36a0a3.jpg,Potato___healthy
img_a7ed75df.jpg,Soybean___healthy
img_1f6c77dd.jpg,Tomato___Tomato_Yellow_Leaf_Curl_Virus
img_a8314cbd.jpg,Squash___Powdery_mildew
img_35dface3.jpg,Grape___Black_rot
img_8147a176.jpg,Tomato___Leaf_Mold
img_66ec99e9.jpg,Tomato___Tomato_Yellow_Leaf_Curl_Virus
img_2d5f5404.jpg,"Pepper,_bell___healthy"
img_a441c9c0.jpg,Soybean___healthy
img_64a5157f.jpg,Tomato___Tomato_Yellow_Leaf_Curl_Virus
img_e07bf2b6.jpg,Grape___Leaf_blight_(Isariopsis_Leaf_Spot)
img_c1a992a1.jpg,Tomato___Late_blight
img_85919205.jpg,Squash___Powdery_mildew
img_363a08d6.jpg,Apple___Black_rot
img_dc643611.jpg,Orange___Haunglongbing_(Citrus_greening)
img_7183d929.jpg,Tomato___Leaf_Mold
img_23a2eea5.jpg,Corn_(maize)___Cercospora_leaf_spot Gray_leaf_spot
img_7e8dccbc.jpg,Orange___Haunglongbing_(Citrus_greening)
img_5c9346c6.jpg,Strawberry___healthy
img_0962013b.jpg,Strawberry___Leaf_scorch
img_36c3a208.jpg,Grape___Black_rot
img_6311133c.jpg,Tomato___Tomato_Yellow_Leaf_Curl_Virus
img_c9cd2e2a.jpg,Potato___Late_blight
img_7352998e.jpg,Tomato___Target_Spot
img_576a26e8.jpg,Tomato___Tomato_Yellow_Leaf_Curl_Virus
img_e6adbe34.jpg,Tomato___Tomato_Yellow_Leaf_Curl_Virus
img_ce02bc8c.jpg,Tomato___Early_blight
img_dd9b12c0.jpg,Potato___Early_blight
img_a1f93041.jpg,Orange___Haunglongbing_(Citrus_greening)
img_88dcca79.jpg,Tomato___Leaf_Mold
img_de3190c9.jpg,Grape___Esca_(Black_Measles)
img_78322d26.jpg,Tomato___Tomato_Yellow_Leaf_Curl_Virus
img_cdc7c01a.jpg,Tomato___Bacterial_spot
img_40a67bfc.jpg,Soybean___healthy
img_19a8f5d2.jpg,"Pepper,_bell___Bacterial_spot"
img_ddab8355.jpg,Apple___healthy
img_063ddc62.jpg,Potato___Early_blight
img_33523469.jpg,Tomato___healthy
img_61999fd7.jpg,Soybean___healthy
img_977c782a.jpg,Tomato___Late_blight
img_263665b9.jpg,Potato___Early_blight
img_d153ac99.jpg,Soybean___healthy
img_f3592a5a.jpg,Tomato___Leaf_Mold
img_57bf2379.jpg,Grape___Leaf_blight_(Isariopsis_Leaf_Spot)
img_e649e05c.jpg,Orange___Haunglongbing_(Citrus_greening)
img_a9e1fb8c.jpg,Blueberry___healthy
img_5868859b.jpg,Blueberry___healthy
img_2b12c934.jpg,Tomato___Target_Spot
img_98b081dd.jpg,Tomato___Spider_mites Two-spotted_spider_mite
img_3758f799.jpg,Peach___Bacterial_spot
img_9ae4e69f.jpg,Soybean___healthy
img_5ce52844.jpg,Tomato___healthy
img_fcd378a6.jpg,Tomato___Bacterial_spot
img_2bed9b32.jpg,Tomato___Tomato_Yellow_Leaf_Curl_Virus
img_9e7f0fb8.jpg,Orange___Haunglongbing_(Citrus_greening)
img_b4f00dc4.jpg,Corn_(maize)___Northern_Leaf_Blight
img_582ebf5a.jpg,Cherry_(including_sour)___healthy
img_009b8dee.jpg,Tomato___Target_Spot
img_16fb9b98.jpg,"Pepper,_bell___Bacterial_spot"
img_4fd0586b.jpg,Orange___Haunglongbing_(Citrus_greening)
img_ec1c1da0.jpg,Squash___Powdery_mildew
img_1aab67cb.jpg,"Pepper,_bell___healthy"
img_407d8687.jpg,Tomato___Tomato_Yellow_Leaf_Curl_Virus
img_bea6fec5.jpg,Cherry_(including_sour)___Powdery_mildew
img_ff94c848.jpg,Soybean___healthy
img_38461272.jpg,Raspberry___healthy
img_139c3c4f.jpg,Cherry_(including_sour)___healthy
img_f6281d94.jpg,Orange___Haunglongbing_(Citrus_greening)
img_5334c4d6.jpg,Grape___Leaf_blight_(Isariopsis_Leaf_Spot)
img_8a98b8bb.jpg,Grape___Leaf_blight_(Isariopsis_Leaf_Spot)
img_e5dbde63.jpg,Orange___Haunglongbing_(Citrus_greening)
img_171abbd0.jpg,Grape___Esca_(Black_Measles)
img_b53a608a.jpg,Grape___healthy
img_5caa5050.jpg,Soybean___healthy
img_ab4473ad.jpg,Corn_(maize)___healthy
img_007f85cb.jpg,Corn_(maize)___Cercospora_leaf_spot Gray_leaf_spot
img_b7336a32.jpg,Cherry_(including_sour)___healthy
img_59020c9b.jpg,Peach___Bacterial_spot
img_092245e2.jpg,Tomato___healthy
img_e50dadc9.jpg,Strawberry___Leaf_scorch
img_5e0257d5.jpg,Tomato___Tomato_Yellow_Leaf_Curl_Virus
img_96304fdb.jpg,Apple___Apple_scab
img_e508364f.jpg,Tomato___Late_blight
img_1a16d45f.jpg,Tomato___Bacterial_spot
img_1d95bdc9.jpg,Tomato___Late_blight
img_6131e097.jpg,Tomato___Target_Spot
img_ed299e38.jpg,Squash___Powdery_mildew
img_a301abc1.jpg,Peach___Bacterial_spot
img_0f38163c.jpg,Orange___Haunglongbing_(Citrus_greening)
img_48ae6fc9.jpg,Corn_(maize)___Cercospora_leaf_spot Gray_leaf_spot
img_dded5b79.jpg,Orange___Haunglongbing_(Citrus_greening)
img_f936d545.jpg,Tomato___healthy
img_7c16f234.jpg,Grape___Leaf_blight_(Isariopsis_Leaf_Spot)
img_6306ed60.jpg,Soybean___healthy
img_78a47aee.jpg,Tomato___healthy
img_14afe6f3.jpg,"Pepper,_bell___Bacterial_spot"
img_fa6b4e3a.jpg,Cherry_(including_sour)___Powdery_mildew
img_5ce63db6.jpg,Potato___Late_blight
img_5eeaf3df.jpg,Orange___Haunglongbing_(Citrus_greening)
img_4f66e443.jpg,Soybean___healthy
img_dbf0f0ce.jpg,Corn_(maize)___Common_rust_
img_8493594a.jpg,Soybean___healthy
img_ec7f5f18.jpg,Apple___Cedar_apple_rust
img_d22778b9.jpg,Tomato___Tomato_Yellow_Leaf_Curl_Virus
img_bab75705.jpg,Tomato___Target_Spot
img_8760e4bc.jpg,Blueberry___healthy
img_a1b4119f.jpg,Apple___Apple_scab
img_1478a691.jpg,Orange___Haunglongbing_(Citrus_greening)
img_955cbfc4.jpg,Tomato___Tomato_Yellow_Leaf_Curl_Virus
img_a4ce5521.jpg,Tomato___Tomato_Yellow_Leaf_Curl_Virus
img_266c6039.jpg,Apple___Black_rot
img_64b0b5e9.jpg,Tomato___Tomato_Yellow_Leaf_Curl_Virus
img_a36fa04b.jpg,Blueberry___healthy
img_484535d8.jpg,Apple___Cedar_apple_rust
img_b7d1663b.jpg,Soybean___healthy
img_37275847.jpg,Soybean___healthy
img_de585f4f.jpg,Orange___Haunglongbing_(Citrus_greening)
img_dc1d204d.jpg,Grape___Black_rot
img_99dd2599.jpg,Potato___Late_blight
img_88d949bc.jpg,Potato___Late_blight
img_73ee7a30.jpg,Grape___Leaf_blight_(Isariopsis_Leaf_Spot)
img_64a6731a.jpg,Tomato___Tomato_mosaic_virus
img_bcf40981.jpg,Tomato___Early_blight
img_284c6d3f.jpg,Tomato___Spider_mites Two-spotted_spider_mite
img_38b98382.jpg,Apple___healthy
img_c19ab171.jpg,Tomato___Spider_mites Two-spotted_spider_mite
img_282a0a8f.jpg,Grape___healthy
img_cfe542eb.jpg,Soybean___healthy
img_8b35e7f7.jpg,Tomato___Tomato_Yellow_Leaf_Curl_Virus
img_7f935b12.jpg,Tomato___Late_blight
img_78435d56.jpg,Soybean___healthy
img_bc44af76.jpg,Soybean___healthy
img_6519d783.jpg,Tomato___healthy
img_a7ad043c.jpg,Blueberry___healthy
img_18573b20.jpg,Tomato___Spider_mites Two-spotted_spider_mite
img_d92b00c3.jpg,Peach___Bacterial_spot
img_211720e4.jpg,Tomato___healthy
img_847beb59.jpg,Tomato___Septoria_leaf_spot
img_52a57365.jpg,Apple___Cedar_apple_rust
img_30947ca9.jpg,Apple___Apple_scab
img_bc07bd58.jpg,Corn_(maize)___healthy
img_790ebc6c.jpg,Potato___Late_blight
img_ec7758d5.jpg,Tomato___Spider_mites Two-spotted_spider_mite
img_7641e0c7.jpg,Strawberry___Leaf_scorch
img_c7c2c84e.jpg,Potato___Late_blight
img_5291d6a9.jpg,Apple___healthy
img_f5c88558.jpg,Potato___Late_blight
img_8108fdb0.jpg,Tomato___Tomato_mosaic_virus
img_da3464ae.jpg,Orange___Haunglongbing_(Citrus_greening)
img_dd871915.jpg,"Pepper,_bell___Bacterial_spot"
img_ea04e3ee.jpg,Corn_(maize)___Northern_Leaf_Blight
img_1e8d8c0f.jpg,Tomato___Tomato_Yellow_Leaf_Curl_Virus
img_57004b2f.jpg,Apple___healthy
img_77c383ee.jpg,Tomato___Septoria_leaf_spot
img_4270a014.jpg,Grape___Black_rot
img_30b42a63.jpg,Tomato___Target_Spot
img_438960ea.jpg,Blueberry___healthy
img_183861ce.jpg,Orange___Haunglongbing_(Citrus_greening)
img_71ed6110.jpg,Corn_(maize)___Northern_Leaf_Blight
img_de7c75f9.jpg,Corn_(maize)___healthy
img_4a987741.jpg,Soybean___healthy
img_a06d9ec8.jpg,Tomato___Late_blight
img_47c120ab.jpg,Soybean___healthy
img_52f4a059.jpg,Raspberry___healthy
img_d2f8fc25.jpg,Blueberry___healthy
img_92ae3369.jpg,Tomato___healthy
img_bc953f3a.jpg,Peach___Bacterial_spot
img_ca312c49.jpg,Orange___Haunglongbing_(Citrus_greening)
img_bf4b5c5c.jpg,Tomato___Late_blight
img_40dd923c.jpg,Strawberry___healthy
img_358cfb24.jpg,Grape___healthy
img_076e8db1.jpg,Tomato___Spider_mites Two-spotted_spider_mite
img_c248ec3e.jpg,Tomato___Septoria_leaf_spot
img_41325be0.jpg,Tomato___Spider_mites Two-spotted_spider_mite
img_b57fa0b5.jpg,Peach___Bacterial_spot
img_15424887.jpg,Tomato___Target_Spot
img_759abc74.jpg,Tomato___Bacterial_spot
img_43f9e42d.jpg,Corn_(maize)___Cercospora_leaf_spot Gray_leaf_spot
img_1d095445.jpg,Corn_(maize)___Northern_Leaf_Blight
img_02b19c9f.jpg,Grape___Black_rot
img_b4a02511.jpg,Orange___Haunglongbing_(Citrus_greening)
img_eb8fea9e.jpg,Peach___Bacterial_spot
img_9b5af7f6.jpg,Tomato___Late_blight
img_c08c1622.jpg,Soybean___healthy
img_36515543.jpg,Potato___Late_blight
img_dff124e3.jpg,Blueberry___healthy
img_f4daf577.jpg,Cherry_(including_sour)___Powdery_mildew
img_04ce6dfa.jpg,Orange___Haunglongbing_(Citrus_greening)
img_d43e3b6c.jpg,Tomato___healthy
img_acd32457.jpg,Grape___Black_rot
img_5346293a.jpg,Cherry_(including_sour)___healthy
img_21304a5f.jpg,Soybean___healthy
img_25e8a680.jpg,Squash___Powdery_mildew
img_88b67bd1.jpg,Orange___Haunglongbing_(Citrus_greening)
img_a8c6d10b.jpg,Strawberry___healthy
img_c38a9f23.jpg,Peach___Bacterial_spot
img_e10aff83.jpg,Corn_(maize)___healthy
img_6d03b8d3.jpg,Tomato___Leaf_Mold
img_f725b417.jpg,Grape___Black_rot
img_cf697b06.jpg,Tomato___Tomato_Yellow_Leaf_Curl_Virus
img_197792f5.jpg,Tomato___Tomato_Yellow_Leaf_Curl_Virus
img_71ed5d34.jpg,Corn_(maize)___Common_rust_
img_406b8896.jpg,Orange___Haunglongbing_(Citrus_greening)
img_2ee6502b.jpg,Tomato___Tomato_Yellow_Leaf_Curl_Virus
img_f1cfad69.jpg,Grape___Leaf_blight_(Isariopsis_Leaf_Spot)
img_00337db3.jpg,Peach___Bacterial_spot
img_9d7d6323.jpg,Tomato___Spider_mites Two-spotted_spider_mite
img_4992be0c.jpg,Grape___Leaf_blight_(Isariopsis_Leaf_Spot)
img_08806aa7.jpg,Grape___Leaf_blight_(Isariopsis_Leaf_Spot)
img_019376b5.jpg,Potato___Late_blight
img_45d20af2.jpg,Tomato___Target_Spot
img_f3c54682.jpg,Tomato___Tomato_Yellow_Leaf_Curl_Virus
img_0daa7387.jpg,Cherry_(including_sour)___healthy
img_0c330b46.jpg,Tomato___Septoria_leaf_spot
img_ed508b2c.jpg,Tomato___Target_Spot
img_ea172e74.jpg,Strawberry___Leaf_scorch
img_c449f261.jpg,Cherry_(including_sour)___Powdery_mildew
img_08cd8fd0.jpg,Tomato___Leaf_Mold
img_8874b603.jpg,Tomato___Tomato_Yellow_Leaf_Curl_Virus
img_dcb11429.jpg,Blueberry___healthy
img_98345d37.jpg,"Pepper,_bell___healthy"
img_ee3e00d1.jpg,Tomato___Tomato_Yellow_Leaf_Curl_Virus
img_17468616.jpg,Strawberry___Leaf_scorch
img_b95763a0.jpg,Apple___Black_rot
img_f5ae6f52.jpg,Soybean___healthy
img_cc274ab6.jpg,Grape___Leaf_blight_(Isariopsis_Leaf_Spot)
img_b2ac973e.jpg,Tomato___Late_blight
img_9bf7de93.jpg,Potato___Late_blight
img_27b1747e.jpg,Orange___Haunglongbing_(Citrus_greening)
img_72a7326c.jpg,Tomato___Septoria_leaf_spot
img_c1dffdf3.jpg,Grape___Leaf_blight_(Isariopsis_Leaf_Spot)
img_64c7157e.jpg,Tomato___Tomato_Yellow_Leaf_Curl_Virus
img_519e8aca.jpg,Potato___Late_blight
img_7fb35222.jpg,Corn_(maize)___healthy
img_cdc9c91a.jpg,Tomato___Tomato_Yellow_Leaf_Curl_Virus
img_3aa0a311.jpg,Grape___healthy
img_35fc817b.jpg,Tomato___Tomato_Yellow_Leaf_Curl_Virus
img_b2f32126.jpg,Corn_(maize)___Northern_Leaf_Blight
img_88fe1530.jpg,Tomato___Early_blight
img_0e683967.jpg,Tomato___Target_Spot
img_13990806.jpg,Cherry_(including_sour)___Powdery_mildew
img_76177df3.jpg,"Pepper,_bell___healthy"
img_4ed61edf.jpg,Soybean___healthy
img_2aec4936.jpg,Potato___Late_blight
img_32d90cb7.jpg,Grape___Black_rot
img_9dcfaa56.jpg,Soybean___healthy
img_aaaeb976.jpg,Tomato___Tomato_Yellow_Leaf_Curl_Virus
img_41819557.jpg,Cherry_(including_sour)___healthy
img_3c0880d4.jpg,Tomato___Tomato_Yellow_Leaf_Curl_Virus
img_764da0bb.jpg,Grape___Esca_(Black_Measles)
img_08d53817.jpg,Grape___Leaf_blight_(Isariopsis_Leaf_Spot)
img_00e2c31c.jpg,Soybean___healthy
img_745be18c.jpg,Peach___Bacterial_spot
img_8e3292be.jpg,Corn_(maize)___Cercospora_leaf_spot Gray_leaf_spot
img_791c908c.jpg,Apple___healthy
img_b039839c.jpg,Grape___Leaf_blight_(Isariopsis_Leaf_Spot)
img_a84355e7.jpg,Cherry_(including_sour)___Powdery_mildew
img_be358d6c.jpg,Strawberry___Leaf_scorch
img_f74c5cf5.jpg,Grape___Esca_(Black_Measles)
img_08491e60.jpg,Soybean___healthy
img_fedc7799.jpg,Apple___healthy
img_071cb3a1.jpg,Orange___Haunglongbing_(Citrus_greening)
img_31fc9a78.jpg,Soybean___healthy
img_54e6b255.jpg,Orange___Haunglongbing_(Citrus_greening)
img_ef6b61bd.jpg,Raspberry___healthy
img_8d8284b5.jpg,Peach___healthy
img_ad01edee.jpg,Strawberry___Leaf_scorch
img_44fc672a.jpg,Tomato___healthy
img_a9b28133.jpg,Cherry_(including_sour)___Powdery_mildew
img_e0df8be6.jpg,Tomato___Tomato_Yellow_Leaf_Curl_Virus
img_8afb0ccc.jpg,Orange___Haunglongbing_(Citrus_greening)
img_db4b45b7.jpg,Grape___Esca_(Black_Measles)
img_34cd177a.jpg,Tomato___healthy
img_c68d67bc.jpg,Soybean___healthy
img_bb60688b.jpg,Apple___Apple_scab
img_8d876a6b.jpg,Tomato___Tomato_Yellow_Leaf_Curl_Virus
img_c207380f.jpg,Tomato___Early_blight
img_773e3f3e.jpg,Squash___Powdery_mildew
img_85312a3e.jpg,Tomato___Late_blight
img_8c15ca44.jpg,Peach___Bacterial_spot
img_5aa743df.jpg,Orange___Haunglongbing_(Citrus_greening)
img_3e71ab4f.jpg,Tomato___Septoria_leaf_spot
img_9b4b6a4b.jpg,Orange___Haunglongbing_(Citrus_greening)
img_5abca4ea.jpg,Orange___Haunglongbing_(Citrus_greening)
img_ef286b4e.jpg,Corn_(maize)___Northern_Leaf_Blight
img_1e30129f.jpg,Tomato___Bacterial_spot
img_4feae348.jpg,Corn_(maize)___Common_rust_
img_c9a580fa.jpg,Orange___Haunglongbing_(Citrus_greening)
img_3d20bc25.jpg,Tomato___Tomato_Yellow_Leaf_Curl_Virus
img_7be633e7.jpg,Tomato___Tomato_Yellow_Leaf_Curl_Virus
img_941b3a3e.jpg,Grape___Leaf_blight_(Isariopsis_Leaf_Spot)
img_483da93c.jpg,Soybean___healthy
img_607e71dc.jpg,Corn_(maize)___healthy
img_41ffec2f.jpg,Strawberry___healthy
img_c5de0721.jpg,Soybean___healthy
img_7b60e263.jpg,Soybean___healthy
img_9b8716d5.jpg,Potato___Early_blight
img_e933b0cb.jpg,Peach___Bacterial_spot
img_e163e1f9.jpg,Soybean___healthy
img_bb5173f4.jpg,"Pepper,_bell___healthy"
img_4d5a72a0.jpg,Grape___healthy
img_3d7eff22.jpg,Soybean___healthy
img_2135f507.jpg,Corn_(maize)___Common_rust_
img_916bed1d.jpg,Apple___healthy
img_a8348196.jpg,Orange___Haunglongbing_(Citrus_greening)
img_ef6823eb.jpg,Tomato___Septoria_leaf_spot
img_b29bb08c.jpg,Tomato___Tomato_Yellow_Leaf_Curl_Virus
img_965b1f2f.jpg,Peach___Bacterial_spot
img_bc2822cb.jpg,Strawberry___Leaf_scorch
img_967342de.jpg,Squash___Powdery_mildew
img_fe2c8c42.jpg,Apple___Black_rot
img_a59e3517.jpg,Soybean___healthy
img_7221ca4e.jpg,Grape___Esca_(Black_Measles)
img_5102af8b.jpg,Orange___Haunglongbing_(Citrus_greening)
img_aae264f2.jpg,Tomato___Bacterial_spot
img_79842fb2.jpg,Raspberry___healthy
img_ae0e862f.jpg,Tomato___Septoria_leaf_spot
img_cbc9e219.jpg,"Pepper,_bell___healthy"
img_9386ec2d.jpg,"Pepper,_bell___Bacterial_spot"
img_0b58609f.jpg,Apple___healthy
img_12b5e2c4.jpg,Squash___Powdery_mildew
img_079d31bb.jpg,Tomato___Late_blight
img_f399a253.jpg,Tomato___Leaf_Mold
img_f350f3e7.jpg,Orange___Haunglongbing_(Citrus_greening)
img_4884d403.jpg,Tomato___Tomato_Yellow_Leaf_Curl_Virus
img_977d50fb.jpg,Tomato___Late_blight
img_82105b21.jpg,Tomato___Tomato_mosaic_virus
img_b3b9c561.jpg,Orange___Haunglongbing_(Citrus_greening)
img_fb0dfab4.jpg,Soybean___healthy
img_f064e8f8.jpg,Tomato___Spider_mites Two-spotted_spider_mite
img_d8e8ec7d.jpg,Tomato___Tomato_Yellow_Leaf_Curl_Virus
img_1a5ee747.jpg,Grape___Esca_(Black_Measles)
img_006038a8.jpg,Grape___Esca_(Black_Measles)
img_7b7b7c37.jpg,Apple___healthy
img_a305e6d4.jpg,Tomato___Tomato_Yellow_Leaf_Curl_Virus
img_924d18d7.jpg,Tomato___Late_blight
img_20cd0e96.jpg,Soybean___healthy
img_837e06e4.jpg,Orange___Haunglongbing_(Citrus_greening)
img_aae3f96b.jpg,Grape___Esca_(Black_Measles)
img_d3588baf.jpg,"Pepper,_bell___Bacterial_spot"
img_1897b32a.jpg,Tomato___Spider_mites Two-spotted_spider_mite
img_d4c9e854.jpg,Tomato___healthy
img_0f39b3a2.jpg,"Pepper,_bell___healthy"
img_30f2b11a.jpg,Tomato___Septoria_leaf_spot
img_6b633fb9.jpg,Tomato___Septoria_leaf_spot
img_48495b6e.jpg,"Pepper,_bell___healthy"
img_884a7693.jpg,Tomato___Septoria_leaf_spot
img_74956e80.jpg,Tomato___Bacterial_spot
img_c7fa3725.jpg,Potato___Late_blight
img_0541c395.jpg,Soybean___healthy
img_5eec26a6.jpg,Soybean___healthy
img_5907cfa8.jpg,Soybean___healthy
img_41164971.jpg,Peach___Bacterial_spot
img_7d4104b5.jpg,Soybean___healthy
img_58611197.jpg,"Pepper,_bell___healthy"
img_cea81456.jpg,Corn_(maize)___Cercospora_leaf_spot Gray_leaf_spot
img_396f57c7.jpg,Tomato___Tomato_Yellow_Leaf_Curl_Virus
img_8f900c4f.jpg,Tomato___healthy
img_adba921f.jpg,Soybean___healthy
img_4042e3c9.jpg,Corn_(maize)___Northern_Leaf_Blight
img_53474ba7.jpg,Soybean___healthy
img_b0972f8d.jpg,Tomato___Target_Spot
img_151e30ed.jpg,Blueberry___healthy
img_ae877e81.jpg,Tomato___Target_Spot
img_c026bb20.jpg,Corn_(maize)___healthy
img_0b45da8b.jpg,Tomato___Septoria_leaf_spot
img_52de9054.jpg,Tomato___healthy
img_5cadd9cb.jpg,Cherry_(including_sour)___Powdery_mildew
img_8c74d32e.jpg,"Pepper,_bell___Bacterial_spot"
img_887d356e.jpg,Corn_(maize)___Common_rust_
img_400a1e66.jpg,Orange___Haunglongbing_(Citrus_greening)
img_b30ae5ba.jpg,Orange___Haunglongbing_(Citrus_greening)
img_4d880d87.jpg,Soybean___healthy
img_9cfdd1ee.jpg,Tomato___Early_blight
img_bcb22f2f.jpg,Tomato___healthy
img_1897b714.jpg,"Pepper,_bell___healthy"
img_8bdfabe1.jpg,Apple___healthy
img_72af0c29.jpg,Potato___Early_blight
img_c8bc2b61.jpg,Soybean___healthy
img_f4cf062a.jpg,Tomato___Septoria_leaf_spot
img_064f3134.jpg,Grape___Leaf_blight_(Isariopsis_Leaf_Spot)
img_a40908e6.jpg,Tomato___healthy
img_abc09f1c.jpg,Tomato___Spider_mites Two-spotted_spider_mite
img_a13fe953.jpg,Orange___Haunglongbing_(Citrus_greening)
img_cb9aab14.jpg,Strawberry___healthy
img_288dea0c.jpg,"Pepper,_bell___healthy"
img_11636d1b.jpg,Peach___Bacterial_spot
img_caa0fb37.jpg,Soybean___healthy
img_d916f961.jpg,Soybean___healthy
img_b502e992.jpg,Tomato___healthy
img_f8b0e8c5.jpg,Grape___Black_rot
img_2ac5416b.jpg,Grape___Leaf_blight_(Isariopsis_Leaf_Spot)
img_691fdec0.jpg,Peach___Bacterial_spot
img_c8940f09.jpg,Orange___Haunglongbing_(Citrus_greening)
img_dfd734ce.jpg,Grape___healthy
img_44c1a5d7.jpg,Tomato___Tomato_Yellow_Leaf_Curl_Virus
img_1fae0aad.jpg,Tomato___Tomato_Yellow_Leaf_Curl_Virus
img_81dd5dc2.jpg,Tomato___Tomato_Yellow_Leaf_Curl_Virus
img_399bb4d8.jpg,Tomato___healthy
img_6d283ecd.jpg,Peach___Bacterial_spot
img_221aa896.jpg,Tomato___Bacterial_spot
img_8916edae.jpg,"Pepper,_bell___Bacterial_spot"
img_58d003c9.jpg,Soybean___healthy
img_e21caab0.jpg,Blueberry___healthy
img_962f2416.jpg,Potato___Late_blight
img_392e3e92.jpg,Corn_(maize)___Cercospora_leaf_spot Gray_leaf_spot
img_1b82f2fb.jpg,"Pepper,_bell___Bacterial_spot"
img_1ccea43d.jpg,Tomato___Leaf_Mold
img_0b324fa8.jpg,Orange___Haunglongbing_(Citrus_greening)
img_1c327336.jpg,Tomato___Late_blight
img_a1af95c8.jpg,Tomato___Bacterial_spot
img_1cc99095.jpg,Tomato___Leaf_Mold
img_2ae88f30.jpg,Soybean___healthy
img_e6015396.jpg,Tomato___Septoria_leaf_spot
img_4e38da25.jpg,Tomato___Leaf_Mold
img_12074e79.jpg,Apple___healthy
img_8682ea27.jpg,"Pepper,_bell___Bacterial_spot"
img_d4cea62d.jpg,Orange___Haunglongbing_(Citrus_greening)
img_fe9469d8.jpg,Tomato___Late_blight
img_ac188393.jpg,Apple___Cedar_apple_rust
img_ada2c11e.jpg,Tomato___healthy
img_eaf028f6.jpg,Corn_(maize)___Cercospora_leaf_spot Gray_leaf_spot
img_1377e936.jpg,Corn_(maize)___Northern_Leaf_Blight
img_0bc106c4.jpg,Apple___healthy
img_7f5a3a31.jpg,Soybean___healthy
img_ea9879cf.jpg,Tomato___Tomato_Yellow_Leaf_Curl_Virus
img_b84b8522.jpg,Orange___Haunglongbing_(Citrus_greening)
img_1bb35300.jpg,Tomato___Septoria_leaf_spot
img_995116e0.jpg,Soybean___healthy
img_c8557cd3.jpg,Tomato___healthy
img_b2801cf9.jpg,Apple___Apple_scab
img_3f71bf2b.jpg,Tomato___Bacterial_spot
img_41c4969a.jpg,Grape___Leaf_blight_(Isariopsis_Leaf_Spot)
img_2bec2fc2.jpg,Tomato___Target_Spot
img_4e1d83a6.jpg,Corn_(maize)___Common_rust_
img_090bf937.jpg,Blueberry___healthy
img_3de6515c.jpg,Apple___healthy
img_cb805211.jpg,Corn_(maize)___healthy
img_8c5befb0.jpg,Tomato___Septoria_leaf_spot
img_456a5cac.jpg,Tomato___Bacterial_spot
img_0778bf36.jpg,Tomato___Tomato_Yellow_Leaf_Curl_Virus
img_b4d37adf.jpg,Orange___Haunglongbing_(Citrus_greening)
img_cd0aa2ce.jpg,Tomato___Tomato_Yellow_Leaf_Curl_Virus
img_38c36f73.jpg,Tomato___Spider_mites Two-spotted_spider_mite
img_3b58c988.jpg,Tomato___Bacterial_spot
img_ccbe7259.jpg,Corn_(maize)___Common_rust_
img_9ff48125.jpg,Orange___Haunglongbing_(Citrus_greening)
img_6c2b09e5.jpg,Blueberry___healthy
img_929b231a.jpg,Grape___Black_rot
img_68f24cd4.jpg,"Pepper,_bell___healthy"
img_8f6118b7.jpg,Tomato___Late_blight
img_b381c09e.jpg,Potato___healthy
img_184bf945.jpg,Tomato___healthy
img_7f3f5773.jpg,Tomato___Target_Spot
img_3ac31137.jpg,Orange___Haunglongbing_(Citrus_greening)
img_31c9c6fc.jpg,Soybean___healthy
img_3020be41.jpg,Tomato___healthy
img_7a15d7d9.jpg,"Pepper,_bell___healthy"
img_e724b14d.jpg,"Pepper,_bell___healthy"
img_ce4e13bc.jpg,Soybean___healthy
img_b2d2de27.jpg,Tomato___Bacterial_spot
img_42982b4b.jpg,Corn_(maize)___Common_rust_
img_a2094312.jpg,Tomato___Tomato_Yellow_Leaf_Curl_Virus
img_b7b8a27c.jpg,Orange___Haunglongbing_(Citrus_greening)
img_19b4d526.jpg,Orange___Haunglongbing_(Citrus_greening)
img_55e022c1.jpg,Tomato___Target_Spot
img_c8275288.jpg,Grape___Black_rot
img_8234df48.jpg,Orange___Haunglongbing_(Citrus_greening)
img_d18c2698.jpg,Tomato___Bacterial_spot
img_3d8dac19.jpg,Tomato___Late_blight
img_92a80e34.jpg,"Pepper,_bell___healthy"
img_eb2ecc0e.jpg,Squash___Powdery_mildew
img_5d7a17ac.jpg,Tomato___Tomato_Yellow_Leaf_Curl_Virus
img_9b954c31.jpg,Corn_(maize)___Northern_Leaf_Blight
img_a2d8ebbf.jpg,Tomato___Target_Spot
img_30a3477d.jpg,Tomato___Spider_mites Two-spotted_spider_mite
img_27a15d58.jpg,Blueberry___healthy
img_0653bca3.jpg,Tomato___Late_blight
img_c95a3253.jpg,"Pepper,_bell___Bacterial_spot"
img_2fd6f583.jpg,Orange___Haunglongbing_(Citrus_greening)
img_a972e741.jpg,Tomato___Tomato_Yellow_Leaf_Curl_Virus
img_3c14f6d4.jpg,Peach___Bacterial_spot
img_b8b8c508.jpg,"Pepper,_bell___healthy"
img_7bb1cc5b.jpg,Soybean___healthy
img_5b07f30c.jpg,Orange___Haunglongbing_(Citrus_greening)
img_feddb0cf.jpg,Tomato___Late_blight
img_28026e04.jpg,Apple___Black_rot
img_e19caa23.jpg,Tomato___Early_blight
img_80eb9b5f.jpg,Tomato___healthy
img_a640a091.jpg,Orange___Haunglongbing_(Citrus_greening)
img_7b39ae64.jpg,Apple___Black_rot
img_8b35b653.jpg,Orange___Haunglongbing_(Citrus_greening)
img_290fc3b2.jpg,Corn_(maize)___Common_rust_
img_6c533d9d.jpg,Orange___Haunglongbing_(Citrus_greening)
img_629c7908.jpg,Tomato___healthy
img_a5c489e0.jpg,Soybean___healthy
img_8e23851f.jpg,Tomato___Late_blight
img_5bc2b25e.jpg,Corn_(maize)___Northern_Leaf_Blight
img_f49aa280.jpg,Corn_(maize)___healthy
img_2b99594d.jpg,Apple___Black_rot
img_c8daff04.jpg,Tomato___Target_Spot
img_83276948.jpg,Apple___healthy
img_4cbfd6c4.jpg,Orange___Haunglongbing_(Citrus_greening)
img_91ce61c7.jpg,Tomato___Tomato_Yellow_Leaf_Curl_Virus
img_716b2777.jpg,Grape___Black_rot
img_1050db5a.jpg,Apple___healthy
img_8a6e5e84.jpg,Tomato___Tomato_mosaic_virus
img_ff2729fc.jpg,Tomato___Tomato_Yellow_Leaf_Curl_Virus
img_6f9ea70b.jpg,Corn_(maize)___Cercospora_leaf_spot Gray_leaf_spot
img_5670928c.jpg,Tomato___Target_Spot
img_10b6d698.jpg,Soybean___healthy
img_37a5fbe3.jpg,Tomato___Tomato_Yellow_Leaf_Curl_Virus
img_660fa5cf.jpg,Tomato___Tomato_Yellow_Leaf_Curl_Virus
img_60441003.jpg,Grape___Leaf_blight_(Isariopsis_Leaf_Spot)
img_b8eb0f70.jpg,Orange___Haunglongbing_(Citrus_greening)
img_007a8673.jpg,"Pepper,_bell___healthy"
img_e36bb5f5.jpg,Orange___Haunglongbing_(Citrus_greening)
img_49ba5269.jpg,Grape___Esca_(Black_Measles)
img_56c90760.jpg,Tomato___Early_blight
img_c69ad239.jpg,Tomato___Septoria_leaf_spot
img_2ddcead4.jpg,Grape___Leaf_blight_(Isariopsis_Leaf_Spot)
img_35e0f23b.jpg,Tomato___Leaf_Mold
img_9caf1ae7.jpg,Tomato___Leaf_Mold
img_cc2f9885.jpg,Apple___healthy
img_35c11cdd.jpg,Apple___healthy
img_742927de.jpg,Tomato___Bacterial_spot
img_43a3a7e9.jpg,Tomato___Spider_mites Two-spotted_spider_mite
img_50d6275d.jpg,Cherry_(including_sour)___healthy
img_a7e98670.jpg,Tomato___Late_blight
img_353c552b.jpg,Soybean___healthy
img_a88db3ad.jpg,"Pepper,_bell___healthy"
img_78619978.jpg,Grape___Black_rot
img_b45003bb.jpg,Corn_(maize)___Northern_Leaf_Blight
img_dcf10bcd.jpg,Apple___healthy
img_190bf427.jpg,Peach___healthy
img_f5252428.jpg,Corn_(maize)___Common_rust_
img_41d72aa7.jpg,Corn_(maize)___Northern_Leaf_Blight
img_0032dd5d.jpg,Tomato___Septoria_leaf_spot
img_b334c969.jpg,Corn_(maize)___healthy
img_2dbbff22.jpg,Peach___Bacterial_spot
img_63225e52.jpg,Potato___Late_blight
img_863458a2.jpg,Tomato___Tomato_Yellow_Leaf_Curl_Virus
img_ea110a69.jpg,Tomato___Leaf_Mold
img_15a40948.jpg,Soybean___healthy
img_a3c00e96.jpg,Corn_(maize)___healthy
img_28de6ff4.jpg,Tomato___Leaf_Mold
img_f9cbff31.jpg,Tomato___Bacterial_spot
img_63acde47.jpg,Soybean___healthy
img_05f88f20.jpg,Tomato___healthy
img_e7e76ffc.jpg,Potato___Early_blight
img_b7619d86.jpg,Soybean___healthy
img_9fd425b0.jpg,Apple___healthy
img_ca1d6d74.jpg,Potato___Late_blight
img_21052ff5.jpg,Tomato___Target_Spot
img_093ac801.jpg,Tomato___healthy
img_7595a175.jpg,Apple___Black_rot
img_a22e4d31.jpg,Blueberry___healthy
img_3fed9332.jpg,Tomato___healthy
img_552776ee.jpg,Tomato___Spider_mites Two-spotted_spider_mite
img_696438a2.jpg,Tomato___healthy
img_605af552.jpg,Strawberry___healthy
img_77af7d46.jpg,Corn_(maize)___Northern_Leaf_Blight
img_07d39265.jpg,Cherry_(including_sour)___Powdery_mildew
img_2897b772.jpg,Tomato___Late_blight
img_2217bf92.jpg,Strawberry___healthy
img_e794ebf2.jpg,Cherry_(including_sour)___healthy
img_291bb02d.jpg,Grape___Black_rot
img_3693a5da.jpg,Tomato___Tomato_Yellow_Leaf_Curl_Virus
img_12fc2619.jpg,Tomato___Late_blight
img_e1698c01.jpg,Orange___Haunglongbing_(Citrus_greening)
img_a73d92ea.jpg,Orange___Haunglongbing_(Citrus_greening)
img_6b3448b5.jpg,Orange___Haunglongbing_(Citrus_greening)
img_490be173.jpg,Corn_(maize)___Northern_Leaf_Blight
img_be543736.jpg,"Pepper,_bell___Bacterial_spot"
img_93b931c2.jpg,"Pepper,_bell___Bacterial_spot"
img_c907424c.jpg,Orange___Haunglongbing_(Citrus_greening)
img_7d298a6d.jpg,Tomato___Tomato_Yellow_Leaf_Curl_Virus
img_b9403724.jpg,Orange___Haunglongbing_(Citrus_greening)
img_13e350a8.jpg,Tomato___Tomato_Yellow_Leaf_Curl_Virus
img_603ccd91.jpg,Tomato___Early_blight
img_9e8e8f86.jpg,Orange___Haunglongbing_(Citrus_greening)
img_b1b436ce.jpg,Soybean___healthy
img_45104bb2.jpg,Tomato___Bacterial_spot
img_a57a1e51.jpg,Corn_(maize)___Cercospora_leaf_spot Gray_leaf_spot
img_8edb3344.jpg,Tomato___Tomato_Yellow_Leaf_Curl_Virus
img_9b68899b.jpg,Apple___healthy
img_ff2b30b2.jpg,Tomato___Spider_mites Two-spotted_spider_mite
img_b93d5bd2.jpg,Tomato___Bacterial_spot
img_1d50d917.jpg,Tomato___Tomato_Yellow_Leaf_Curl_Virus
img_cd89a9d2.jpg,Blueberry___healthy
img_9d53b65b.jpg,Strawberry___healthy
img_4ab4c4b5.jpg,Tomato___Bacterial_spot
img_2fac3f03.jpg,Grape___Esca_(Black_Measles)
img_3a90b045.jpg,Corn_(maize)___Cercospora_leaf_spot Gray_leaf_spot
img_8de10e6b.jpg,Tomato___Target_Spot
img_b5ec9c1b.jpg,Tomato___Target_Spot
img_3979162c.jpg,Tomato___Target_Spot
img_03e926ac.jpg,Strawberry___healthy
img_5f4d8097.jpg,Tomato___healthy
img_6c041d08.jpg,Tomato___Tomato_Yellow_Leaf_Curl_Virus
img_2cc90efc.jpg,Blueberry___healthy
img_0b283764.jpg,Tomato___Septoria_leaf_spot
img_416c7274.jpg,Tomato___Spider_mites Two-spotted_spider_mite
img_65ffc10d.jpg,Squash___Powdery_mildew
img_8f68d857.jpg,Peach___Bacterial_spot
img_8cc5ca41.jpg,Grape___Black_rot
img_dd714a9b.jpg,Tomato___Early_blight
img_7690521a.jpg,Tomato___Spider_mites Two-spotted_spider_mite
img_efe939f1.jpg,Corn_(maize)___Northern_Leaf_Blight
img_29780de4.jpg,Peach___Bacterial_spot
img_059571bb.jpg,Tomato___Tomato_Yellow_Leaf_Curl_Virus
img_e316b99c.jpg,Blueberry___healthy
img_c5438a1b.jpg,Tomato___Tomato_Yellow_Leaf_Curl_Virus
img_e0feb858.jpg,Corn_(maize)___healthy
img_88cf49c2.jpg,Apple___healthy
img_6f1e8a40.jpg,Potato___Late_blight
img_0eed3b14.jpg,Soybean___healthy
img_77f02234.jpg,Soybean___healthy
img_4af5dd0f.jpg,Tomato___Tomato_Yellow_Leaf_Curl_Virus
img_e2b432c7.jpg,Tomato___Tomato_Yellow_Leaf_Curl_Virus
img_d94a2a9d.jpg,Apple___Apple_scab
img_7679f8de.jpg,Soybean___healthy
img_90e34bb3.jpg,Tomato___healthy
img_7dc441df.jpg,Peach___Bacterial_spot
img_a9662ab7.jpg,Orange___Haunglongbing_(Citrus_greening)
img_5c5a7b63.jpg,Blueberry___healthy
img_6a12634b.jpg,Cherry_(including_sour)___Powdery_mildew
img_adcff1b1.jpg,Soybean___healthy
img_b8c804d3.jpg,Soybean___healthy
img_b5127aa7.jpg,Tomato___Septoria_leaf_spot
img_39077d84.jpg,Corn_(maize)___healthy
img_58c35a64.jpg,Tomato___Tomato_Yellow_Leaf_Curl_Virus
img_e75d86ee.jpg,Tomato___Spider_mites Two-spotted_spider_mite
img_86d58e9e.jpg,Corn_(maize)___Northern_Leaf_Blight
img_dee47248.jpg,Grape___Esca_(Black_Measles)
img_4f9da13d.jpg,Peach___Bacterial_spot
img_f3c8401b.jpg,Tomato___Bacterial_spot
img_173ac890.jpg,Soybean___healthy
img_ee099da3.jpg,Potato___Early_blight
img_81bbab4f.jpg,Orange___Haunglongbing_(Citrus_greening)
img_b8187afe.jpg,Tomato___Septoria_leaf_spot
img_e8896cc9.jpg,Tomato___Early_blight
img_38b69e65.jpg,Corn_(maize)___Northern_Leaf_Blight
img_c3d24380.jpg,Tomato___Tomato_Yellow_Leaf_Curl_Virus
img_5fa828a9.jpg,Orange___Haunglongbing_(Citrus_greening)
img_54a20909.jpg,Squash___Powdery_mildew
img_c0acf917.jpg,Peach___Bacterial_spot
img_c9825c61.jpg,Grape___Leaf_blight_(Isariopsis_Leaf_Spot)
img_8c29a3e7.jpg,Soybean___healthy
img_9d304899.jpg,Tomato___Septoria_leaf_spot
img_05666e2f.jpg,Peach___healthy
img_1398b26a.jpg,Soybean___healthy
img_b5b55cc2.jpg,Cherry_(including_sour)___Powdery_mildew
img_873fe3b0.jpg,Soybean___healthy
img_65359b92.jpg,Apple___healthy
img_c06a34d7.jpg,Squash___Powdery_mildew
img_feb577e5.jpg,Squash___Powdery_mildew
img_aa86661a.jpg,Tomato___Spider_mites Two-spotted_spider_mite
img_80dca903.jpg,Tomato___Spider_mites Two-spotted_spider_mite
img_f22f1494.jpg,Grape___Esca_(Black_Measles)
img_579e7add.jpg,Orange___Haunglongbing_(Citrus_greening)
img_a1339edd.jpg,Potato___Late_blight
img_86c1eabb.jpg,Orange___Haunglongbing_(Citrus_greening)
img_123ef2b9.jpg,Soybean___healthy
img_c6f72db5.jpg,Tomato___Leaf_Mold
img_5945708a.jpg,"Pepper,_bell___Bacterial_spot"
img_7321a99d.jpg,Tomato___Late_blight
img_9e0ddb54.jpg,Strawberry___healthy
img_f876ec64.jpg,Tomato___Bacterial_spot
img_23df21e3.jpg,Peach___healthy
img_df49eda8.jpg,Orange___Haunglongbing_(Citrus_greening)
img_b30aaa05.jpg,Apple___healthy
img_200f7d45.jpg,Tomato___Spider_mites Two-spotted_spider_mite
img_638360c8.jpg,Grape___Black_rot
img_5e9dcbba.jpg,Tomato___Septoria_leaf_spot
img_cb4ab369.jpg,Strawberry___healthy
img_524586b9.jpg,Potato___Early_blight
img_f609fb17.jpg,Orange___Haunglongbing_(Citrus_greening)
img_e4101610.jpg,Squash___Powdery_mildew
img_04cc6381.jpg,Tomato___Spider_mites Two-spotted_spider_mite
img_ede2408f.jpg,"Pepper,_bell___healthy"
img_dc882710.jpg,"Pepper,_bell___healthy"
img_ab8f38ee.jpg,Orange___Haunglongbing_(Citrus_greening)
img_9703ebec.jpg,Grape___healthy
img_ef767ff0.jpg,Tomato___Bacterial_spot
img_59ff8537.jpg,Tomato___Leaf_Mold
img_ca0bd4f4.jpg,Cherry_(including_sour)___Powdery_mildew
img_c8951eff.jpg,Tomato___healthy
img_3c0a68c9.jpg,Potato___Early_blight
img_c606ef6c.jpg,Apple___healthy
img_b4ff7078.jpg,Tomato___Tomato_Yellow_Leaf_Curl_Virus
img_a4052924.jpg,Potato___Late_blight
img_f21a1f0f.jpg,Corn_(maize)___healthy
img_0f736faa.jpg,Orange___Haunglongbing_(Citrus_greening)
img_6ece6abf.jpg,Tomato___Late_blight
img_ef851220.jpg,Tomato___Late_blight
img_ee7b3824.jpg,Tomato___Tomato_Yellow_Leaf_Curl_Virus
img_9a5a8bc3.jpg,Apple___healthy
img_4239d8b4.jpg,Potato___Early_blight
img_b6dcbd2e.jpg,Soybean___healthy
img_656b59a0.jpg,Corn_(maize)___healthy
img_2910a1ea.jpg,Peach___Bacterial_spot
img_6bdde08e.jpg,Grape___Esca_(Black_Measles)
img_7478387a.jpg,Apple___healthy
img_1e5f9966.jpg,Tomato___Spider_mites Two-spotted_spider_mite
img_9fb9433d.jpg,Cherry_(including_sour)___Powdery_mildew
img_d2c97cab.jpg,Raspberry___healthy
img_cc32b5d2.jpg,"Pepper,_bell___Bacterial_spot"
img_b0376d82.jpg,Tomato___Septoria_leaf_spot
img_4a7e62d1.jpg,Tomato___Late_blight
img_11e4c049.jpg,Tomato___Septoria_leaf_spot
img_dabb04a7.jpg,Potato___Early_blight
img_512b8ea8.jpg,Tomato___Septoria_leaf_spot
img_99e3bf14.jpg,Squash___Powdery_mildew
img_4ff4123c.jpg,Corn_(maize)___Cercospora_leaf_spot Gray_leaf_spot
img_289ed392.jpg,Apple___Apple_scab
img_dcbc42c6.jpg,Tomato___healthy
img_74e424bd.jpg,Orange___Haunglongbing_(Citrus_greening)
img_38f142f8.jpg,Strawberry___Leaf_scorch
img_2129b44e.jpg,"Pepper,_bell___healthy"
img_92dfc7ef.jpg,Corn_(maize)___Northern_Leaf_Blight
img_5cb048ab.jpg,"Pepper,_bell___Bacterial_spot"
img_ec7c8e72.jpg,Tomato___Late_blight
img_f2aca14c.jpg,Tomato___Tomato_Yellow_Leaf_Curl_Virus
img_420a0454.jpg,Orange___Haunglongbing_(Citrus_greening)
img_f79affb6.jpg,Potato___Early_blight
img_48f373d5.jpg,Tomato___Bacterial_spot
img_4ed2dde4.jpg,Soybean___healthy
img_f84921a9.jpg,Grape___Leaf_blight_(Isariopsis_Leaf_Spot)
img_37c7a9a6.jpg,Grape___Black_rot
img_8b9d5847.jpg,Tomato___Late_blight
img_206c64c1.jpg,Corn_(maize)___Common_rust_
img_0c3cfc0a.jpg,Soybean___healthy
img_0fe774a4.jpg,Peach___Bacterial_spot
img_5f6c14c3.jpg,Tomato___Tomato_Yellow_Leaf_Curl_Virus
img_8ac351f7.jpg,Tomato___Septoria_leaf_spot
img_c33c6b9e.jpg,Soybean___healthy
img_a60ed589.jpg,"Pepper,_bell___healthy"
img_c61a2075.jpg,Grape___Esca_(Black_Measles)
img_6ba24603.jpg,Peach___Bacterial_spot
img_c5a901c4.jpg,Tomato___Tomato_Yellow_Leaf_Curl_Virus
img_423c21bf.jpg,Tomato___Early_blight
img_dec704c1.jpg,Soybean___healthy
img_c477c063.jpg,Tomato___Septoria_leaf_spot
img_d7be270d.jpg,Tomato___healthy
img_be5b7780.jpg,Peach___Bacterial_spot
img_7209ee5d.jpg,Orange___Haunglongbing_(Citrus_greening)
img_ffb8f1b5.jpg,Cherry_(including_sour)___Powdery_mildew
img_ca0013d4.jpg,Tomato___Late_blight
img_96256c27.jpg,Strawberry___healthy
img_842d6b53.jpg,Corn_(maize)___healthy
img_ec3d38ec.jpg,Tomato___Leaf_Mold
img_888a7703.jpg,Corn_(maize)___Cercospora_leaf_spot Gray_leaf_spot
img_594cf0af.jpg,Grape___Esca_(Black_Measles)
img_fa87f1d4.jpg,Grape___Esca_(Black_Measles)
img_ea6f1129.jpg,Corn_(maize)___healthy
img_b291a498.jpg,Tomato___Tomato_Yellow_Leaf_Curl_Virus
img_8fc1065a.jpg,Apple___healthy
img_859005ba.jpg,Tomato___Tomato_Yellow_Leaf_Curl_Virus
img_bda3550e.jpg,Orange___Haunglongbing_(Citrus_greening)
img_7d190270.jpg,Potato___Late_blight
img_7f108e47.jpg,Soybean___healthy
img_3df88152.jpg,Cherry_(including_sour)___healthy
img_76a4084a.jpg,Apple___healthy
img_843d0370.jpg,Tomato___Tomato_Yellow_Leaf_Curl_Virus
img_5b5a66fb.jpg,Corn_(maize)___Common_rust_
img_ea406944.jpg,"Pepper,_bell___Bacterial_spot"
img_9bbd7853.jpg,"Pepper,_bell___Bacterial_spot"
img_dfdab90b.jpg,Potato___Early_blight
img_85d1bafe.jpg,Soybean___healthy
img_94ca26fa.jpg,Tomato___Tomato_Yellow_Leaf_Curl_Virus
img_395f55e6.jpg,Peach___healthy
img_b0e89292.jpg,Tomato___Target_Spot
img_530471c9.jpg,Tomato___Leaf_Mold
img_8e2f0a70.jpg,Tomato___Leaf_Mold
img_461f4f5d.jpg,Tomato___Spider_mites Two-spotted_spider_mite
img_c36102e4.jpg,Apple___Apple_scab
img_36ff1d61.jpg,Tomato___Bacterial_spot
img_557e353d.jpg,Potato___Late_blight
img_b9a89d77.jpg,Tomato___Target_Spot
img_03e78665.jpg,Orange___Haunglongbing_(Citrus_greening)
img_a08ecac5.jpg,Soybean___healthy
img_02bf4ad5.jpg,Strawberry___Leaf_scorch
img_072acb04.jpg,Orange___Haunglongbing_(Citrus_greening)
img_ed8f92f0.jpg,Corn_(maize)___Northern_Leaf_Blight
img_3340fbd9.jpg,Tomato___Bacterial_spot
img_469bce83.jpg,"Pepper,_bell___healthy"
img_0db08025.jpg,Orange___Haunglongbing_(Citrus_greening)
img_ee6d5a82.jpg,Orange___Haunglongbing_(Citrus_greening)
img_d69defe6.jpg,Apple___Apple_scab
img_f135a756.jpg,Apple___healthy
img_506c0bfd.jpg,Tomato___Leaf_Mold
img_8bf1ecb8.jpg,Tomato___Tomato_Yellow_Leaf_Curl_Virus
img_ab4ab8f2.jpg,Strawberry___Leaf_scorch
img_668f462c.jpg,Grape___Black_rot
img_9ace36c9.jpg,Cherry_(including_sour)___healthy
img_50517ab0.jpg,Peach___Bacterial_spot
img_3e8a0ad5.jpg,Tomato___Bacterial_spot
img_46d614ff.jpg,Corn_(maize)___Common_rust_
img_b4772f8c.jpg,Soybean___healthy
img_98928dc2.jpg,Soybean___healthy
img_9a96969f.jpg,Orange___Haunglongbing_(Citrus_greening)
img_a9126447.jpg,Tomato___Leaf_Mold
img_f66bf93f.jpg,Tomato___Spider_mites Two-spotted_spider_mite
img_d41fe1a6.jpg,Tomato___Tomato_mosaic_virus
img_7c8d121d.jpg,Orange___Haunglongbing_(Citrus_greening)
img_72862b69.jpg,Corn_(maize)___healthy
img_904566f8.jpg,Tomato___Tomato_Yellow_Leaf_Curl_Virus
img_579d89e8.jpg,Grape___Esca_(Black_Measles)
img_2dfb263f.jpg,Soybean___healthy
img_bc2657c9.jpg,Tomato___healthy
img_56036fc9.jpg,Grape___Black_rot
img_af9a4f07.jpg,Soybean___healthy
img_399a00b6.jpg,Soybean___healthy
img_833f514d.jpg,Tomato___Tomato_Yellow_Leaf_Curl_Virus
img_0512cb45.jpg,Soybean___healthy
img_bd826f8f.jpg,Tomato___Target_Spot
img_d8072f49.jpg,Tomato___Bacterial_spot
img_b69c451f.jpg,Tomato___Septoria_leaf_spot
img_4fe02cd6.jpg,Tomato___Tomato_mosaic_virus
img_a7e4ecd1.jpg,Corn_(maize)___Common_rust_
img_85d64bd4.jpg,Tomato___Bacterial_spot
img_eb022a81.jpg,Cherry_(including_sour)___Powdery_mildew
img_4303973e.jpg,Cherry_(including_sour)___Powdery_mildew
img_bfc3c4a3.jpg,Soybean___healthy
img_2a0b3ccc.jpg,Squash___Powdery_mildew
img_37cd7226.jpg,Tomato___Septoria_leaf_spot
img_880d7f94.jpg,Blueberry___healthy
img_c1411344.jpg,Corn_(maize)___healthy
img_47664618.jpg,Strawberry___Leaf_scorch
img_d14e13b7.jpg,Tomato___Septoria_leaf_spot
img_278c3953.jpg,Peach___Bacterial_spot
img_01b2987a.jpg,Tomato___Target_Spot
img_96ac16bd.jpg,Tomato___Spider_mites Two-spotted_spider_mite
img_6233d086.jpg,Orange___Haunglongbing_(Citrus_greening)
img_cb8ec44d.jpg,Squash___Powdery_mildew
img_38e7684c.jpg,Cherry_(including_sour)___Powdery_mildew
img_d214cba1.jpg,Tomato___Tomato_Yellow_Leaf_Curl_Virus
img_15966d67.jpg,"Pepper,_bell___healthy"
img_d62ff854.jpg,Apple___healthy
img_21f6d046.jpg,Tomato___Late_blight
img_492ea2b5.jpg,Apple___healthy
img_3d677304.jpg,Soybean___healthy
img_286ca96d.jpg,"Pepper,_bell___healthy"
img_6c05f92a.jpg,Tomato___Spider_mites Two-spotted_spider_mite
img_60d8db09.jpg,Squash___Powdery_mildew
img_5f49bdf5.jpg,Corn_(maize)___Northern_Leaf_Blight
img_1c29a725.jpg,Raspberry___healthy
img_5db9c84c.jpg,Tomato___Bacterial_spot
img_8f1d55e4.jpg,Potato___Late_blight
img_f0d0ef41.jpg,Strawberry___Leaf_scorch
img_031e5256.jpg,Cherry_(including_sour)___healthy
img_d54fe543.jpg,Apple___Black_rot
img_79801ea9.jpg,Blueberry___healthy
img_6ff9b63b.jpg,Tomato___Septoria_leaf_spot
img_8a5cef24.jpg,Corn_(maize)___healthy
img_d93acbb1.jpg,Tomato___Tomato_Yellow_Leaf_Curl_Virus
img_d26d5994.jpg,Tomato___Late_blight
img_8a048407.jpg,Grape___Black_rot
img_c17c8ad5.jpg,Tomato___Late_blight
img_1374842d.jpg,Orange___Haunglongbing_(Citrus_greening)
img_dac858fb.jpg,Apple___healthy
img_752ef6ae.jpg,Tomato___Late_blight
img_e3f5c676.jpg,Soybean___healthy
img_6f82438d.jpg,Cherry_(including_sour)___Powdery_mildew
img_f2ab67c9.jpg,Tomato___Target_Spot
img_34c550c4.jpg,Soybean___healthy
img_00785b1a.jpg,Tomato___Tomato_Yellow_Leaf_Curl_Virus
img_b13e37ba.jpg,"Pepper,_bell___Bacterial_spot"
img_8a40dc27.jpg,Grape___Esca_(Black_Measles)
img_debd1769.jpg,Peach___healthy
img_e0942ce2.jpg,Peach___Bacterial_spot
img_a9ae0611.jpg,Tomato___Septoria_leaf_spot
img_3d69ae1c.jpg,Apple___Apple_scab
img_b47f893f.jpg,Soybean___healthy
img_f92edb9e.jpg,Corn_(maize)___Northern_Leaf_Blight
img_b4719690.jpg,"Pepper,_bell___healthy"
img_a6e05334.jpg,Grape___Esca_(Black_Measles)
img_9aa0ec22.jpg,"Pepper,_bell___healthy"
img_0b2ca828.jpg,Tomato___Tomato_Yellow_Leaf_Curl_Virus
img_82245bf0.jpg,Tomato___Tomato_Yellow_Leaf_Curl_Virus
img_cf84008c.jpg,Tomato___Early_blight
img_4ea42470.jpg,Apple___healthy
img_d90f664b.jpg,Apple___healthy
img_397fd32b.jpg,Tomato___Late_blight
img_1043ff61.jpg,Apple___healthy
img_e1e5ce1c.jpg,Apple___Apple_scab
img_3dae3c99.jpg,Peach___Bacterial_spot
img_2fdd211c.jpg,Corn_(maize)___Common_rust_
img_e858f42a.jpg,Orange___Haunglongbing_(Citrus_greening)
img_24fde2f2.jpg,Tomato___Tomato_Yellow_Leaf_Curl_Virus
img_a99201b6.jpg,Orange___Haunglongbing_(Citrus_greening)
img_96b36c09.jpg,Blueberry___healthy
img_8ef1d285.jpg,Strawberry___healthy
img_96159dba.jpg,Orange___Haunglongbing_(Citrus_greening)
img_806a1510.jpg,Orange___Haunglongbing_(Citrus_greening)
img_6e625edd.jpg,Tomato___Tomato_Yellow_Leaf_Curl_Virus
img_895d2c9b.jpg,Tomato___Tomato_Yellow_Leaf_Curl_Virus
img_cab9e10c.jpg,Soybean___healthy
img_bf5cac3b.jpg,Tomato___Bacterial_spot
img_762b1514.jpg,Apple___Black_rot
img_65dac943.jpg,Tomato___Bacterial_spot
img_75b101d3.jpg,Peach___Bacterial_spot
img_30e6fb25.jpg,Tomato___Late_blight
img_52f70df7.jpg,Tomato___Late_blight
img_9b9faac6.jpg,Peach___Bacterial_spot
img_1e14a5fe.jpg,Corn_(maize)___healthy
img_b44fbfb6.jpg,Corn_(maize)___healthy
img_9a6aaafa.jpg,Grape___Esca_(Black_Measles)
img_080a8d15.jpg,Cherry_(including_sour)___Powdery_mildew
img_afd439ca.jpg,Orange___Haunglongbing_(Citrus_greening)
img_2508eca7.jpg,Tomato___Septoria_leaf_spot
img_a81ba9d0.jpg,Tomato___Tomato_Yellow_Leaf_Curl_Virus
img_a48aa985.jpg,Orange___Haunglongbing_(Citrus_greening)
img_d38ec1ea.jpg,Grape___Esca_(Black_Measles)
img_ccd99896.jpg,Grape___Leaf_blight_(Isariopsis_Leaf_Spot)
img_5185af1c.jpg,Squash___Powdery_mildew
img_53902de6.jpg,Apple___healthy
img_7b4ee1fb.jpg,Cherry_(including_sour)___Powdery_mildew
img_3c94215c.jpg,Tomato___Tomato_Yellow_Leaf_Curl_Virus
img_caa380b6.jpg,Orange___Haunglongbing_(Citrus_greening)
img_3047f5db.jpg,Tomato___Target_Spot
img_bd327cb3.jpg,Blueberry___healthy
img_54580eb0.jpg,Orange___Haunglongbing_(Citrus_greening)
img_56a53bf5.jpg,Peach___Bacterial_spot
img_4167603c.jpg,Grape___Black_rot
img_00a1b484.jpg,Soybean___healthy
img_bc55b8f0.jpg,Tomato___Target_Spot
img_a0ee86d4.jpg,Corn_(maize)___Common_rust_
img_3c7d935b.jpg,Tomato___Tomato_Yellow_Leaf_Curl_Virus
img_7a3031b9.jpg,Strawberry___healthy
img_9eb5bac3.jpg,Tomato___healthy
img_fd8caacf.jpg,Grape___Esca_(Black_Measles)
img_f1f56ede.jpg,Tomato___Spider_mites Two-spotted_spider_mite
img_95149473.jpg,Soybean___healthy
img_590e9ac5.jpg,Grape___Leaf_blight_(Isariopsis_Leaf_Spot)
img_edd098c9.jpg,Soybean___healthy
img_bdfe0abb.jpg,"Pepper,_bell___Bacterial_spot"
img_05a59d10.jpg,Potato___Late_blight
img_ca217a00.jpg,Grape___Leaf_blight_(Isariopsis_Leaf_Spot)
img_9299143c.jpg,Tomato___Septoria_leaf_spot
img_265aea85.jpg,Peach___Bacterial_spot
img_6e79704e.jpg,Corn_(maize)___healthy
img_8012f4a3.jpg,Tomato___Target_Spot
img_87a81680.jpg,Tomato___Tomato_Yellow_Leaf_Curl_Virus
img_3dbd9e1a.jpg,Tomato___Tomato_Yellow_Leaf_Curl_Virus
img_a269f09c.jpg,Peach___Bacterial_spot
img_e04b83f1.jpg,Apple___healthy
img_3b896ee1.jpg,Apple___healthy
img_fb49e06f.jpg,Squash___Powdery_mildew
img_d2b861de.jpg,Tomato___Bacterial_spot
img_22625f0d.jpg,Apple___healthy
img_c3541a11.jpg,Apple___Apple_scab
img_a62658ab.jpg,Tomato___Tomato_Yellow_Leaf_Curl_Virus
img_66b97b5b.jpg,Tomato___Spider_mites Two-spotted_spider_mite
img_b0f3be04.jpg,"Pepper,_bell___healthy"
img_00928caf.jpg,Soybean___healthy
img_c9fb2e9f.jpg,Grape___Esca_(Black_Measles)
img_888285af.jpg,Tomato___Tomato_Yellow_Leaf_Curl_Virus
img_23c10948.jpg,Squash___Powdery_mildew
img_4d71ad91.jpg,Orange___Haunglongbing_(Citrus_greening)
img_eea5c935.jpg,Orange___Haunglongbing_(Citrus_greening)
img_856a11db.jpg,Tomato___Spider_mites Two-spotted_spider_mite
img_492b6c6f.jpg,Tomato___Septoria_leaf_spot
img_96143cf7.jpg,Orange___Haunglongbing_(Citrus_greening)
img_51869dcd.jpg,Soybean___healthy
img_59bb9b93.jpg,Tomato___Bacterial_spot
img_1b0f5949.jpg,Soybean___healthy
img_d7da676e.jpg,Soybean___healthy
img_5f260063.jpg,Tomato___Leaf_Mold
img_c3fd698c.jpg,Potato___Late_blight
img_c2ebb55a.jpg,Grape___Esca_(Black_Measles)
img_c5b8fb14.jpg,Tomato___Tomato_Yellow_Leaf_Curl_Virus
img_215b8743.jpg,Orange___Haunglongbing_(Citrus_greening)
img_a4ab1507.jpg,Corn_(maize)___Northern_Leaf_Blight
img_ba457718.jpg,Grape___Leaf_blight_(Isariopsis_Leaf_Spot)
img_97fa5b43.jpg,Apple___Apple_scab
img_3bab1781.jpg,Cherry_(including_sour)___Powdery_mildew
img_32918c8a.jpg,Orange___Haunglongbing_(Citrus_greening)
img_07743141.jpg,Tomato___Spider_mites Two-spotted_spider_mite
img_5b3e1232.jpg,Tomato___Tomato_Yellow_Leaf_Curl_Virus
img_9ed412d4.jpg,Tomato___Tomato_Yellow_Leaf_Curl_Virus
img_8e58b669.jpg,Tomato___Septoria_leaf_spot
img_d7cdfaf0.jpg,Tomato___Early_blight
img_9f738d77.jpg,Soybean___healthy
img_36ad58dd.jpg,Tomato___Late_blight
img_7342acba.jpg,Orange___Haunglongbing_(Citrus_greening)
img_53fcb762.jpg,Orange___Haunglongbing_(Citrus_greening)
img_a404c4e5.jpg,Blueberry___healthy
img_51188d70.jpg,Corn_(maize)___Northern_Leaf_Blight
img_9b71a801.jpg,Squash___Powdery_mildew
img_502b2e9d.jpg,Tomato___Late_blight
img_c6f9f37c.jpg,Tomato___Septoria_leaf_spot
img_743e8407.jpg,Tomato___Septoria_leaf_spot
img_53c3348c.jpg,Apple___Black_rot
img_aa7700c4.jpg,Tomato___Bacterial_spot
img_7e372d67.jpg,Grape___Black_rot
img_7602c359.jpg,Orange___Haunglongbing_(Citrus_greening)
img_b4590243.jpg,Soybean___healthy
img_dd87a6a5.jpg,Tomato___healthy
img_8b307ec7.jpg,Cherry_(including_sour)___Powdery_mildew
img_8235bca5.jpg,Strawberry___Leaf_scorch
img_c580c3c2.jpg,Peach___Bacterial_spot
img_ece26e2f.jpg,Squash___Powdery_mildew
img_010e4f7c.jpg,Apple___healthy
img_199b9be4.jpg,Tomato___Tomato_Yellow_Leaf_Curl_Virus
img_5a0bc572.jpg,Tomato___Early_blight
img_27acc958.jpg,Orange___Haunglongbing_(Citrus_greening)
img_ae4c6723.jpg,"Pepper,_bell___Bacterial_spot"
img_30a24fee.jpg,Peach___Bacterial_spot
img_21164a71.jpg,Orange___Haunglongbing_(Citrus_greening)
img_c9e1bb3c.jpg,Orange___Haunglongbing_(Citrus_greening)
img_b8b9b0f2.jpg,Tomato___Tomato_Yellow_Leaf_Curl_Virus
img_e9a1471d.jpg,Strawberry___Leaf_scorch
img_0ab9d6a6.jpg,Cherry_(including_sour)___healthy
img_192208bf.jpg,Corn_(maize)___Northern_Leaf_Blight
img_a38ad6c7.jpg,Strawberry___Leaf_scorch
img_2be9a82f.jpg,Tomato___Spider_mites Two-spotted_spider_mite
img_c92fcc9d.jpg,Tomato___Spider_mites Two-spotted_spider_mite
img_a59f047a.jpg,Orange___Haunglongbing_(Citrus_greening)
img_c3b3cbe1.jpg,"Pepper,_bell___Bacterial_spot"
img_bd4e078c.jpg,other
img_de50a4ed.jpg,other
img_88559e12.jpg,other
img_4118992e.jpg,other
img_64910f2c.jpg,other
img_08cfd116.jpg,other
img_4bb1d32e.jpg,other
img_2ca293ec.jpg,other
img_b67d54eb.jpg,other
img_9daa756b.jpg,other
img_6d4d5993.jpg,other
img_8509bf39.jpg,other
img_67c36195.jpg,other
img_193dee67.jpg,other
img_fae2cbbf.jpg,other
img_048afe64.jpg,other
img_79430b28.jpg,other
img_f73b167d.jpg,other
img_98dbb316.jpg,other
img_4d1f1218.jpg,other
img_0d2fe2df.jpg,other
img_b7b531b0.jpg,other
img_c47059d3.jpg,other
img_47671a25.jpg,other
img_a2dc5b01.jpg,other
img_7773ea00.jpg,other
img_a115bac4.jpg,other
img_adaa722a.jpg,other
img_f33f673c.jpg,other
img_ac3a3574.jpg,other
img_dd2c42ec.jpg,other
img_e3a6919a.jpg,other
img_850c39b0.jpg,other
img_fd4548bc.jpg,other
img_51b8e3d9.jpg,other
img_cd5d1a01.jpg,other
img_6382f40e.jpg,other
img_ca6ec611.jpg,other
img_d2ffae64.jpg,other
img_605dc838.jpg,other
img_556654ea.jpg,other
img_f51e6112.jpg,other
img_3bc36af5.jpg,other
img_1f8aa5c9.jpg,other
img_7ea38638.jpg,other
img_f43034c2.jpg,other
img_6d97910d.jpg,other
img_ca1315b9.jpg,other
img_4dc03ae0.jpg,other
img_9f3d7543.jpg,other
img_b28208c1.jpg,other
img_381335e8.jpg,other
img_f3022aae.jpg,other
img_ee13729b.jpg,other
img_5d1efe7d.jpg,other
img_c41f51f8.jpg,other
img_148e9cfe.jpg,other
img_9797b712.jpg,other
img_ae419ca4.jpg,other
img_25375539.jpg,other
img_75e212ac.jpg,other
img_3c4ae297.jpg,other
img_9a3173be.jpg,other
img_68e8ab0a.jpg,other
img_d017636f.jpg,Corn_(maize)___healthy
img_a6d62a5d.jpg,other
img_a1ab48af.jpg,other
img_4769bd8c.jpg,other
img_49ef97f0.jpg,other
img_08bee30f.jpg,other
img_64cc3ad7.jpg,other
img_d12e0672.jpg,other
img_fcfa7ad5.jpg,other
img_93aa2d87.jpg,other
img_3a240538.jpg,other
img_1bb5b0a7.jpg,other
img_87ba7114.jpg,other
img_4bd16a58.jpg,other
img_19ec53ec.jpg,other
img_8261ad4e.jpg,other
img_d6eaa975.jpg,other
img_59573d00.jpg,other
img_a141f4ae.jpg,other
img_f45cd414.jpg,other
img_27eaf622.jpg,other
img_bf485c91.jpg,other
img_e3707559.jpg,other
img_9410ebd2.jpg,other
img_ba85b7ca.jpg,other
img_213144a3.jpg,other
img_c98bb046.jpg,other
img_55cc65f4.jpg,other
img_3f891171.jpg,other
img_158daf61.jpg,other
img_a2607b8b.jpg,other
img_2501ecbe.jpg,other
img_d0c347b1.jpg,other
img_17d0fd1a.jpg,other
img_611ecf35.jpg,other
img_e8cea2a6.jpg,other
